ISO-10303-21;
HEADER;
FILE_DESCRIPTION(('FreeCAD Model'),'2;1');
FILE_NAME('Open CASCADE Shape Model','2026-08-25T19:25:23',('Author'),(
    ''),'Open CASCADE STEP processor 7.9','FreeCAD','Unknown');
FILE_SCHEMA(('AUTOMOTIVE_DESIGN { 1 0 10303 214 1 1 1 1 }'));
ENDSEC;
DATA;
#1 = APPLICATION_PROTOCOL_DEFINITION('international standard',
  'automotive_design',2000,#2);
#2 = APPLICATION_CONTEXT(
  'core data for automotive mechanical design processes');
#3 = SHAPE_DEFINITION_REPRESENTATION(#4,#10);
#4 = PRODUCT_DEFINITION_SHAPE('','',#5);
#5 = PRODUCT_DEFINITION('design','',#6,#9);
#6 = PRODUCT_DEFINITION_FORMATION('','',#7);
#7 = PRODUCT('12mm Push Button with Cap','12mm Push Button with Cap','',
  (#8));
#8 = PRODUCT_CONTEXT('',#2,'mechanical');
#9 = PRODUCT_DEFINITION_CONTEXT('part definition',#2,'design');
#10 = SHAPE_REPRESENTATION('',(#11,#15,#19),#23);
#11 = AXIS2_PLACEMENT_3D('',#12,#13,#14);
#12 = CARTESIAN_POINT('',(0.,0.,0.));
#13 = DIRECTION('',(0.,0.,1.));
#14 = DIRECTION('',(1.,0.,-0.));
#15 = AXIS2_PLACEMENT_3D('',#16,#17,#18);
#16 = CARTESIAN_POINT('',(0.,0.,0.));
#17 = DIRECTION('',(0.,0.,1.));
#18 = DIRECTION('',(1.,0.,0.));
#19 = AXIS2_PLACEMENT_3D('',#20,#21,#22);
#20 = CARTESIAN_POINT('',(0.,6.5,-4.336808689942E-16));
#21 = DIRECTION('',(0.,0.,1.));
#22 = DIRECTION('',(1.,0.,0.));
#23 = ( GEOMETRIC_REPRESENTATION_CONTEXT(3) 
GLOBAL_UNCERTAINTY_ASSIGNED_CONTEXT((#27)) GLOBAL_UNIT_ASSIGNED_CONTEXT(
(#24,#25,#26)) REPRESENTATION_CONTEXT('Context #1',
  '3D Context with UNIT and UNCERTAINTY') );
#24 = ( LENGTH_UNIT() NAMED_UNIT(*) SI_UNIT(.MILLI.,.METRE.) );
#25 = ( NAMED_UNIT(*) PLANE_ANGLE_UNIT() SI_UNIT($,.RADIAN.) );
#26 = ( NAMED_UNIT(*) SI_UNIT($,.STERADIAN.) SOLID_ANGLE_UNIT() );
#27 = UNCERTAINTY_MEASURE_WITH_UNIT(LENGTH_MEASURE(1.E-07),#24,
  'distance_accuracy_value','confusion accuracy');
#28 = PRODUCT_RELATED_PRODUCT_CATEGORY('part',$,(#7));
#29 = SHAPE_DEFINITION_REPRESENTATION(#30,#36);
#30 = PRODUCT_DEFINITION_SHAPE('','',#31);
#31 = PRODUCT_DEFINITION('design','',#32,#35);
#32 = PRODUCT_DEFINITION_FORMATION('','',#33);
#33 = PRODUCT('12mm Push Button007','12mm Push Button007','',(#34));
#34 = PRODUCT_CONTEXT('',#2,'mechanical');
#35 = PRODUCT_DEFINITION_CONTEXT('part definition',#2,'design');
#36 = SHAPE_REPRESENTATION('',(#11,#37,#41,#45,#49,#53,#57,#61),#65);
#37 = AXIS2_PLACEMENT_3D('',#38,#39,#40);
#38 = CARTESIAN_POINT('',(0.,0.,0.));
#39 = DIRECTION('',(0.,0.,1.));
#40 = DIRECTION('',(1.,0.,0.));
#41 = AXIS2_PLACEMENT_3D('',#42,#43,#44);
#42 = CARTESIAN_POINT('',(0.,0.,0.));
#43 = DIRECTION('',(0.,0.,1.));
#44 = DIRECTION('',(1.,0.,0.));
#45 = AXIS2_PLACEMENT_3D('',#46,#47,#48);
#46 = CARTESIAN_POINT('',(0.,0.,0.));
#47 = DIRECTION('',(0.,0.,1.));
#48 = DIRECTION('',(1.,0.,0.));
#49 = AXIS2_PLACEMENT_3D('',#50,#51,#52);
#50 = CARTESIAN_POINT('',(0.,0.,0.));
#51 = DIRECTION('',(0.,0.,1.));
#52 = DIRECTION('',(1.,0.,0.));
#53 = AXIS2_PLACEMENT_3D('',#54,#55,#56);
#54 = CARTESIAN_POINT('',(0.,0.,0.));
#55 = DIRECTION('',(0.,0.,1.));
#56 = DIRECTION('',(1.,0.,0.));
#57 = AXIS2_PLACEMENT_3D('',#58,#59,#60);
#58 = CARTESIAN_POINT('',(0.,0.,0.));
#59 = DIRECTION('',(0.,0.,1.));
#60 = DIRECTION('',(1.,0.,0.));
#61 = AXIS2_PLACEMENT_3D('',#62,#63,#64);
#62 = CARTESIAN_POINT('',(0.,0.,0.));
#63 = DIRECTION('',(0.,0.,1.));
#64 = DIRECTION('',(1.,0.,0.));
#65 = ( GEOMETRIC_REPRESENTATION_CONTEXT(3) 
GLOBAL_UNCERTAINTY_ASSIGNED_CONTEXT((#69)) GLOBAL_UNIT_ASSIGNED_CONTEXT(
(#66,#67,#68)) REPRESENTATION_CONTEXT('Context #1',
  '3D Context with UNIT and UNCERTAINTY') );
#66 = ( LENGTH_UNIT() NAMED_UNIT(*) SI_UNIT(.MILLI.,.METRE.) );
#67 = ( NAMED_UNIT(*) PLANE_ANGLE_UNIT() SI_UNIT($,.RADIAN.) );
#68 = ( NAMED_UNIT(*) SI_UNIT($,.STERADIAN.) SOLID_ANGLE_UNIT() );
#69 = UNCERTAINTY_MEASURE_WITH_UNIT(LENGTH_MEASURE(1.E-07),#66,
  'distance_accuracy_value','confusion accuracy');
#70 = CONTEXT_DEPENDENT_SHAPE_REPRESENTATION(#71,#73);
#71 = ( REPRESENTATION_RELATIONSHIP('','',#36,#10) 
REPRESENTATION_RELATIONSHIP_WITH_TRANSFORMATION(#72) 
SHAPE_REPRESENTATION_RELATIONSHIP() );
#72 = ITEM_DEFINED_TRANSFORMATION('','',#11,#15);
#73 = PRODUCT_DEFINITION_SHAPE('Placement','Placement of an item',#74);
#74 = NEXT_ASSEMBLY_USAGE_OCCURRENCE('35','12mm Push Button007','',#5,
  #31,$);
#75 = PRODUCT_RELATED_PRODUCT_CATEGORY('part',$,(#33));
#76 = SHAPE_DEFINITION_REPRESENTATION(#77,#83);
#77 = PRODUCT_DEFINITION_SHAPE('','',#78);
#78 = PRODUCT_DEFINITION('design','',#79,#82);
#79 = PRODUCT_DEFINITION_FORMATION('','',#80);
#80 = PRODUCT('12mm Push Button','12mm Push Button','',(#81));
#81 = PRODUCT_CONTEXT('',#2,'mechanical');
#82 = PRODUCT_DEFINITION_CONTEXT('part definition',#2,'design');
#83 = ADVANCED_BREP_SHAPE_REPRESENTATION('',(#11,#84),#440);
#84 = MANIFOLD_SOLID_BREP('',#85);
#85 = CLOSED_SHELL('',(#86,#128,#210,#292,#314,#331,#348,#365,#382,#399,
    #416,#428));
#86 = ADVANCED_FACE('',(#87),#123,.F.);
#87 = FACE_BOUND('',#88,.F.);
#88 = EDGE_LOOP('',(#89,#99,#108,#116));
#89 = ORIENTED_EDGE('',*,*,#90,.T.);
#90 = EDGE_CURVE('',#91,#93,#95,.T.);
#91 = VERTEX_POINT('',#92);
#92 = CARTESIAN_POINT('',(0.,3.1,-3.35));
#93 = VERTEX_POINT('',#94);
#94 = CARTESIAN_POINT('',(0.,2.7,-3.35));
#95 = LINE('',#96,#97);
#96 = CARTESIAN_POINT('',(0.,3.1,-3.35));
#97 = VECTOR('',#98,1.);
#98 = DIRECTION('',(-0.,-1.,-0.));
#99 = ORIENTED_EDGE('',*,*,#100,.T.);
#100 = EDGE_CURVE('',#93,#101,#103,.T.);
#101 = VERTEX_POINT('',#102);
#102 = CARTESIAN_POINT('',(4.102566777144E-16,2.7,3.35));
#103 = CIRCLE('',#104,3.35);
#104 = AXIS2_PLACEMENT_3D('',#105,#106,#107);
#105 = CARTESIAN_POINT('',(0.,2.7,0.));
#106 = DIRECTION('',(0.,1.,0.));
#107 = DIRECTION('',(0.,-0.,1.));
#108 = ORIENTED_EDGE('',*,*,#109,.F.);
#109 = EDGE_CURVE('',#110,#101,#112,.T.);
#110 = VERTEX_POINT('',#111);
#111 = CARTESIAN_POINT('',(4.102566777144E-16,3.1,3.35));
#112 = LINE('',#113,#114);
#113 = CARTESIAN_POINT('',(4.102566777144E-16,3.1,3.35));
#114 = VECTOR('',#115,1.);
#115 = DIRECTION('',(-0.,-1.,-0.));
#116 = ORIENTED_EDGE('',*,*,#117,.F.);
#117 = EDGE_CURVE('',#91,#110,#118,.T.);
#118 = CIRCLE('',#119,3.35);
#119 = AXIS2_PLACEMENT_3D('',#120,#121,#122);
#120 = CARTESIAN_POINT('',(0.,3.1,0.));
#121 = DIRECTION('',(0.,1.,0.));
#122 = DIRECTION('',(0.,-0.,1.));
#123 = CYLINDRICAL_SURFACE('',#124,3.35);
#124 = AXIS2_PLACEMENT_3D('',#125,#126,#127);
#125 = CARTESIAN_POINT('',(0.,3.1,0.));
#126 = DIRECTION('',(-0.,-1.,-0.));
#127 = DIRECTION('',(0.,0.,-1.));
#128 = ADVANCED_FACE('',(#129,#195),#205,.F.);
#129 = FACE_BOUND('',#130,.T.);
#130 = EDGE_LOOP('',(#131,#141,#149,#157,#165,#173,#181,#189));
#131 = ORIENTED_EDGE('',*,*,#132,.T.);
#132 = EDGE_CURVE('',#133,#135,#137,.T.);
#133 = VERTEX_POINT('',#134);
#134 = CARTESIAN_POINT('',(-4.5,3.1,-5.));
#135 = VERTEX_POINT('',#136);
#136 = CARTESIAN_POINT('',(-5.,3.1,-4.5));
#137 = LINE('',#138,#139);
#138 = CARTESIAN_POINT('',(-4.5,3.1,-5.));
#139 = VECTOR('',#140,1.);
#140 = DIRECTION('',(-0.707106781187,0.,0.707106781187));
#141 = ORIENTED_EDGE('',*,*,#142,.T.);
#142 = EDGE_CURVE('',#135,#143,#145,.T.);
#143 = VERTEX_POINT('',#144);
#144 = CARTESIAN_POINT('',(-5.,3.1,4.5));
#145 = LINE('',#146,#147);
#146 = CARTESIAN_POINT('',(-5.,3.1,4.5));
#147 = VECTOR('',#148,1.);
#148 = DIRECTION('',(-0.,-0.,1.));
#149 = ORIENTED_EDGE('',*,*,#150,.T.);
#150 = EDGE_CURVE('',#143,#151,#153,.T.);
#151 = VERTEX_POINT('',#152);
#152 = CARTESIAN_POINT('',(-4.5,3.1,5.));
#153 = LINE('',#154,#155);
#154 = CARTESIAN_POINT('',(-4.5,3.1,5.));
#155 = VECTOR('',#156,1.);
#156 = DIRECTION('',(0.707106781187,-0.,0.707106781187));
#157 = ORIENTED_EDGE('',*,*,#158,.T.);
#158 = EDGE_CURVE('',#151,#159,#161,.T.);
#159 = VERTEX_POINT('',#160);
#160 = CARTESIAN_POINT('',(4.5,3.1,5.));
#161 = LINE('',#162,#163);
#162 = CARTESIAN_POINT('',(4.5,3.1,5.));
#163 = VECTOR('',#164,1.);
#164 = DIRECTION('',(1.,-0.,-0.));
#165 = ORIENTED_EDGE('',*,*,#166,.T.);
#166 = EDGE_CURVE('',#159,#167,#169,.T.);
#167 = VERTEX_POINT('',#168);
#168 = CARTESIAN_POINT('',(5.,3.1,4.5));
#169 = LINE('',#170,#171);
#170 = CARTESIAN_POINT('',(5.,3.1,4.5));
#171 = VECTOR('',#172,1.);
#172 = DIRECTION('',(0.707106781187,-0.,-0.707106781187));
#173 = ORIENTED_EDGE('',*,*,#174,.T.);
#174 = EDGE_CURVE('',#167,#175,#177,.T.);
#175 = VERTEX_POINT('',#176);
#176 = CARTESIAN_POINT('',(5.,3.1,-4.5));
#177 = LINE('',#178,#179);
#178 = CARTESIAN_POINT('',(5.,3.1,4.5));
#179 = VECTOR('',#180,1.);
#180 = DIRECTION('',(0.,0.,-1.));
#181 = ORIENTED_EDGE('',*,*,#182,.T.);
#182 = EDGE_CURVE('',#175,#183,#185,.T.);
#183 = VERTEX_POINT('',#184);
#184 = CARTESIAN_POINT('',(4.5,3.1,-5.));
#185 = LINE('',#186,#187);
#186 = CARTESIAN_POINT('',(5.,3.1,-4.5));
#187 = VECTOR('',#188,1.);
#188 = DIRECTION('',(-0.707106781187,0.,-0.707106781187));
#189 = ORIENTED_EDGE('',*,*,#190,.T.);
#190 = EDGE_CURVE('',#183,#133,#191,.T.);
#191 = LINE('',#192,#193);
#192 = CARTESIAN_POINT('',(4.5,3.1,-5.));
#193 = VECTOR('',#194,1.);
#194 = DIRECTION('',(-1.,0.,0.));
#195 = FACE_BOUND('',#196,.T.);
#196 = EDGE_LOOP('',(#197,#198));
#197 = ORIENTED_EDGE('',*,*,#117,.F.);
#198 = ORIENTED_EDGE('',*,*,#199,.F.);
#199 = EDGE_CURVE('',#110,#91,#200,.T.);
#200 = CIRCLE('',#201,3.35);
#201 = AXIS2_PLACEMENT_3D('',#202,#203,#204);
#202 = CARTESIAN_POINT('',(0.,3.1,0.));
#203 = DIRECTION('',(0.,1.,0.));
#204 = DIRECTION('',(0.,-0.,1.));
#205 = PLANE('',#206);
#206 = AXIS2_PLACEMENT_3D('',#207,#208,#209);
#207 = CARTESIAN_POINT('',(0.,3.1,0.));
#208 = DIRECTION('',(0.,-1.,0.));
#209 = DIRECTION('',(0.,-0.,-1.));
#210 = ADVANCED_FACE('',(#211,#277),#287,.T.);
#211 = FACE_BOUND('',#212,.T.);
#212 = EDGE_LOOP('',(#213,#223,#231,#239,#247,#255,#263,#271));
#213 = ORIENTED_EDGE('',*,*,#214,.F.);
#214 = EDGE_CURVE('',#215,#217,#219,.T.);
#215 = VERTEX_POINT('',#216);
#216 = CARTESIAN_POINT('',(-4.5,2.7,-5.));
#217 = VERTEX_POINT('',#218);
#218 = CARTESIAN_POINT('',(-5.,2.7,-4.5));
#219 = LINE('',#220,#221);
#220 = CARTESIAN_POINT('',(-4.5,2.7,-5.));
#221 = VECTOR('',#222,1.);
#222 = DIRECTION('',(-0.707106781187,0.,0.707106781187));
#223 = ORIENTED_EDGE('',*,*,#224,.F.);
#224 = EDGE_CURVE('',#225,#215,#227,.T.);
#225 = VERTEX_POINT('',#226);
#226 = CARTESIAN_POINT('',(4.5,2.7,-5.));
#227 = LINE('',#228,#229);
#228 = CARTESIAN_POINT('',(4.5,2.7,-5.));
#229 = VECTOR('',#230,1.);
#230 = DIRECTION('',(-1.,0.,0.));
#231 = ORIENTED_EDGE('',*,*,#232,.F.);
#232 = EDGE_CURVE('',#233,#225,#235,.T.);
#233 = VERTEX_POINT('',#234);
#234 = CARTESIAN_POINT('',(5.,2.7,-4.5));
#235 = LINE('',#236,#237);
#236 = CARTESIAN_POINT('',(5.,2.7,-4.5));
#237 = VECTOR('',#238,1.);
#238 = DIRECTION('',(-0.707106781187,0.,-0.707106781187));
#239 = ORIENTED_EDGE('',*,*,#240,.F.);
#240 = EDGE_CURVE('',#241,#233,#243,.T.);
#241 = VERTEX_POINT('',#242);
#242 = CARTESIAN_POINT('',(5.,2.7,4.5));
#243 = LINE('',#244,#245);
#244 = CARTESIAN_POINT('',(5.,2.7,4.5));
#245 = VECTOR('',#246,1.);
#246 = DIRECTION('',(0.,0.,-1.));
#247 = ORIENTED_EDGE('',*,*,#248,.F.);
#248 = EDGE_CURVE('',#249,#241,#251,.T.);
#249 = VERTEX_POINT('',#250);
#250 = CARTESIAN_POINT('',(4.5,2.7,5.));
#251 = LINE('',#252,#253);
#252 = CARTESIAN_POINT('',(5.,2.7,4.5));
#253 = VECTOR('',#254,1.);
#254 = DIRECTION('',(0.707106781187,-0.,-0.707106781187));
#255 = ORIENTED_EDGE('',*,*,#256,.F.);
#256 = EDGE_CURVE('',#257,#249,#259,.T.);
#257 = VERTEX_POINT('',#258);
#258 = CARTESIAN_POINT('',(-4.5,2.7,5.));
#259 = LINE('',#260,#261);
#260 = CARTESIAN_POINT('',(4.5,2.7,5.));
#261 = VECTOR('',#262,1.);
#262 = DIRECTION('',(1.,-0.,-0.));
#263 = ORIENTED_EDGE('',*,*,#264,.F.);
#264 = EDGE_CURVE('',#265,#257,#267,.T.);
#265 = VERTEX_POINT('',#266);
#266 = CARTESIAN_POINT('',(-5.,2.7,4.5));
#267 = LINE('',#268,#269);
#268 = CARTESIAN_POINT('',(-4.5,2.7,5.));
#269 = VECTOR('',#270,1.);
#270 = DIRECTION('',(0.707106781187,-0.,0.707106781187));
#271 = ORIENTED_EDGE('',*,*,#272,.F.);
#272 = EDGE_CURVE('',#217,#265,#273,.T.);
#273 = LINE('',#274,#275);
#274 = CARTESIAN_POINT('',(-5.,2.7,4.5));
#275 = VECTOR('',#276,1.);
#276 = DIRECTION('',(-0.,-0.,1.));
#277 = FACE_BOUND('',#278,.T.);
#278 = EDGE_LOOP('',(#279,#280));
#279 = ORIENTED_EDGE('',*,*,#100,.T.);
#280 = ORIENTED_EDGE('',*,*,#281,.T.);
#281 = EDGE_CURVE('',#101,#93,#282,.T.);
#282 = CIRCLE('',#283,3.35);
#283 = AXIS2_PLACEMENT_3D('',#284,#285,#286);
#284 = CARTESIAN_POINT('',(0.,2.7,0.));
#285 = DIRECTION('',(0.,1.,0.));
#286 = DIRECTION('',(0.,-0.,1.));
#287 = PLANE('',#288);
#288 = AXIS2_PLACEMENT_3D('',#289,#290,#291);
#289 = CARTESIAN_POINT('',(0.,2.7,0.));
#290 = DIRECTION('',(0.,-1.,0.));
#291 = DIRECTION('',(0.,-0.,-1.));
#292 = ADVANCED_FACE('',(#293),#309,.F.);
#293 = FACE_BOUND('',#294,.T.);
#294 = EDGE_LOOP('',(#295,#296,#302,#303));
#295 = ORIENTED_EDGE('',*,*,#214,.T.);
#296 = ORIENTED_EDGE('',*,*,#297,.F.);
#297 = EDGE_CURVE('',#135,#217,#298,.T.);
#298 = LINE('',#299,#300);
#299 = CARTESIAN_POINT('',(-5.,3.1,-4.5));
#300 = VECTOR('',#301,1.);
#301 = DIRECTION('',(-0.,-1.,-0.));
#302 = ORIENTED_EDGE('',*,*,#132,.F.);
#303 = ORIENTED_EDGE('',*,*,#304,.T.);
#304 = EDGE_CURVE('',#133,#215,#305,.T.);
#305 = LINE('',#306,#307);
#306 = CARTESIAN_POINT('',(-4.5,3.1,-5.));
#307 = VECTOR('',#308,1.);
#308 = DIRECTION('',(-0.,-1.,-0.));
#309 = PLANE('',#310);
#310 = AXIS2_PLACEMENT_3D('',#311,#312,#313);
#311 = CARTESIAN_POINT('',(-4.5,3.1,-5.));
#312 = DIRECTION('',(0.707106781187,-0.,0.707106781187));
#313 = DIRECTION('',(0.707106781187,0.,-0.707106781187));
#314 = ADVANCED_FACE('',(#315),#326,.F.);
#315 = FACE_BOUND('',#316,.T.);
#316 = EDGE_LOOP('',(#317,#318,#324,#325));
#317 = ORIENTED_EDGE('',*,*,#272,.T.);
#318 = ORIENTED_EDGE('',*,*,#319,.F.);
#319 = EDGE_CURVE('',#143,#265,#320,.T.);
#320 = LINE('',#321,#322);
#321 = CARTESIAN_POINT('',(-5.,3.1,4.5));
#322 = VECTOR('',#323,1.);
#323 = DIRECTION('',(-0.,-1.,-0.));
#324 = ORIENTED_EDGE('',*,*,#142,.F.);
#325 = ORIENTED_EDGE('',*,*,#297,.T.);
#326 = PLANE('',#327);
#327 = AXIS2_PLACEMENT_3D('',#328,#329,#330);
#328 = CARTESIAN_POINT('',(-5.,3.1,4.5));
#329 = DIRECTION('',(1.,-0.,0.));
#330 = DIRECTION('',(0.,0.,-1.));
#331 = ADVANCED_FACE('',(#332),#343,.F.);
#332 = FACE_BOUND('',#333,.T.);
#333 = EDGE_LOOP('',(#334,#335,#341,#342));
#334 = ORIENTED_EDGE('',*,*,#264,.T.);
#335 = ORIENTED_EDGE('',*,*,#336,.F.);
#336 = EDGE_CURVE('',#151,#257,#337,.T.);
#337 = LINE('',#338,#339);
#338 = CARTESIAN_POINT('',(-4.5,3.1,5.));
#339 = VECTOR('',#340,1.);
#340 = DIRECTION('',(-0.,-1.,-0.));
#341 = ORIENTED_EDGE('',*,*,#150,.F.);
#342 = ORIENTED_EDGE('',*,*,#319,.T.);
#343 = PLANE('',#344);
#344 = AXIS2_PLACEMENT_3D('',#345,#346,#347);
#345 = CARTESIAN_POINT('',(-4.5,3.1,5.));
#346 = DIRECTION('',(0.707106781187,0.,-0.707106781187));
#347 = DIRECTION('',(-0.707106781187,0.,-0.707106781187));
#348 = ADVANCED_FACE('',(#349),#360,.F.);
#349 = FACE_BOUND('',#350,.T.);
#350 = EDGE_LOOP('',(#351,#352,#358,#359));
#351 = ORIENTED_EDGE('',*,*,#256,.T.);
#352 = ORIENTED_EDGE('',*,*,#353,.F.);
#353 = EDGE_CURVE('',#159,#249,#354,.T.);
#354 = LINE('',#355,#356);
#355 = CARTESIAN_POINT('',(4.5,3.1,5.));
#356 = VECTOR('',#357,1.);
#357 = DIRECTION('',(-0.,-1.,-0.));
#358 = ORIENTED_EDGE('',*,*,#158,.F.);
#359 = ORIENTED_EDGE('',*,*,#336,.T.);
#360 = PLANE('',#361);
#361 = AXIS2_PLACEMENT_3D('',#362,#363,#364);
#362 = CARTESIAN_POINT('',(4.5,3.1,5.));
#363 = DIRECTION('',(0.,0.,-1.));
#364 = DIRECTION('',(-1.,0.,-0.));
#365 = ADVANCED_FACE('',(#366),#377,.F.);
#366 = FACE_BOUND('',#367,.T.);
#367 = EDGE_LOOP('',(#368,#369,#375,#376));
#368 = ORIENTED_EDGE('',*,*,#248,.T.);
#369 = ORIENTED_EDGE('',*,*,#370,.F.);
#370 = EDGE_CURVE('',#167,#241,#371,.T.);
#371 = LINE('',#372,#373);
#372 = CARTESIAN_POINT('',(5.,3.1,4.5));
#373 = VECTOR('',#374,1.);
#374 = DIRECTION('',(-0.,-1.,-0.));
#375 = ORIENTED_EDGE('',*,*,#166,.F.);
#376 = ORIENTED_EDGE('',*,*,#353,.T.);
#377 = PLANE('',#378);
#378 = AXIS2_PLACEMENT_3D('',#379,#380,#381);
#379 = CARTESIAN_POINT('',(5.,3.1,4.5));
#380 = DIRECTION('',(-0.707106781187,0.,-0.707106781187));
#381 = DIRECTION('',(-0.707106781187,0.,0.707106781187));
#382 = ADVANCED_FACE('',(#383),#394,.F.);
#383 = FACE_BOUND('',#384,.T.);
#384 = EDGE_LOOP('',(#385,#386,#392,#393));
#385 = ORIENTED_EDGE('',*,*,#240,.T.);
#386 = ORIENTED_EDGE('',*,*,#387,.F.);
#387 = EDGE_CURVE('',#175,#233,#388,.T.);
#388 = LINE('',#389,#390);
#389 = CARTESIAN_POINT('',(5.,3.1,-4.5));
#390 = VECTOR('',#391,1.);
#391 = DIRECTION('',(-0.,-1.,-0.));
#392 = ORIENTED_EDGE('',*,*,#174,.F.);
#393 = ORIENTED_EDGE('',*,*,#370,.T.);
#394 = PLANE('',#395);
#395 = AXIS2_PLACEMENT_3D('',#396,#397,#398);
#396 = CARTESIAN_POINT('',(5.,3.1,4.5));
#397 = DIRECTION('',(-1.,0.,0.));
#398 = DIRECTION('',(0.,0.,1.));
#399 = ADVANCED_FACE('',(#400),#411,.F.);
#400 = FACE_BOUND('',#401,.T.);
#401 = EDGE_LOOP('',(#402,#403,#409,#410));
#402 = ORIENTED_EDGE('',*,*,#232,.T.);
#403 = ORIENTED_EDGE('',*,*,#404,.F.);
#404 = EDGE_CURVE('',#183,#225,#405,.T.);
#405 = LINE('',#406,#407);
#406 = CARTESIAN_POINT('',(4.5,3.1,-5.));
#407 = VECTOR('',#408,1.);
#408 = DIRECTION('',(-0.,-1.,-0.));
#409 = ORIENTED_EDGE('',*,*,#182,.F.);
#410 = ORIENTED_EDGE('',*,*,#387,.T.);
#411 = PLANE('',#412);
#412 = AXIS2_PLACEMENT_3D('',#413,#414,#415);
#413 = CARTESIAN_POINT('',(5.,3.1,-4.5));
#414 = DIRECTION('',(-0.707106781187,0.,0.707106781187));
#415 = DIRECTION('',(0.707106781187,0.,0.707106781187));
#416 = ADVANCED_FACE('',(#417),#423,.F.);
#417 = FACE_BOUND('',#418,.T.);
#418 = EDGE_LOOP('',(#419,#420,#421,#422));
#419 = ORIENTED_EDGE('',*,*,#224,.T.);
#420 = ORIENTED_EDGE('',*,*,#304,.F.);
#421 = ORIENTED_EDGE('',*,*,#190,.F.);
#422 = ORIENTED_EDGE('',*,*,#404,.T.);
#423 = PLANE('',#424);
#424 = AXIS2_PLACEMENT_3D('',#425,#426,#427);
#425 = CARTESIAN_POINT('',(4.5,3.1,-5.));
#426 = DIRECTION('',(0.,-0.,1.));
#427 = DIRECTION('',(1.,0.,0.));
#428 = ADVANCED_FACE('',(#429),#435,.F.);
#429 = FACE_BOUND('',#430,.F.);
#430 = EDGE_LOOP('',(#431,#432,#433,#434));
#431 = ORIENTED_EDGE('',*,*,#281,.T.);
#432 = ORIENTED_EDGE('',*,*,#90,.F.);
#433 = ORIENTED_EDGE('',*,*,#199,.F.);
#434 = ORIENTED_EDGE('',*,*,#109,.T.);
#435 = CYLINDRICAL_SURFACE('',#436,3.35);
#436 = AXIS2_PLACEMENT_3D('',#437,#438,#439);
#437 = CARTESIAN_POINT('',(0.,3.1,0.));
#438 = DIRECTION('',(-0.,-1.,-0.));
#439 = DIRECTION('',(0.,0.,-1.));
#440 = ( GEOMETRIC_REPRESENTATION_CONTEXT(3) 
GLOBAL_UNCERTAINTY_ASSIGNED_CONTEXT((#444)) GLOBAL_UNIT_ASSIGNED_CONTEXT
((#441,#442,#443)) REPRESENTATION_CONTEXT('Context #1',
  '3D Context with UNIT and UNCERTAINTY') );
#441 = ( LENGTH_UNIT() NAMED_UNIT(*) SI_UNIT(.MILLI.,.METRE.) );
#442 = ( NAMED_UNIT(*) PLANE_ANGLE_UNIT() SI_UNIT($,.RADIAN.) );
#443 = ( NAMED_UNIT(*) SI_UNIT($,.STERADIAN.) SOLID_ANGLE_UNIT() );
#444 = UNCERTAINTY_MEASURE_WITH_UNIT(LENGTH_MEASURE(1.E-07),#441,
  'distance_accuracy_value','confusion accuracy');
#445 = CONTEXT_DEPENDENT_SHAPE_REPRESENTATION(#446,#448);
#446 = ( REPRESENTATION_RELATIONSHIP('','',#83,#36) 
REPRESENTATION_RELATIONSHIP_WITH_TRANSFORMATION(#447) 
SHAPE_REPRESENTATION_RELATIONSHIP() );
#447 = ITEM_DEFINED_TRANSFORMATION('','',#11,#37);
#448 = PRODUCT_DEFINITION_SHAPE('Placement','Placement of an item',#449
  );
#449 = NEXT_ASSEMBLY_USAGE_OCCURRENCE('28','12mm Push Button','',#31,#78
  ,$);
#450 = PRODUCT_RELATED_PRODUCT_CATEGORY('part',$,(#80));
#451 = SHAPE_DEFINITION_REPRESENTATION(#452,#458);
#452 = PRODUCT_DEFINITION_SHAPE('','',#453);
#453 = PRODUCT_DEFINITION('design','',#454,#457);
#454 = PRODUCT_DEFINITION_FORMATION('','',#455);
#455 = PRODUCT('12mm Push Button001','12mm Push Button001','',(#456));
#456 = PRODUCT_CONTEXT('',#2,'mechanical');
#457 = PRODUCT_DEFINITION_CONTEXT('part definition',#2,'design');
#458 = ADVANCED_BREP_SHAPE_REPRESENTATION('',(#11,#459),#809);
#459 = MANIFOLD_SOLID_BREP('',#460);
#460 = CLOSED_SHELL('',(#461,#503,#534,#565,#596,#627,#658,#689,#720,
    #751,#773,#791));
#461 = ADVANCED_FACE('',(#462),#498,.T.);
#462 = FACE_BOUND('',#463,.T.);
#463 = EDGE_LOOP('',(#464,#475,#483,#492));
#464 = ORIENTED_EDGE('',*,*,#465,.F.);
#465 = EDGE_CURVE('',#466,#468,#470,.T.);
#466 = VERTEX_POINT('',#467);
#467 = CARTESIAN_POINT('',(-6.,0.6,-2.));
#468 = VERTEX_POINT('',#469);
#469 = CARTESIAN_POINT('',(-6.3,0.3,-2.));
#470 = CIRCLE('',#471,0.3);
#471 = AXIS2_PLACEMENT_3D('',#472,#473,#474);
#472 = CARTESIAN_POINT('',(-6.,0.3,-2.));
#473 = DIRECTION('',(0.,-0.,1.));
#474 = DIRECTION('',(-1.,0.,0.));
#475 = ORIENTED_EDGE('',*,*,#476,.F.);
#476 = EDGE_CURVE('',#477,#466,#479,.T.);
#477 = VERTEX_POINT('',#478);
#478 = CARTESIAN_POINT('',(-6.,0.6,-3.));
#479 = LINE('',#480,#481);
#480 = CARTESIAN_POINT('',(-6.,0.6,-3.));
#481 = VECTOR('',#482,1.);
#482 = DIRECTION('',(0.,0.,1.));
#483 = ORIENTED_EDGE('',*,*,#484,.T.);
#484 = EDGE_CURVE('',#477,#485,#487,.T.);
#485 = VERTEX_POINT('',#486);
#486 = CARTESIAN_POINT('',(-6.3,0.3,-3.));
#487 = CIRCLE('',#488,0.3);
#488 = AXIS2_PLACEMENT_3D('',#489,#490,#491);
#489 = CARTESIAN_POINT('',(-6.,0.3,-3.));
#490 = DIRECTION('',(0.,0.,1.));
#491 = DIRECTION('',(1.,0.,-0.));
#492 = ORIENTED_EDGE('',*,*,#493,.T.);
#493 = EDGE_CURVE('',#485,#468,#494,.T.);
#494 = LINE('',#495,#496);
#495 = CARTESIAN_POINT('',(-6.3,0.3,-3.));
#496 = VECTOR('',#497,1.);
#497 = DIRECTION('',(0.,0.,1.));
#498 = CYLINDRICAL_SURFACE('',#499,0.3);
#499 = AXIS2_PLACEMENT_3D('',#500,#501,#502);
#500 = CARTESIAN_POINT('',(-6.,0.3,-3.));
#501 = DIRECTION('',(0.,0.,1.));
#502 = DIRECTION('',(1.,0.,-0.));
#503 = ADVANCED_FACE('',(#504),#529,.T.);
#504 = FACE_BOUND('',#505,.T.);
#505 = EDGE_LOOP('',(#506,#514,#522,#528));
#506 = ORIENTED_EDGE('',*,*,#507,.F.);
#507 = EDGE_CURVE('',#508,#466,#510,.T.);
#508 = VERTEX_POINT('',#509);
#509 = CARTESIAN_POINT('',(-6.,-1.164285714286,-2.));
#510 = LINE('',#511,#512);
#511 = CARTESIAN_POINT('',(-6.,-3.7,-2.));
#512 = VECTOR('',#513,1.);
#513 = DIRECTION('',(-0.,1.,-0.));
#514 = ORIENTED_EDGE('',*,*,#515,.F.);
#515 = EDGE_CURVE('',#516,#508,#518,.T.);
#516 = VERTEX_POINT('',#517);
#517 = CARTESIAN_POINT('',(-6.,-1.164285714286,-3.));
#518 = LINE('',#519,#520);
#519 = CARTESIAN_POINT('',(-6.,-1.164285714286,-3.));
#520 = VECTOR('',#521,1.);
#521 = DIRECTION('',(0.,0.,1.));
#522 = ORIENTED_EDGE('',*,*,#523,.T.);
#523 = EDGE_CURVE('',#516,#477,#524,.T.);
#524 = LINE('',#525,#526);
#525 = CARTESIAN_POINT('',(-6.,0.6,-3.));
#526 = VECTOR('',#527,1.);
#527 = DIRECTION('',(-0.,1.,-0.));
#528 = ORIENTED_EDGE('',*,*,#476,.T.);
#529 = PLANE('',#530);
#530 = AXIS2_PLACEMENT_3D('',#531,#532,#533);
#531 = CARTESIAN_POINT('',(-6.,0.6,-3.));
#532 = DIRECTION('',(1.,0.,-0.));
#533 = DIRECTION('',(-0.,0.,-1.));
#534 = ADVANCED_FACE('',(#535),#560,.T.);
#535 = FACE_BOUND('',#536,.T.);
#536 = EDGE_LOOP('',(#537,#545,#553,#559));
#537 = ORIENTED_EDGE('',*,*,#538,.F.);
#538 = EDGE_CURVE('',#539,#508,#541,.T.);
#539 = VERTEX_POINT('',#540);
#540 = CARTESIAN_POINT('',(-6.510714285714,-2.,-2.));
#541 = LINE('',#542,#543);
#542 = CARTESIAN_POINT('',(-6.510714285714,-2.,-2.));
#543 = VECTOR('',#544,1.);
#544 = DIRECTION('',(0.521450009454,0.853281833652,0.));
#545 = ORIENTED_EDGE('',*,*,#546,.F.);
#546 = EDGE_CURVE('',#547,#539,#549,.T.);
#547 = VERTEX_POINT('',#548);
#548 = CARTESIAN_POINT('',(-6.510714285714,-2.,-3.));
#549 = LINE('',#550,#551);
#550 = CARTESIAN_POINT('',(-6.510714285714,-2.,-3.));
#551 = VECTOR('',#552,1.);
#552 = DIRECTION('',(0.,0.,1.));
#553 = ORIENTED_EDGE('',*,*,#554,.T.);
#554 = EDGE_CURVE('',#547,#516,#555,.T.);
#555 = LINE('',#556,#557);
#556 = CARTESIAN_POINT('',(-6.510714285714,-2.,-3.));
#557 = VECTOR('',#558,1.);
#558 = DIRECTION('',(0.521450009454,0.853281833652,0.));
#559 = ORIENTED_EDGE('',*,*,#515,.T.);
#560 = PLANE('',#561);
#561 = AXIS2_PLACEMENT_3D('',#562,#563,#564);
#562 = CARTESIAN_POINT('',(-6.510714285714,-2.,-3.));
#563 = DIRECTION('',(0.853281833652,-0.521450009454,0.));
#564 = DIRECTION('',(0.521450009454,0.853281833652,0.));
#565 = ADVANCED_FACE('',(#566),#591,.T.);
#566 = FACE_BOUND('',#567,.T.);
#567 = EDGE_LOOP('',(#568,#576,#584,#590));
#568 = ORIENTED_EDGE('',*,*,#569,.F.);
#569 = EDGE_CURVE('',#570,#539,#572,.T.);
#570 = VERTEX_POINT('',#571);
#571 = CARTESIAN_POINT('',(-6.,-3.3,-2.));
#572 = LINE('',#573,#574);
#573 = CARTESIAN_POINT('',(-6.510714285714,-2.,-2.));
#574 = VECTOR('',#575,1.);
#575 = DIRECTION('',(-0.365652372423,0.93075149344,0.));
#576 = ORIENTED_EDGE('',*,*,#577,.F.);
#577 = EDGE_CURVE('',#578,#570,#580,.T.);
#578 = VERTEX_POINT('',#579);
#579 = CARTESIAN_POINT('',(-6.,-3.3,-3.));
#580 = LINE('',#581,#582);
#581 = CARTESIAN_POINT('',(-6.,-3.3,-3.));
#582 = VECTOR('',#583,1.);
#583 = DIRECTION('',(0.,0.,1.));
#584 = ORIENTED_EDGE('',*,*,#585,.T.);
#585 = EDGE_CURVE('',#578,#547,#586,.T.);
#586 = LINE('',#587,#588);
#587 = CARTESIAN_POINT('',(-6.510714285714,-2.,-3.));
#588 = VECTOR('',#589,1.);
#589 = DIRECTION('',(-0.365652372423,0.93075149344,-0.));
#590 = ORIENTED_EDGE('',*,*,#546,.T.);
#591 = PLANE('',#592);
#592 = AXIS2_PLACEMENT_3D('',#593,#594,#595);
#593 = CARTESIAN_POINT('',(-6.510714285714,-2.,-3.));
#594 = DIRECTION('',(0.93075149344,0.365652372423,-0.));
#595 = DIRECTION('',(-0.365652372423,0.93075149344,0.));
#596 = ADVANCED_FACE('',(#597),#622,.T.);
#597 = FACE_BOUND('',#598,.T.);
#598 = EDGE_LOOP('',(#599,#607,#615,#621));
#599 = ORIENTED_EDGE('',*,*,#600,.F.);
#600 = EDGE_CURVE('',#601,#570,#603,.T.);
#601 = VERTEX_POINT('',#602);
#602 = CARTESIAN_POINT('',(-6.,-3.7,-2.));
#603 = LINE('',#604,#605);
#604 = CARTESIAN_POINT('',(-6.,-3.7,-2.));
#605 = VECTOR('',#606,1.);
#606 = DIRECTION('',(-0.,1.,-0.));
#607 = ORIENTED_EDGE('',*,*,#608,.F.);
#608 = EDGE_CURVE('',#609,#601,#611,.T.);
#609 = VERTEX_POINT('',#610);
#610 = CARTESIAN_POINT('',(-6.,-3.7,-3.));
#611 = LINE('',#612,#613);
#612 = CARTESIAN_POINT('',(-6.,-3.7,-3.));
#613 = VECTOR('',#614,1.);
#614 = DIRECTION('',(0.,0.,1.));
#615 = ORIENTED_EDGE('',*,*,#616,.T.);
#616 = EDGE_CURVE('',#609,#578,#617,.T.);
#617 = LINE('',#618,#619);
#618 = CARTESIAN_POINT('',(-6.,-3.3,-3.));
#619 = VECTOR('',#620,1.);
#620 = DIRECTION('',(2.168404344971E-15,1.,-0.));
#621 = ORIENTED_EDGE('',*,*,#577,.T.);
#622 = PLANE('',#623);
#623 = AXIS2_PLACEMENT_3D('',#624,#625,#626);
#624 = CARTESIAN_POINT('',(-6.,-3.3,-3.));
#625 = DIRECTION('',(1.,-2.168404344971E-15,0.));
#626 = DIRECTION('',(2.168404344971E-15,1.,0.));
#627 = ADVANCED_FACE('',(#628),#653,.T.);
#628 = FACE_BOUND('',#629,.T.);
#629 = EDGE_LOOP('',(#630,#638,#646,#652));
#630 = ORIENTED_EDGE('',*,*,#631,.T.);
#631 = EDGE_CURVE('',#601,#632,#634,.T.);
#632 = VERTEX_POINT('',#633);
#633 = CARTESIAN_POINT('',(-6.3,-3.7,-2.));
#634 = LINE('',#635,#636);
#635 = CARTESIAN_POINT('',(-6.85,-3.7,-2.));
#636 = VECTOR('',#637,1.);
#637 = DIRECTION('',(-1.,-0.,-0.));
#638 = ORIENTED_EDGE('',*,*,#639,.F.);
#639 = EDGE_CURVE('',#640,#632,#642,.T.);
#640 = VERTEX_POINT('',#641);
#641 = CARTESIAN_POINT('',(-6.3,-3.7,-3.));
#642 = LINE('',#643,#644);
#643 = CARTESIAN_POINT('',(-6.3,-3.7,-3.));
#644 = VECTOR('',#645,1.);
#645 = DIRECTION('',(0.,0.,1.));
#646 = ORIENTED_EDGE('',*,*,#647,.T.);
#647 = EDGE_CURVE('',#640,#609,#648,.T.);
#648 = LINE('',#649,#650);
#649 = CARTESIAN_POINT('',(-6.,-3.7,-3.));
#650 = VECTOR('',#651,1.);
#651 = DIRECTION('',(1.,-0.,-0.));
#652 = ORIENTED_EDGE('',*,*,#608,.T.);
#653 = PLANE('',#654);
#654 = AXIS2_PLACEMENT_3D('',#655,#656,#657);
#655 = CARTESIAN_POINT('',(-6.,-3.7,-3.));
#656 = DIRECTION('',(0.,-1.,0.));
#657 = DIRECTION('',(0.,-0.,-1.));
#658 = ADVANCED_FACE('',(#659),#684,.T.);
#659 = FACE_BOUND('',#660,.T.);
#660 = EDGE_LOOP('',(#661,#669,#677,#683));
#661 = ORIENTED_EDGE('',*,*,#662,.F.);
#662 = EDGE_CURVE('',#663,#632,#665,.T.);
#663 = VERTEX_POINT('',#664);
#664 = CARTESIAN_POINT('',(-6.3,-3.4,-2.));
#665 = LINE('',#666,#667);
#666 = CARTESIAN_POINT('',(-6.3,-3.7,-2.));
#667 = VECTOR('',#668,1.);
#668 = DIRECTION('',(0.,-1.,0.));
#669 = ORIENTED_EDGE('',*,*,#670,.F.);
#670 = EDGE_CURVE('',#671,#663,#673,.T.);
#671 = VERTEX_POINT('',#672);
#672 = CARTESIAN_POINT('',(-6.3,-3.4,-3.));
#673 = LINE('',#674,#675);
#674 = CARTESIAN_POINT('',(-6.3,-3.4,-3.));
#675 = VECTOR('',#676,1.);
#676 = DIRECTION('',(0.,0.,1.));
#677 = ORIENTED_EDGE('',*,*,#678,.T.);
#678 = EDGE_CURVE('',#671,#640,#679,.T.);
#679 = LINE('',#680,#681);
#680 = CARTESIAN_POINT('',(-6.3,-3.7,-3.));
#681 = VECTOR('',#682,1.);
#682 = DIRECTION('',(-0.,-1.,-0.));
#683 = ORIENTED_EDGE('',*,*,#639,.T.);
#684 = PLANE('',#685);
#685 = AXIS2_PLACEMENT_3D('',#686,#687,#688);
#686 = CARTESIAN_POINT('',(-6.3,-3.7,-3.));
#687 = DIRECTION('',(-1.,0.,0.));
#688 = DIRECTION('',(0.,0.,1.));
#689 = ADVANCED_FACE('',(#690),#715,.T.);
#690 = FACE_BOUND('',#691,.T.);
#691 = EDGE_LOOP('',(#692,#700,#708,#714));
#692 = ORIENTED_EDGE('',*,*,#693,.F.);
#693 = EDGE_CURVE('',#694,#663,#696,.T.);
#694 = VERTEX_POINT('',#695);
#695 = CARTESIAN_POINT('',(-6.85,-2.,-2.));
#696 = LINE('',#697,#698);
#697 = CARTESIAN_POINT('',(-6.3,-3.4,-2.));
#698 = VECTOR('',#699,1.);
#699 = DIRECTION('',(0.365652372423,-0.93075149344,0.));
#700 = ORIENTED_EDGE('',*,*,#701,.F.);
#701 = EDGE_CURVE('',#702,#694,#704,.T.);
#702 = VERTEX_POINT('',#703);
#703 = CARTESIAN_POINT('',(-6.85,-2.,-3.));
#704 = LINE('',#705,#706);
#705 = CARTESIAN_POINT('',(-6.85,-2.,-3.));
#706 = VECTOR('',#707,1.);
#707 = DIRECTION('',(0.,0.,1.));
#708 = ORIENTED_EDGE('',*,*,#709,.T.);
#709 = EDGE_CURVE('',#702,#671,#710,.T.);
#710 = LINE('',#711,#712);
#711 = CARTESIAN_POINT('',(-6.3,-3.4,-3.));
#712 = VECTOR('',#713,1.);
#713 = DIRECTION('',(0.365652372423,-0.93075149344,-0.));
#714 = ORIENTED_EDGE('',*,*,#670,.T.);
#715 = PLANE('',#716);
#716 = AXIS2_PLACEMENT_3D('',#717,#718,#719);
#717 = CARTESIAN_POINT('',(-6.3,-3.4,-3.));
#718 = DIRECTION('',(-0.93075149344,-0.365652372423,0.));
#719 = DIRECTION('',(0.365652372423,-0.93075149344,0.));
#720 = ADVANCED_FACE('',(#721),#746,.T.);
#721 = FACE_BOUND('',#722,.T.);
#722 = EDGE_LOOP('',(#723,#731,#739,#745));
#723 = ORIENTED_EDGE('',*,*,#724,.F.);
#724 = EDGE_CURVE('',#725,#694,#727,.T.);
#725 = VERTEX_POINT('',#726);
#726 = CARTESIAN_POINT('',(-6.3,-1.1,-2.));
#727 = LINE('',#728,#729);
#728 = CARTESIAN_POINT('',(-6.85,-2.,-2.));
#729 = VECTOR('',#730,1.);
#730 = DIRECTION('',(-0.521450009454,-0.853281833652,0.));
#731 = ORIENTED_EDGE('',*,*,#732,.F.);
#732 = EDGE_CURVE('',#733,#725,#735,.T.);
#733 = VERTEX_POINT('',#734);
#734 = CARTESIAN_POINT('',(-6.3,-1.1,-3.));
#735 = LINE('',#736,#737);
#736 = CARTESIAN_POINT('',(-6.3,-1.1,-3.));
#737 = VECTOR('',#738,1.);
#738 = DIRECTION('',(0.,0.,1.));
#739 = ORIENTED_EDGE('',*,*,#740,.T.);
#740 = EDGE_CURVE('',#733,#702,#741,.T.);
#741 = LINE('',#742,#743);
#742 = CARTESIAN_POINT('',(-6.85,-2.,-3.));
#743 = VECTOR('',#744,1.);
#744 = DIRECTION('',(-0.521450009454,-0.853281833652,-0.));
#745 = ORIENTED_EDGE('',*,*,#701,.T.);
#746 = PLANE('',#747);
#747 = AXIS2_PLACEMENT_3D('',#748,#749,#750);
#748 = CARTESIAN_POINT('',(-6.85,-2.,-3.));
#749 = DIRECTION('',(-0.853281833652,0.521450009454,0.));
#750 = DIRECTION('',(-0.521450009454,-0.853281833652,0.));
#751 = ADVANCED_FACE('',(#752),#768,.T.);
#752 = FACE_BOUND('',#753,.T.);
#753 = EDGE_LOOP('',(#754,#760,#761,#767));
#754 = ORIENTED_EDGE('',*,*,#755,.F.);
#755 = EDGE_CURVE('',#468,#725,#756,.T.);
#756 = LINE('',#757,#758);
#757 = CARTESIAN_POINT('',(-6.3,-1.1,-2.));
#758 = VECTOR('',#759,1.);
#759 = DIRECTION('',(0.,-1.,0.));
#760 = ORIENTED_EDGE('',*,*,#493,.F.);
#761 = ORIENTED_EDGE('',*,*,#762,.T.);
#762 = EDGE_CURVE('',#485,#733,#763,.T.);
#763 = LINE('',#764,#765);
#764 = CARTESIAN_POINT('',(-6.3,-1.1,-3.));
#765 = VECTOR('',#766,1.);
#766 = DIRECTION('',(-0.,-1.,-0.));
#767 = ORIENTED_EDGE('',*,*,#732,.T.);
#768 = PLANE('',#769);
#769 = AXIS2_PLACEMENT_3D('',#770,#771,#772);
#770 = CARTESIAN_POINT('',(-6.3,-1.1,-3.));
#771 = DIRECTION('',(-1.,0.,0.));
#772 = DIRECTION('',(0.,0.,1.));
#773 = ADVANCED_FACE('',(#774),#786,.F.);
#774 = FACE_BOUND('',#775,.T.);
#775 = EDGE_LOOP('',(#776,#777,#778,#779,#780,#781,#782,#783,#784,#785)
  );
#776 = ORIENTED_EDGE('',*,*,#484,.F.);
#777 = ORIENTED_EDGE('',*,*,#523,.F.);
#778 = ORIENTED_EDGE('',*,*,#554,.F.);
#779 = ORIENTED_EDGE('',*,*,#585,.F.);
#780 = ORIENTED_EDGE('',*,*,#616,.F.);
#781 = ORIENTED_EDGE('',*,*,#647,.F.);
#782 = ORIENTED_EDGE('',*,*,#678,.F.);
#783 = ORIENTED_EDGE('',*,*,#709,.F.);
#784 = ORIENTED_EDGE('',*,*,#740,.F.);
#785 = ORIENTED_EDGE('',*,*,#762,.F.);
#786 = PLANE('',#787);
#787 = AXIS2_PLACEMENT_3D('',#788,#789,#790);
#788 = CARTESIAN_POINT('',(-6.,0.3,-3.));
#789 = DIRECTION('',(0.,0.,1.));
#790 = DIRECTION('',(1.,0.,-0.));
#791 = ADVANCED_FACE('',(#792),#804,.F.);
#792 = FACE_BOUND('',#793,.T.);
#793 = EDGE_LOOP('',(#794,#795,#796,#797,#798,#799,#800,#801,#802,#803)
  );
#794 = ORIENTED_EDGE('',*,*,#538,.T.);
#795 = ORIENTED_EDGE('',*,*,#507,.T.);
#796 = ORIENTED_EDGE('',*,*,#465,.T.);
#797 = ORIENTED_EDGE('',*,*,#755,.T.);
#798 = ORIENTED_EDGE('',*,*,#724,.T.);
#799 = ORIENTED_EDGE('',*,*,#693,.T.);
#800 = ORIENTED_EDGE('',*,*,#662,.T.);
#801 = ORIENTED_EDGE('',*,*,#631,.F.);
#802 = ORIENTED_EDGE('',*,*,#600,.T.);
#803 = ORIENTED_EDGE('',*,*,#569,.T.);
#804 = PLANE('',#805);
#805 = AXIS2_PLACEMENT_3D('',#806,#807,#808);
#806 = CARTESIAN_POINT('',(-6.85,-3.7,-2.));
#807 = DIRECTION('',(0.,0.,-1.));
#808 = DIRECTION('',(-1.,0.,-0.));
#809 = ( GEOMETRIC_REPRESENTATION_CONTEXT(3) 
GLOBAL_UNCERTAINTY_ASSIGNED_CONTEXT((#813)) GLOBAL_UNIT_ASSIGNED_CONTEXT
((#810,#811,#812)) REPRESENTATION_CONTEXT('Context #1',
  '3D Context with UNIT and UNCERTAINTY') );
#810 = ( LENGTH_UNIT() NAMED_UNIT(*) SI_UNIT(.MILLI.,.METRE.) );
#811 = ( NAMED_UNIT(*) PLANE_ANGLE_UNIT() SI_UNIT($,.RADIAN.) );
#812 = ( NAMED_UNIT(*) SI_UNIT($,.STERADIAN.) SOLID_ANGLE_UNIT() );
#813 = UNCERTAINTY_MEASURE_WITH_UNIT(LENGTH_MEASURE(1.E-07),#810,
  'distance_accuracy_value','confusion accuracy');
#814 = CONTEXT_DEPENDENT_SHAPE_REPRESENTATION(#815,#817);
#815 = ( REPRESENTATION_RELATIONSHIP('','',#458,#36) 
REPRESENTATION_RELATIONSHIP_WITH_TRANSFORMATION(#816) 
SHAPE_REPRESENTATION_RELATIONSHIP() );
#816 = ITEM_DEFINED_TRANSFORMATION('','',#11,#41);
#817 = PRODUCT_DEFINITION_SHAPE('Placement','Placement of an item',#818
  );
#818 = NEXT_ASSEMBLY_USAGE_OCCURRENCE('29','12mm Push Button001','',#31,
  #453,$);
#819 = PRODUCT_RELATED_PRODUCT_CATEGORY('part',$,(#455));
#820 = SHAPE_DEFINITION_REPRESENTATION(#821,#827);
#821 = PRODUCT_DEFINITION_SHAPE('','',#822);
#822 = PRODUCT_DEFINITION('design','',#823,#826);
#823 = PRODUCT_DEFINITION_FORMATION('','',#824);
#824 = PRODUCT('12mm Push Button002','12mm Push Button002','',(#825));
#825 = PRODUCT_CONTEXT('',#2,'mechanical');
#826 = PRODUCT_DEFINITION_CONTEXT('part definition',#2,'design');
#827 = ADVANCED_BREP_SHAPE_REPRESENTATION('',(#11,#828),#1178);
#828 = MANIFOLD_SOLID_BREP('',#829);
#829 = CLOSED_SHELL('',(#830,#919,#950,#974,#998,#1022,#1046,#1070,#1094
    ,#1118,#1142,#1160));
#830 = ADVANCED_FACE('',(#831),#914,.T.);
#831 = FACE_BOUND('',#832,.T.);
#832 = EDGE_LOOP('',(#833,#844,#852,#860,#868,#876,#884,#892,#900,#908)
  );
#833 = ORIENTED_EDGE('',*,*,#834,.T.);
#834 = EDGE_CURVE('',#835,#837,#839,.T.);
#835 = VERTEX_POINT('',#836);
#836 = CARTESIAN_POINT('',(-6.,0.6,3.));
#837 = VERTEX_POINT('',#838);
#838 = CARTESIAN_POINT('',(-6.3,0.3,3.));
#839 = CIRCLE('',#840,0.3);
#840 = AXIS2_PLACEMENT_3D('',#841,#842,#843);
#841 = CARTESIAN_POINT('',(-6.,0.3,3.));
#842 = DIRECTION('',(0.,0.,1.));
#843 = DIRECTION('',(1.,0.,-0.));
#844 = ORIENTED_EDGE('',*,*,#845,.T.);
#845 = EDGE_CURVE('',#837,#846,#848,.T.);
#846 = VERTEX_POINT('',#847);
#847 = CARTESIAN_POINT('',(-6.3,-1.1,3.));
#848 = LINE('',#849,#850);
#849 = CARTESIAN_POINT('',(-6.3,-1.1,3.));
#850 = VECTOR('',#851,1.);
#851 = DIRECTION('',(-0.,-1.,-0.));
#852 = ORIENTED_EDGE('',*,*,#853,.T.);
#853 = EDGE_CURVE('',#846,#854,#856,.T.);
#854 = VERTEX_POINT('',#855);
#855 = CARTESIAN_POINT('',(-6.85,-2.,3.));
#856 = LINE('',#857,#858);
#857 = CARTESIAN_POINT('',(-6.85,-2.,3.));
#858 = VECTOR('',#859,1.);
#859 = DIRECTION('',(-0.521450009454,-0.853281833652,-0.));
#860 = ORIENTED_EDGE('',*,*,#861,.T.);
#861 = EDGE_CURVE('',#854,#862,#864,.T.);
#862 = VERTEX_POINT('',#863);
#863 = CARTESIAN_POINT('',(-6.3,-3.4,3.));
#864 = LINE('',#865,#866);
#865 = CARTESIAN_POINT('',(-6.3,-3.4,3.));
#866 = VECTOR('',#867,1.);
#867 = DIRECTION('',(0.365652372423,-0.93075149344,-0.));
#868 = ORIENTED_EDGE('',*,*,#869,.T.);
#869 = EDGE_CURVE('',#862,#870,#872,.T.);
#870 = VERTEX_POINT('',#871);
#871 = CARTESIAN_POINT('',(-6.3,-3.7,3.));
#872 = LINE('',#873,#874);
#873 = CARTESIAN_POINT('',(-6.3,-3.7,3.));
#874 = VECTOR('',#875,1.);
#875 = DIRECTION('',(-0.,-1.,-0.));
#876 = ORIENTED_EDGE('',*,*,#877,.T.);
#877 = EDGE_CURVE('',#870,#878,#880,.T.);
#878 = VERTEX_POINT('',#879);
#879 = CARTESIAN_POINT('',(-6.,-3.7,3.));
#880 = LINE('',#881,#882);
#881 = CARTESIAN_POINT('',(-6.,-3.7,3.));
#882 = VECTOR('',#883,1.);
#883 = DIRECTION('',(1.,-0.,-0.));
#884 = ORIENTED_EDGE('',*,*,#885,.T.);
#885 = EDGE_CURVE('',#878,#886,#888,.T.);
#886 = VERTEX_POINT('',#887);
#887 = CARTESIAN_POINT('',(-6.,-3.3,3.));
#888 = LINE('',#889,#890);
#889 = CARTESIAN_POINT('',(-6.,-3.3,3.));
#890 = VECTOR('',#891,1.);
#891 = DIRECTION('',(2.168404344971E-15,1.,-0.));
#892 = ORIENTED_EDGE('',*,*,#893,.T.);
#893 = EDGE_CURVE('',#886,#894,#896,.T.);
#894 = VERTEX_POINT('',#895);
#895 = CARTESIAN_POINT('',(-6.510714285714,-2.,3.));
#896 = LINE('',#897,#898);
#897 = CARTESIAN_POINT('',(-6.510714285714,-2.,3.));
#898 = VECTOR('',#899,1.);
#899 = DIRECTION('',(-0.365652372423,0.93075149344,-0.));
#900 = ORIENTED_EDGE('',*,*,#901,.T.);
#901 = EDGE_CURVE('',#894,#902,#904,.T.);
#902 = VERTEX_POINT('',#903);
#903 = CARTESIAN_POINT('',(-6.,-1.164285714286,3.));
#904 = LINE('',#905,#906);
#905 = CARTESIAN_POINT('',(-6.510714285714,-2.,3.));
#906 = VECTOR('',#907,1.);
#907 = DIRECTION('',(0.521450009454,0.853281833652,0.));
#908 = ORIENTED_EDGE('',*,*,#909,.T.);
#909 = EDGE_CURVE('',#902,#835,#910,.T.);
#910 = LINE('',#911,#912);
#911 = CARTESIAN_POINT('',(-6.,0.6,3.));
#912 = VECTOR('',#913,1.);
#913 = DIRECTION('',(-0.,1.,-0.));
#914 = PLANE('',#915);
#915 = AXIS2_PLACEMENT_3D('',#916,#917,#918);
#916 = CARTESIAN_POINT('',(-6.,0.3,3.));
#917 = DIRECTION('',(0.,0.,1.));
#918 = DIRECTION('',(1.,0.,-0.));
#919 = ADVANCED_FACE('',(#920),#945,.T.);
#920 = FACE_BOUND('',#921,.T.);
#921 = EDGE_LOOP('',(#922,#932,#938,#939));
#922 = ORIENTED_EDGE('',*,*,#923,.F.);
#923 = EDGE_CURVE('',#924,#926,#928,.T.);
#924 = VERTEX_POINT('',#925);
#925 = CARTESIAN_POINT('',(-6.3,-1.1,2.));
#926 = VERTEX_POINT('',#927);
#927 = CARTESIAN_POINT('',(-6.3,0.3,2.));
#928 = LINE('',#929,#930);
#929 = CARTESIAN_POINT('',(-6.3,-1.1,2.));
#930 = VECTOR('',#931,1.);
#931 = DIRECTION('',(0.,1.,0.));
#932 = ORIENTED_EDGE('',*,*,#933,.T.);
#933 = EDGE_CURVE('',#924,#846,#934,.T.);
#934 = LINE('',#935,#936);
#935 = CARTESIAN_POINT('',(-6.3,-1.1,-3.));
#936 = VECTOR('',#937,1.);
#937 = DIRECTION('',(0.,0.,1.));
#938 = ORIENTED_EDGE('',*,*,#845,.F.);
#939 = ORIENTED_EDGE('',*,*,#940,.F.);
#940 = EDGE_CURVE('',#926,#837,#941,.T.);
#941 = LINE('',#942,#943);
#942 = CARTESIAN_POINT('',(-6.3,0.3,-3.));
#943 = VECTOR('',#944,1.);
#944 = DIRECTION('',(0.,0.,1.));
#945 = PLANE('',#946);
#946 = AXIS2_PLACEMENT_3D('',#947,#948,#949);
#947 = CARTESIAN_POINT('',(-6.3,-1.1,-3.));
#948 = DIRECTION('',(-1.,0.,0.));
#949 = DIRECTION('',(0.,0.,1.));
#950 = ADVANCED_FACE('',(#951),#969,.T.);
#951 = FACE_BOUND('',#952,.T.);
#952 = EDGE_LOOP('',(#953,#961,#967,#968));
#953 = ORIENTED_EDGE('',*,*,#954,.F.);
#954 = EDGE_CURVE('',#955,#924,#957,.T.);
#955 = VERTEX_POINT('',#956);
#956 = CARTESIAN_POINT('',(-6.85,-2.,2.));
#957 = LINE('',#958,#959);
#958 = CARTESIAN_POINT('',(-6.85,-2.,2.));
#959 = VECTOR('',#960,1.);
#960 = DIRECTION('',(0.521450009454,0.853281833652,0.));
#961 = ORIENTED_EDGE('',*,*,#962,.T.);
#962 = EDGE_CURVE('',#955,#854,#963,.T.);
#963 = LINE('',#964,#965);
#964 = CARTESIAN_POINT('',(-6.85,-2.,-3.));
#965 = VECTOR('',#966,1.);
#966 = DIRECTION('',(0.,0.,1.));
#967 = ORIENTED_EDGE('',*,*,#853,.F.);
#968 = ORIENTED_EDGE('',*,*,#933,.F.);
#969 = PLANE('',#970);
#970 = AXIS2_PLACEMENT_3D('',#971,#972,#973);
#971 = CARTESIAN_POINT('',(-6.85,-2.,-3.));
#972 = DIRECTION('',(-0.853281833652,0.521450009454,0.));
#973 = DIRECTION('',(-0.521450009454,-0.853281833652,0.));
#974 = ADVANCED_FACE('',(#975),#993,.T.);
#975 = FACE_BOUND('',#976,.T.);
#976 = EDGE_LOOP('',(#977,#985,#991,#992));
#977 = ORIENTED_EDGE('',*,*,#978,.F.);
#978 = EDGE_CURVE('',#979,#955,#981,.T.);
#979 = VERTEX_POINT('',#980);
#980 = CARTESIAN_POINT('',(-6.3,-3.4,2.));
#981 = LINE('',#982,#983);
#982 = CARTESIAN_POINT('',(-6.3,-3.4,2.));
#983 = VECTOR('',#984,1.);
#984 = DIRECTION('',(-0.365652372423,0.93075149344,-0.));
#985 = ORIENTED_EDGE('',*,*,#986,.T.);
#986 = EDGE_CURVE('',#979,#862,#987,.T.);
#987 = LINE('',#988,#989);
#988 = CARTESIAN_POINT('',(-6.3,-3.4,-3.));
#989 = VECTOR('',#990,1.);
#990 = DIRECTION('',(0.,0.,1.));
#991 = ORIENTED_EDGE('',*,*,#861,.F.);
#992 = ORIENTED_EDGE('',*,*,#962,.F.);
#993 = PLANE('',#994);
#994 = AXIS2_PLACEMENT_3D('',#995,#996,#997);
#995 = CARTESIAN_POINT('',(-6.3,-3.4,-3.));
#996 = DIRECTION('',(-0.93075149344,-0.365652372423,0.));
#997 = DIRECTION('',(0.365652372423,-0.93075149344,0.));
#998 = ADVANCED_FACE('',(#999),#1017,.T.);
#999 = FACE_BOUND('',#1000,.T.);
#1000 = EDGE_LOOP('',(#1001,#1009,#1015,#1016));
#1001 = ORIENTED_EDGE('',*,*,#1002,.F.);
#1002 = EDGE_CURVE('',#1003,#979,#1005,.T.);
#1003 = VERTEX_POINT('',#1004);
#1004 = CARTESIAN_POINT('',(-6.3,-3.7,2.));
#1005 = LINE('',#1006,#1007);
#1006 = CARTESIAN_POINT('',(-6.3,-3.7,2.));
#1007 = VECTOR('',#1008,1.);
#1008 = DIRECTION('',(0.,1.,0.));
#1009 = ORIENTED_EDGE('',*,*,#1010,.T.);
#1010 = EDGE_CURVE('',#1003,#870,#1011,.T.);
#1011 = LINE('',#1012,#1013);
#1012 = CARTESIAN_POINT('',(-6.3,-3.7,-3.));
#1013 = VECTOR('',#1014,1.);
#1014 = DIRECTION('',(0.,0.,1.));
#1015 = ORIENTED_EDGE('',*,*,#869,.F.);
#1016 = ORIENTED_EDGE('',*,*,#986,.F.);
#1017 = PLANE('',#1018);
#1018 = AXIS2_PLACEMENT_3D('',#1019,#1020,#1021);
#1019 = CARTESIAN_POINT('',(-6.3,-3.7,-3.));
#1020 = DIRECTION('',(-1.,0.,0.));
#1021 = DIRECTION('',(0.,0.,1.));
#1022 = ADVANCED_FACE('',(#1023),#1041,.T.);
#1023 = FACE_BOUND('',#1024,.T.);
#1024 = EDGE_LOOP('',(#1025,#1033,#1039,#1040));
#1025 = ORIENTED_EDGE('',*,*,#1026,.T.);
#1026 = EDGE_CURVE('',#1003,#1027,#1029,.T.);
#1027 = VERTEX_POINT('',#1028);
#1028 = CARTESIAN_POINT('',(-6.,-3.7,2.));
#1029 = LINE('',#1030,#1031);
#1030 = CARTESIAN_POINT('',(-6.85,-3.7,2.));
#1031 = VECTOR('',#1032,1.);
#1032 = DIRECTION('',(1.,0.,0.));
#1033 = ORIENTED_EDGE('',*,*,#1034,.T.);
#1034 = EDGE_CURVE('',#1027,#878,#1035,.T.);
#1035 = LINE('',#1036,#1037);
#1036 = CARTESIAN_POINT('',(-6.,-3.7,-3.));
#1037 = VECTOR('',#1038,1.);
#1038 = DIRECTION('',(0.,0.,1.));
#1039 = ORIENTED_EDGE('',*,*,#877,.F.);
#1040 = ORIENTED_EDGE('',*,*,#1010,.F.);
#1041 = PLANE('',#1042);
#1042 = AXIS2_PLACEMENT_3D('',#1043,#1044,#1045);
#1043 = CARTESIAN_POINT('',(-6.,-3.7,-3.));
#1044 = DIRECTION('',(0.,-1.,0.));
#1045 = DIRECTION('',(0.,-0.,-1.));
#1046 = ADVANCED_FACE('',(#1047),#1065,.T.);
#1047 = FACE_BOUND('',#1048,.T.);
#1048 = EDGE_LOOP('',(#1049,#1057,#1063,#1064));
#1049 = ORIENTED_EDGE('',*,*,#1050,.T.);
#1050 = EDGE_CURVE('',#1027,#1051,#1053,.T.);
#1051 = VERTEX_POINT('',#1052);
#1052 = CARTESIAN_POINT('',(-6.,-3.3,2.));
#1053 = LINE('',#1054,#1055);
#1054 = CARTESIAN_POINT('',(-6.,-3.7,2.));
#1055 = VECTOR('',#1056,1.);
#1056 = DIRECTION('',(-0.,1.,-0.));
#1057 = ORIENTED_EDGE('',*,*,#1058,.T.);
#1058 = EDGE_CURVE('',#1051,#886,#1059,.T.);
#1059 = LINE('',#1060,#1061);
#1060 = CARTESIAN_POINT('',(-6.,-3.3,-3.));
#1061 = VECTOR('',#1062,1.);
#1062 = DIRECTION('',(0.,0.,1.));
#1063 = ORIENTED_EDGE('',*,*,#885,.F.);
#1064 = ORIENTED_EDGE('',*,*,#1034,.F.);
#1065 = PLANE('',#1066);
#1066 = AXIS2_PLACEMENT_3D('',#1067,#1068,#1069);
#1067 = CARTESIAN_POINT('',(-6.,-3.3,-3.));
#1068 = DIRECTION('',(1.,-2.168404344971E-15,0.));
#1069 = DIRECTION('',(2.168404344971E-15,1.,0.));
#1070 = ADVANCED_FACE('',(#1071),#1089,.T.);
#1071 = FACE_BOUND('',#1072,.T.);
#1072 = EDGE_LOOP('',(#1073,#1081,#1087,#1088));
#1073 = ORIENTED_EDGE('',*,*,#1074,.F.);
#1074 = EDGE_CURVE('',#1075,#1051,#1077,.T.);
#1075 = VERTEX_POINT('',#1076);
#1076 = CARTESIAN_POINT('',(-6.510714285714,-2.,2.));
#1077 = LINE('',#1078,#1079);
#1078 = CARTESIAN_POINT('',(-6.510714285714,-2.,2.));
#1079 = VECTOR('',#1080,1.);
#1080 = DIRECTION('',(0.365652372423,-0.93075149344,0.));
#1081 = ORIENTED_EDGE('',*,*,#1082,.T.);
#1082 = EDGE_CURVE('',#1075,#894,#1083,.T.);
#1083 = LINE('',#1084,#1085);
#1084 = CARTESIAN_POINT('',(-6.510714285714,-2.,-3.));
#1085 = VECTOR('',#1086,1.);
#1086 = DIRECTION('',(0.,0.,1.));
#1087 = ORIENTED_EDGE('',*,*,#893,.F.);
#1088 = ORIENTED_EDGE('',*,*,#1058,.F.);
#1089 = PLANE('',#1090);
#1090 = AXIS2_PLACEMENT_3D('',#1091,#1092,#1093);
#1091 = CARTESIAN_POINT('',(-6.510714285714,-2.,-3.));
#1092 = DIRECTION('',(0.93075149344,0.365652372423,-0.));
#1093 = DIRECTION('',(-0.365652372423,0.93075149344,0.));
#1094 = ADVANCED_FACE('',(#1095),#1113,.T.);
#1095 = FACE_BOUND('',#1096,.T.);
#1096 = EDGE_LOOP('',(#1097,#1105,#1111,#1112));
#1097 = ORIENTED_EDGE('',*,*,#1098,.F.);
#1098 = EDGE_CURVE('',#1099,#1075,#1101,.T.);
#1099 = VERTEX_POINT('',#1100);
#1100 = CARTESIAN_POINT('',(-6.,-1.164285714286,2.));
#1101 = LINE('',#1102,#1103);
#1102 = CARTESIAN_POINT('',(-6.510714285714,-2.,2.));
#1103 = VECTOR('',#1104,1.);
#1104 = DIRECTION('',(-0.521450009454,-0.853281833652,0.));
#1105 = ORIENTED_EDGE('',*,*,#1106,.T.);
#1106 = EDGE_CURVE('',#1099,#902,#1107,.T.);
#1107 = LINE('',#1108,#1109);
#1108 = CARTESIAN_POINT('',(-6.,-1.164285714286,-3.));
#1109 = VECTOR('',#1110,1.);
#1110 = DIRECTION('',(0.,0.,1.));
#1111 = ORIENTED_EDGE('',*,*,#901,.F.);
#1112 = ORIENTED_EDGE('',*,*,#1082,.F.);
#1113 = PLANE('',#1114);
#1114 = AXIS2_PLACEMENT_3D('',#1115,#1116,#1117);
#1115 = CARTESIAN_POINT('',(-6.510714285714,-2.,-3.));
#1116 = DIRECTION('',(0.853281833652,-0.521450009454,0.));
#1117 = DIRECTION('',(0.521450009454,0.853281833652,0.));
#1118 = ADVANCED_FACE('',(#1119),#1137,.T.);
#1119 = FACE_BOUND('',#1120,.T.);
#1120 = EDGE_LOOP('',(#1121,#1129,#1135,#1136));
#1121 = ORIENTED_EDGE('',*,*,#1122,.T.);
#1122 = EDGE_CURVE('',#1099,#1123,#1125,.T.);
#1123 = VERTEX_POINT('',#1124);
#1124 = CARTESIAN_POINT('',(-6.,0.6,2.));
#1125 = LINE('',#1126,#1127);
#1126 = CARTESIAN_POINT('',(-6.,-3.7,2.));
#1127 = VECTOR('',#1128,1.);
#1128 = DIRECTION('',(-0.,1.,-0.));
#1129 = ORIENTED_EDGE('',*,*,#1130,.T.);
#1130 = EDGE_CURVE('',#1123,#835,#1131,.T.);
#1131 = LINE('',#1132,#1133);
#1132 = CARTESIAN_POINT('',(-6.,0.6,-3.));
#1133 = VECTOR('',#1134,1.);
#1134 = DIRECTION('',(0.,0.,1.));
#1135 = ORIENTED_EDGE('',*,*,#909,.F.);
#1136 = ORIENTED_EDGE('',*,*,#1106,.F.);
#1137 = PLANE('',#1138);
#1138 = AXIS2_PLACEMENT_3D('',#1139,#1140,#1141);
#1139 = CARTESIAN_POINT('',(-6.,0.6,-3.));
#1140 = DIRECTION('',(1.,0.,-0.));
#1141 = DIRECTION('',(-0.,0.,-1.));
#1142 = ADVANCED_FACE('',(#1143),#1155,.T.);
#1143 = FACE_BOUND('',#1144,.T.);
#1144 = EDGE_LOOP('',(#1145,#1152,#1153,#1154));
#1145 = ORIENTED_EDGE('',*,*,#1146,.F.);
#1146 = EDGE_CURVE('',#926,#1123,#1147,.T.);
#1147 = CIRCLE('',#1148,0.3);
#1148 = AXIS2_PLACEMENT_3D('',#1149,#1150,#1151);
#1149 = CARTESIAN_POINT('',(-6.,0.3,2.));
#1150 = DIRECTION('',(0.,0.,-1.));
#1151 = DIRECTION('',(1.,0.,0.));
#1152 = ORIENTED_EDGE('',*,*,#940,.T.);
#1153 = ORIENTED_EDGE('',*,*,#834,.F.);
#1154 = ORIENTED_EDGE('',*,*,#1130,.F.);
#1155 = CYLINDRICAL_SURFACE('',#1156,0.3);
#1156 = AXIS2_PLACEMENT_3D('',#1157,#1158,#1159);
#1157 = CARTESIAN_POINT('',(-6.,0.3,-3.));
#1158 = DIRECTION('',(0.,0.,1.));
#1159 = DIRECTION('',(1.,0.,-0.));
#1160 = ADVANCED_FACE('',(#1161),#1173,.F.);
#1161 = FACE_BOUND('',#1162,.T.);
#1162 = EDGE_LOOP('',(#1163,#1164,#1165,#1166,#1167,#1168,#1169,#1170,
    #1171,#1172));
#1163 = ORIENTED_EDGE('',*,*,#1098,.T.);
#1164 = ORIENTED_EDGE('',*,*,#1074,.T.);
#1165 = ORIENTED_EDGE('',*,*,#1050,.F.);
#1166 = ORIENTED_EDGE('',*,*,#1026,.F.);
#1167 = ORIENTED_EDGE('',*,*,#1002,.T.);
#1168 = ORIENTED_EDGE('',*,*,#978,.T.);
#1169 = ORIENTED_EDGE('',*,*,#954,.T.);
#1170 = ORIENTED_EDGE('',*,*,#923,.T.);
#1171 = ORIENTED_EDGE('',*,*,#1146,.T.);
#1172 = ORIENTED_EDGE('',*,*,#1122,.F.);
#1173 = PLANE('',#1174);
#1174 = AXIS2_PLACEMENT_3D('',#1175,#1176,#1177);
#1175 = CARTESIAN_POINT('',(-6.85,-3.7,2.));
#1176 = DIRECTION('',(-0.,0.,1.));
#1177 = DIRECTION('',(1.,0.,0.));
#1178 = ( GEOMETRIC_REPRESENTATION_CONTEXT(3) 
GLOBAL_UNCERTAINTY_ASSIGNED_CONTEXT((#1182)) 
GLOBAL_UNIT_ASSIGNED_CONTEXT((#1179,#1180,#1181)) REPRESENTATION_CONTEXT
('Context #1','3D Context with UNIT and UNCERTAINTY') );
#1179 = ( LENGTH_UNIT() NAMED_UNIT(*) SI_UNIT(.MILLI.,.METRE.) );
#1180 = ( NAMED_UNIT(*) PLANE_ANGLE_UNIT() SI_UNIT($,.RADIAN.) );
#1181 = ( NAMED_UNIT(*) SI_UNIT($,.STERADIAN.) SOLID_ANGLE_UNIT() );
#1182 = UNCERTAINTY_MEASURE_WITH_UNIT(LENGTH_MEASURE(1.E-07),#1179,
  'distance_accuracy_value','confusion accuracy');
#1183 = CONTEXT_DEPENDENT_SHAPE_REPRESENTATION(#1184,#1186);
#1184 = ( REPRESENTATION_RELATIONSHIP('','',#827,#36) 
REPRESENTATION_RELATIONSHIP_WITH_TRANSFORMATION(#1185) 
SHAPE_REPRESENTATION_RELATIONSHIP() );
#1185 = ITEM_DEFINED_TRANSFORMATION('','',#11,#45);
#1186 = PRODUCT_DEFINITION_SHAPE('Placement','Placement of an item',
  #1187);
#1187 = NEXT_ASSEMBLY_USAGE_OCCURRENCE('30','12mm Push Button002','',#31
  ,#822,$);
#1188 = PRODUCT_RELATED_PRODUCT_CATEGORY('part',$,(#824));
#1189 = SHAPE_DEFINITION_REPRESENTATION(#1190,#1196);
#1190 = PRODUCT_DEFINITION_SHAPE('','',#1191);
#1191 = PRODUCT_DEFINITION('design','',#1192,#1195);
#1192 = PRODUCT_DEFINITION_FORMATION('','',#1193);
#1193 = PRODUCT('12mm Push Button003','12mm Push Button003','',(#1194));
#1194 = PRODUCT_CONTEXT('',#2,'mechanical');
#1195 = PRODUCT_DEFINITION_CONTEXT('part definition',#2,'design');
#1196 = ADVANCED_BREP_SHAPE_REPRESENTATION('',(#11,#1197),#1547);
#1197 = MANIFOLD_SOLID_BREP('',#1198);
#1198 = CLOSED_SHELL('',(#1199,#1241,#1272,#1303,#1334,#1365,#1396,#1427
    ,#1458,#1489,#1511,#1529));
#1199 = ADVANCED_FACE('',(#1200),#1236,.T.);
#1200 = FACE_BOUND('',#1201,.T.);
#1201 = EDGE_LOOP('',(#1202,#1213,#1221,#1230));
#1202 = ORIENTED_EDGE('',*,*,#1203,.F.);
#1203 = EDGE_CURVE('',#1204,#1206,#1208,.T.);
#1204 = VERTEX_POINT('',#1205);
#1205 = CARTESIAN_POINT('',(6.3,0.3,-2.));
#1206 = VERTEX_POINT('',#1207);
#1207 = CARTESIAN_POINT('',(6.,0.6,-2.));
#1208 = CIRCLE('',#1209,0.3);
#1209 = AXIS2_PLACEMENT_3D('',#1210,#1211,#1212);
#1210 = CARTESIAN_POINT('',(6.,0.3,-2.));
#1211 = DIRECTION('',(0.,-0.,1.));
#1212 = DIRECTION('',(-1.,0.,0.));
#1213 = ORIENTED_EDGE('',*,*,#1214,.F.);
#1214 = EDGE_CURVE('',#1215,#1204,#1217,.T.);
#1215 = VERTEX_POINT('',#1216);
#1216 = CARTESIAN_POINT('',(6.3,0.3,-3.));
#1217 = LINE('',#1218,#1219);
#1218 = CARTESIAN_POINT('',(6.3,0.3,-3.));
#1219 = VECTOR('',#1220,1.);
#1220 = DIRECTION('',(0.,0.,1.));
#1221 = ORIENTED_EDGE('',*,*,#1222,.T.);
#1222 = EDGE_CURVE('',#1215,#1223,#1225,.T.);
#1223 = VERTEX_POINT('',#1224);
#1224 = CARTESIAN_POINT('',(6.,0.6,-3.));
#1225 = CIRCLE('',#1226,0.3);
#1226 = AXIS2_PLACEMENT_3D('',#1227,#1228,#1229);
#1227 = CARTESIAN_POINT('',(6.,0.3,-3.));
#1228 = DIRECTION('',(0.,0.,1.));
#1229 = DIRECTION('',(-1.,0.,0.));
#1230 = ORIENTED_EDGE('',*,*,#1231,.T.);
#1231 = EDGE_CURVE('',#1223,#1206,#1232,.T.);
#1232 = LINE('',#1233,#1234);
#1233 = CARTESIAN_POINT('',(6.,0.6,-3.));
#1234 = VECTOR('',#1235,1.);
#1235 = DIRECTION('',(0.,0.,1.));
#1236 = CYLINDRICAL_SURFACE('',#1237,0.3);
#1237 = AXIS2_PLACEMENT_3D('',#1238,#1239,#1240);
#1238 = CARTESIAN_POINT('',(6.,0.3,-3.));
#1239 = DIRECTION('',(0.,0.,1.));
#1240 = DIRECTION('',(1.,0.,-0.));
#1241 = ADVANCED_FACE('',(#1242),#1267,.T.);
#1242 = FACE_BOUND('',#1243,.T.);
#1243 = EDGE_LOOP('',(#1244,#1252,#1260,#1266));
#1244 = ORIENTED_EDGE('',*,*,#1245,.F.);
#1245 = EDGE_CURVE('',#1246,#1204,#1248,.T.);
#1246 = VERTEX_POINT('',#1247);
#1247 = CARTESIAN_POINT('',(6.3,-1.1,-2.));
#1248 = LINE('',#1249,#1250);
#1249 = CARTESIAN_POINT('',(6.3,-1.1,-2.));
#1250 = VECTOR('',#1251,1.);
#1251 = DIRECTION('',(-0.,1.,0.));
#1252 = ORIENTED_EDGE('',*,*,#1253,.F.);
#1253 = EDGE_CURVE('',#1254,#1246,#1256,.T.);
#1254 = VERTEX_POINT('',#1255);
#1255 = CARTESIAN_POINT('',(6.3,-1.1,-3.));
#1256 = LINE('',#1257,#1258);
#1257 = CARTESIAN_POINT('',(6.3,-1.1,-3.));
#1258 = VECTOR('',#1259,1.);
#1259 = DIRECTION('',(0.,0.,1.));
#1260 = ORIENTED_EDGE('',*,*,#1261,.T.);
#1261 = EDGE_CURVE('',#1254,#1215,#1262,.T.);
#1262 = LINE('',#1263,#1264);
#1263 = CARTESIAN_POINT('',(6.3,-1.1,-3.));
#1264 = VECTOR('',#1265,1.);
#1265 = DIRECTION('',(0.,1.,0.));
#1266 = ORIENTED_EDGE('',*,*,#1214,.T.);
#1267 = PLANE('',#1268);
#1268 = AXIS2_PLACEMENT_3D('',#1269,#1270,#1271);
#1269 = CARTESIAN_POINT('',(6.3,-1.1,-3.));
#1270 = DIRECTION('',(1.,0.,0.));
#1271 = DIRECTION('',(0.,0.,-1.));
#1272 = ADVANCED_FACE('',(#1273),#1298,.T.);
#1273 = FACE_BOUND('',#1274,.T.);
#1274 = EDGE_LOOP('',(#1275,#1283,#1291,#1297));
#1275 = ORIENTED_EDGE('',*,*,#1276,.F.);
#1276 = EDGE_CURVE('',#1277,#1246,#1279,.T.);
#1277 = VERTEX_POINT('',#1278);
#1278 = CARTESIAN_POINT('',(6.85,-2.,-2.));
#1279 = LINE('',#1280,#1281);
#1280 = CARTESIAN_POINT('',(6.85,-2.,-2.));
#1281 = VECTOR('',#1282,1.);
#1282 = DIRECTION('',(-0.521450009454,0.853281833652,0.));
#1283 = ORIENTED_EDGE('',*,*,#1284,.F.);
#1284 = EDGE_CURVE('',#1285,#1277,#1287,.T.);
#1285 = VERTEX_POINT('',#1286);
#1286 = CARTESIAN_POINT('',(6.85,-2.,-3.));
#1287 = LINE('',#1288,#1289);
#1288 = CARTESIAN_POINT('',(6.85,-2.,-3.));
#1289 = VECTOR('',#1290,1.);
#1290 = DIRECTION('',(0.,0.,1.));
#1291 = ORIENTED_EDGE('',*,*,#1292,.T.);
#1292 = EDGE_CURVE('',#1285,#1254,#1293,.T.);
#1293 = LINE('',#1294,#1295);
#1294 = CARTESIAN_POINT('',(6.85,-2.,-3.));
#1295 = VECTOR('',#1296,1.);
#1296 = DIRECTION('',(-0.521450009454,0.853281833652,0.));
#1297 = ORIENTED_EDGE('',*,*,#1253,.T.);
#1298 = PLANE('',#1299);
#1299 = AXIS2_PLACEMENT_3D('',#1300,#1301,#1302);
#1300 = CARTESIAN_POINT('',(6.85,-2.,-3.));
#1301 = DIRECTION('',(0.853281833652,0.521450009454,-0.));
#1302 = DIRECTION('',(-0.521450009454,0.853281833652,0.));
#1303 = ADVANCED_FACE('',(#1304),#1329,.T.);
#1304 = FACE_BOUND('',#1305,.T.);
#1305 = EDGE_LOOP('',(#1306,#1314,#1322,#1328));
#1306 = ORIENTED_EDGE('',*,*,#1307,.F.);
#1307 = EDGE_CURVE('',#1308,#1277,#1310,.T.);
#1308 = VERTEX_POINT('',#1309);
#1309 = CARTESIAN_POINT('',(6.3,-3.4,-2.));
#1310 = LINE('',#1311,#1312);
#1311 = CARTESIAN_POINT('',(6.3,-3.4,-2.));
#1312 = VECTOR('',#1313,1.);
#1313 = DIRECTION('',(0.365652372423,0.93075149344,0.));
#1314 = ORIENTED_EDGE('',*,*,#1315,.F.);
#1315 = EDGE_CURVE('',#1316,#1308,#1318,.T.);
#1316 = VERTEX_POINT('',#1317);
#1317 = CARTESIAN_POINT('',(6.3,-3.4,-3.));
#1318 = LINE('',#1319,#1320);
#1319 = CARTESIAN_POINT('',(6.3,-3.4,-3.));
#1320 = VECTOR('',#1321,1.);
#1321 = DIRECTION('',(0.,0.,1.));
#1322 = ORIENTED_EDGE('',*,*,#1323,.T.);
#1323 = EDGE_CURVE('',#1316,#1285,#1324,.T.);
#1324 = LINE('',#1325,#1326);
#1325 = CARTESIAN_POINT('',(6.3,-3.4,-3.));
#1326 = VECTOR('',#1327,1.);
#1327 = DIRECTION('',(0.365652372423,0.93075149344,0.));
#1328 = ORIENTED_EDGE('',*,*,#1284,.T.);
#1329 = PLANE('',#1330);
#1330 = AXIS2_PLACEMENT_3D('',#1331,#1332,#1333);
#1331 = CARTESIAN_POINT('',(6.3,-3.4,-3.));
#1332 = DIRECTION('',(0.93075149344,-0.365652372423,0.));
#1333 = DIRECTION('',(0.365652372423,0.93075149344,0.));
#1334 = ADVANCED_FACE('',(#1335),#1360,.T.);
#1335 = FACE_BOUND('',#1336,.T.);
#1336 = EDGE_LOOP('',(#1337,#1345,#1353,#1359));
#1337 = ORIENTED_EDGE('',*,*,#1338,.F.);
#1338 = EDGE_CURVE('',#1339,#1308,#1341,.T.);
#1339 = VERTEX_POINT('',#1340);
#1340 = CARTESIAN_POINT('',(6.3,-3.7,-2.));
#1341 = LINE('',#1342,#1343);
#1342 = CARTESIAN_POINT('',(6.3,-3.7,-2.));
#1343 = VECTOR('',#1344,1.);
#1344 = DIRECTION('',(-0.,1.,0.));
#1345 = ORIENTED_EDGE('',*,*,#1346,.F.);
#1346 = EDGE_CURVE('',#1347,#1339,#1349,.T.);
#1347 = VERTEX_POINT('',#1348);
#1348 = CARTESIAN_POINT('',(6.3,-3.7,-3.));
#1349 = LINE('',#1350,#1351);
#1350 = CARTESIAN_POINT('',(6.3,-3.7,-3.));
#1351 = VECTOR('',#1352,1.);
#1352 = DIRECTION('',(0.,0.,1.));
#1353 = ORIENTED_EDGE('',*,*,#1354,.T.);
#1354 = EDGE_CURVE('',#1347,#1316,#1355,.T.);
#1355 = LINE('',#1356,#1357);
#1356 = CARTESIAN_POINT('',(6.3,-3.7,-3.));
#1357 = VECTOR('',#1358,1.);
#1358 = DIRECTION('',(0.,1.,0.));
#1359 = ORIENTED_EDGE('',*,*,#1315,.T.);
#1360 = PLANE('',#1361);
#1361 = AXIS2_PLACEMENT_3D('',#1362,#1363,#1364);
#1362 = CARTESIAN_POINT('',(6.3,-3.7,-3.));
#1363 = DIRECTION('',(1.,0.,0.));
#1364 = DIRECTION('',(0.,0.,-1.));
#1365 = ADVANCED_FACE('',(#1366),#1391,.T.);
#1366 = FACE_BOUND('',#1367,.T.);
#1367 = EDGE_LOOP('',(#1368,#1376,#1384,#1390));
#1368 = ORIENTED_EDGE('',*,*,#1369,.T.);
#1369 = EDGE_CURVE('',#1339,#1370,#1372,.T.);
#1370 = VERTEX_POINT('',#1371);
#1371 = CARTESIAN_POINT('',(6.,-3.7,-2.));
#1372 = LINE('',#1373,#1374);
#1373 = CARTESIAN_POINT('',(6.,-3.7,-2.));
#1374 = VECTOR('',#1375,1.);
#1375 = DIRECTION('',(-1.,-0.,-0.));
#1376 = ORIENTED_EDGE('',*,*,#1377,.F.);
#1377 = EDGE_CURVE('',#1378,#1370,#1380,.T.);
#1378 = VERTEX_POINT('',#1379);
#1379 = CARTESIAN_POINT('',(6.,-3.7,-3.));
#1380 = LINE('',#1381,#1382);
#1381 = CARTESIAN_POINT('',(6.,-3.7,-3.));
#1382 = VECTOR('',#1383,1.);
#1383 = DIRECTION('',(0.,0.,1.));
#1384 = ORIENTED_EDGE('',*,*,#1385,.T.);
#1385 = EDGE_CURVE('',#1378,#1347,#1386,.T.);
#1386 = LINE('',#1387,#1388);
#1387 = CARTESIAN_POINT('',(6.,-3.7,-3.));
#1388 = VECTOR('',#1389,1.);
#1389 = DIRECTION('',(1.,0.,0.));
#1390 = ORIENTED_EDGE('',*,*,#1346,.T.);
#1391 = PLANE('',#1392);
#1392 = AXIS2_PLACEMENT_3D('',#1393,#1394,#1395);
#1393 = CARTESIAN_POINT('',(6.,-3.7,-3.));
#1394 = DIRECTION('',(0.,-1.,0.));
#1395 = DIRECTION('',(0.,-0.,-1.));
#1396 = ADVANCED_FACE('',(#1397),#1422,.T.);
#1397 = FACE_BOUND('',#1398,.T.);
#1398 = EDGE_LOOP('',(#1399,#1407,#1415,#1421));
#1399 = ORIENTED_EDGE('',*,*,#1400,.T.);
#1400 = EDGE_CURVE('',#1370,#1401,#1403,.T.);
#1401 = VERTEX_POINT('',#1402);
#1402 = CARTESIAN_POINT('',(6.,-3.3,-2.));
#1403 = LINE('',#1404,#1405);
#1404 = CARTESIAN_POINT('',(6.,-3.7,-2.));
#1405 = VECTOR('',#1406,1.);
#1406 = DIRECTION('',(-0.,1.,-0.));
#1407 = ORIENTED_EDGE('',*,*,#1408,.F.);
#1408 = EDGE_CURVE('',#1409,#1401,#1411,.T.);
#1409 = VERTEX_POINT('',#1410);
#1410 = CARTESIAN_POINT('',(6.,-3.3,-3.));
#1411 = LINE('',#1412,#1413);
#1412 = CARTESIAN_POINT('',(6.,-3.3,-3.));
#1413 = VECTOR('',#1414,1.);
#1414 = DIRECTION('',(0.,0.,1.));
#1415 = ORIENTED_EDGE('',*,*,#1416,.T.);
#1416 = EDGE_CURVE('',#1409,#1378,#1417,.T.);
#1417 = LINE('',#1418,#1419);
#1418 = CARTESIAN_POINT('',(6.,-3.3,-3.));
#1419 = VECTOR('',#1420,1.);
#1420 = DIRECTION('',(2.168404344971E-15,-1.,0.));
#1421 = ORIENTED_EDGE('',*,*,#1377,.T.);
#1422 = PLANE('',#1423);
#1423 = AXIS2_PLACEMENT_3D('',#1424,#1425,#1426);
#1424 = CARTESIAN_POINT('',(6.,-3.3,-3.));
#1425 = DIRECTION('',(-1.,-2.168404344971E-15,0.));
#1426 = DIRECTION('',(2.168404344971E-15,-1.,0.));
#1427 = ADVANCED_FACE('',(#1428),#1453,.T.);
#1428 = FACE_BOUND('',#1429,.T.);
#1429 = EDGE_LOOP('',(#1430,#1438,#1446,#1452));
#1430 = ORIENTED_EDGE('',*,*,#1431,.F.);
#1431 = EDGE_CURVE('',#1432,#1401,#1434,.T.);
#1432 = VERTEX_POINT('',#1433);
#1433 = CARTESIAN_POINT('',(6.510714285714,-2.,-2.));
#1434 = LINE('',#1435,#1436);
#1435 = CARTESIAN_POINT('',(6.510714285714,-2.,-2.));
#1436 = VECTOR('',#1437,1.);
#1437 = DIRECTION('',(-0.365652372423,-0.93075149344,0.));
#1438 = ORIENTED_EDGE('',*,*,#1439,.F.);
#1439 = EDGE_CURVE('',#1440,#1432,#1442,.T.);
#1440 = VERTEX_POINT('',#1441);
#1441 = CARTESIAN_POINT('',(6.510714285714,-2.,-3.));
#1442 = LINE('',#1443,#1444);
#1443 = CARTESIAN_POINT('',(6.510714285714,-2.,-3.));
#1444 = VECTOR('',#1445,1.);
#1445 = DIRECTION('',(0.,0.,1.));
#1446 = ORIENTED_EDGE('',*,*,#1447,.T.);
#1447 = EDGE_CURVE('',#1440,#1409,#1448,.T.);
#1448 = LINE('',#1449,#1450);
#1449 = CARTESIAN_POINT('',(6.510714285714,-2.,-3.));
#1450 = VECTOR('',#1451,1.);
#1451 = DIRECTION('',(-0.365652372423,-0.93075149344,0.));
#1452 = ORIENTED_EDGE('',*,*,#1408,.T.);
#1453 = PLANE('',#1454);
#1454 = AXIS2_PLACEMENT_3D('',#1455,#1456,#1457);
#1455 = CARTESIAN_POINT('',(6.510714285714,-2.,-3.));
#1456 = DIRECTION('',(-0.93075149344,0.365652372423,0.));
#1457 = DIRECTION('',(-0.365652372423,-0.93075149344,0.));
#1458 = ADVANCED_FACE('',(#1459),#1484,.T.);
#1459 = FACE_BOUND('',#1460,.T.);
#1460 = EDGE_LOOP('',(#1461,#1469,#1477,#1483));
#1461 = ORIENTED_EDGE('',*,*,#1462,.F.);
#1462 = EDGE_CURVE('',#1463,#1432,#1465,.T.);
#1463 = VERTEX_POINT('',#1464);
#1464 = CARTESIAN_POINT('',(6.,-1.164285714286,-2.));
#1465 = LINE('',#1466,#1467);
#1466 = CARTESIAN_POINT('',(6.510714285714,-2.,-2.));
#1467 = VECTOR('',#1468,1.);
#1468 = DIRECTION('',(0.521450009454,-0.853281833652,0.));
#1469 = ORIENTED_EDGE('',*,*,#1470,.F.);
#1470 = EDGE_CURVE('',#1471,#1463,#1473,.T.);
#1471 = VERTEX_POINT('',#1472);
#1472 = CARTESIAN_POINT('',(6.,-1.164285714286,-3.));
#1473 = LINE('',#1474,#1475);
#1474 = CARTESIAN_POINT('',(6.,-1.164285714286,-3.));
#1475 = VECTOR('',#1476,1.);
#1476 = DIRECTION('',(0.,0.,1.));
#1477 = ORIENTED_EDGE('',*,*,#1478,.T.);
#1478 = EDGE_CURVE('',#1471,#1440,#1479,.T.);
#1479 = LINE('',#1480,#1481);
#1480 = CARTESIAN_POINT('',(6.510714285714,-2.,-3.));
#1481 = VECTOR('',#1482,1.);
#1482 = DIRECTION('',(0.521450009454,-0.853281833652,-0.));
#1483 = ORIENTED_EDGE('',*,*,#1439,.T.);
#1484 = PLANE('',#1485);
#1485 = AXIS2_PLACEMENT_3D('',#1486,#1487,#1488);
#1486 = CARTESIAN_POINT('',(6.510714285714,-2.,-3.));
#1487 = DIRECTION('',(-0.853281833652,-0.521450009454,0.));
#1488 = DIRECTION('',(0.521450009454,-0.853281833652,0.));
#1489 = ADVANCED_FACE('',(#1490),#1506,.T.);
#1490 = FACE_BOUND('',#1491,.T.);
#1491 = EDGE_LOOP('',(#1492,#1498,#1499,#1505));
#1492 = ORIENTED_EDGE('',*,*,#1493,.F.);
#1493 = EDGE_CURVE('',#1206,#1463,#1494,.T.);
#1494 = LINE('',#1495,#1496);
#1495 = CARTESIAN_POINT('',(6.,0.6,-2.));
#1496 = VECTOR('',#1497,1.);
#1497 = DIRECTION('',(0.,-1.,0.));
#1498 = ORIENTED_EDGE('',*,*,#1231,.F.);
#1499 = ORIENTED_EDGE('',*,*,#1500,.T.);
#1500 = EDGE_CURVE('',#1223,#1471,#1501,.T.);
#1501 = LINE('',#1502,#1503);
#1502 = CARTESIAN_POINT('',(6.,0.6,-3.));
#1503 = VECTOR('',#1504,1.);
#1504 = DIRECTION('',(0.,-1.,0.));
#1505 = ORIENTED_EDGE('',*,*,#1470,.T.);
#1506 = PLANE('',#1507);
#1507 = AXIS2_PLACEMENT_3D('',#1508,#1509,#1510);
#1508 = CARTESIAN_POINT('',(6.,0.6,-3.));
#1509 = DIRECTION('',(-1.,0.,0.));
#1510 = DIRECTION('',(0.,0.,1.));
#1511 = ADVANCED_FACE('',(#1512),#1524,.T.);
#1512 = FACE_BOUND('',#1513,.T.);
#1513 = EDGE_LOOP('',(#1514,#1515,#1516,#1517,#1518,#1519,#1520,#1521,
    #1522,#1523));
#1514 = ORIENTED_EDGE('',*,*,#1222,.F.);
#1515 = ORIENTED_EDGE('',*,*,#1261,.F.);
#1516 = ORIENTED_EDGE('',*,*,#1292,.F.);
#1517 = ORIENTED_EDGE('',*,*,#1323,.F.);
#1518 = ORIENTED_EDGE('',*,*,#1354,.F.);
#1519 = ORIENTED_EDGE('',*,*,#1385,.F.);
#1520 = ORIENTED_EDGE('',*,*,#1416,.F.);
#1521 = ORIENTED_EDGE('',*,*,#1447,.F.);
#1522 = ORIENTED_EDGE('',*,*,#1478,.F.);
#1523 = ORIENTED_EDGE('',*,*,#1500,.F.);
#1524 = PLANE('',#1525);
#1525 = AXIS2_PLACEMENT_3D('',#1526,#1527,#1528);
#1526 = CARTESIAN_POINT('',(6.,0.3,-3.));
#1527 = DIRECTION('',(-0.,0.,-1.));
#1528 = DIRECTION('',(-1.,0.,0.));
#1529 = ADVANCED_FACE('',(#1530),#1542,.F.);
#1530 = FACE_BOUND('',#1531,.T.);
#1531 = EDGE_LOOP('',(#1532,#1533,#1534,#1535,#1536,#1537,#1538,#1539,
    #1540,#1541));
#1532 = ORIENTED_EDGE('',*,*,#1203,.T.);
#1533 = ORIENTED_EDGE('',*,*,#1493,.T.);
#1534 = ORIENTED_EDGE('',*,*,#1462,.T.);
#1535 = ORIENTED_EDGE('',*,*,#1431,.T.);
#1536 = ORIENTED_EDGE('',*,*,#1400,.F.);
#1537 = ORIENTED_EDGE('',*,*,#1369,.F.);
#1538 = ORIENTED_EDGE('',*,*,#1338,.T.);
#1539 = ORIENTED_EDGE('',*,*,#1307,.T.);
#1540 = ORIENTED_EDGE('',*,*,#1276,.T.);
#1541 = ORIENTED_EDGE('',*,*,#1245,.T.);
#1542 = PLANE('',#1543);
#1543 = AXIS2_PLACEMENT_3D('',#1544,#1545,#1546);
#1544 = CARTESIAN_POINT('',(6.,-3.7,-2.));
#1545 = DIRECTION('',(0.,0.,-1.));
#1546 = DIRECTION('',(-1.,0.,-0.));
#1547 = ( GEOMETRIC_REPRESENTATION_CONTEXT(3) 
GLOBAL_UNCERTAINTY_ASSIGNED_CONTEXT((#1551)) 
GLOBAL_UNIT_ASSIGNED_CONTEXT((#1548,#1549,#1550)) REPRESENTATION_CONTEXT
('Context #1','3D Context with UNIT and UNCERTAINTY') );
#1548 = ( LENGTH_UNIT() NAMED_UNIT(*) SI_UNIT(.MILLI.,.METRE.) );
#1549 = ( NAMED_UNIT(*) PLANE_ANGLE_UNIT() SI_UNIT($,.RADIAN.) );
#1550 = ( NAMED_UNIT(*) SI_UNIT($,.STERADIAN.) SOLID_ANGLE_UNIT() );
#1551 = UNCERTAINTY_MEASURE_WITH_UNIT(LENGTH_MEASURE(1.E-07),#1548,
  'distance_accuracy_value','confusion accuracy');
#1552 = CONTEXT_DEPENDENT_SHAPE_REPRESENTATION(#1553,#1555);
#1553 = ( REPRESENTATION_RELATIONSHIP('','',#1196,#36) 
REPRESENTATION_RELATIONSHIP_WITH_TRANSFORMATION(#1554) 
SHAPE_REPRESENTATION_RELATIONSHIP() );
#1554 = ITEM_DEFINED_TRANSFORMATION('','',#11,#49);
#1555 = PRODUCT_DEFINITION_SHAPE('Placement','Placement of an item',
  #1556);
#1556 = NEXT_ASSEMBLY_USAGE_OCCURRENCE('31','12mm Push Button003','',#31
  ,#1191,$);
#1557 = PRODUCT_RELATED_PRODUCT_CATEGORY('part',$,(#1193));
#1558 = SHAPE_DEFINITION_REPRESENTATION(#1559,#1565);
#1559 = PRODUCT_DEFINITION_SHAPE('','',#1560);
#1560 = PRODUCT_DEFINITION('design','',#1561,#1564);
#1561 = PRODUCT_DEFINITION_FORMATION('','',#1562);
#1562 = PRODUCT('12mm Push Button004','12mm Push Button004','',(#1563));
#1563 = PRODUCT_CONTEXT('',#2,'mechanical');
#1564 = PRODUCT_DEFINITION_CONTEXT('part definition',#2,'design');
#1565 = ADVANCED_BREP_SHAPE_REPRESENTATION('',(#11,#1566),#1916);
#1566 = MANIFOLD_SOLID_BREP('',#1567);
#1567 = CLOSED_SHELL('',(#1568,#1657,#1688,#1712,#1736,#1760,#1784,#1808
    ,#1832,#1856,#1880,#1898));
#1568 = ADVANCED_FACE('',(#1569),#1652,.F.);
#1569 = FACE_BOUND('',#1570,.T.);
#1570 = EDGE_LOOP('',(#1571,#1582,#1590,#1598,#1606,#1614,#1622,#1630,
    #1638,#1646));
#1571 = ORIENTED_EDGE('',*,*,#1572,.T.);
#1572 = EDGE_CURVE('',#1573,#1575,#1577,.T.);
#1573 = VERTEX_POINT('',#1574);
#1574 = CARTESIAN_POINT('',(6.3,0.3,3.));
#1575 = VERTEX_POINT('',#1576);
#1576 = CARTESIAN_POINT('',(6.,0.6,3.));
#1577 = CIRCLE('',#1578,0.3);
#1578 = AXIS2_PLACEMENT_3D('',#1579,#1580,#1581);
#1579 = CARTESIAN_POINT('',(6.,0.3,3.));
#1580 = DIRECTION('',(0.,0.,1.));
#1581 = DIRECTION('',(-1.,0.,0.));
#1582 = ORIENTED_EDGE('',*,*,#1583,.T.);
#1583 = EDGE_CURVE('',#1575,#1584,#1586,.T.);
#1584 = VERTEX_POINT('',#1585);
#1585 = CARTESIAN_POINT('',(6.,-1.164285714286,3.));
#1586 = LINE('',#1587,#1588);
#1587 = CARTESIAN_POINT('',(6.,0.6,3.));
#1588 = VECTOR('',#1589,1.);
#1589 = DIRECTION('',(0.,-1.,0.));
#1590 = ORIENTED_EDGE('',*,*,#1591,.T.);
#1591 = EDGE_CURVE('',#1584,#1592,#1594,.T.);
#1592 = VERTEX_POINT('',#1593);
#1593 = CARTESIAN_POINT('',(6.510714285714,-2.,3.));
#1594 = LINE('',#1595,#1596);
#1595 = CARTESIAN_POINT('',(6.510714285714,-2.,3.));
#1596 = VECTOR('',#1597,1.);
#1597 = DIRECTION('',(0.521450009454,-0.853281833652,-0.));
#1598 = ORIENTED_EDGE('',*,*,#1599,.T.);
#1599 = EDGE_CURVE('',#1592,#1600,#1602,.T.);
#1600 = VERTEX_POINT('',#1601);
#1601 = CARTESIAN_POINT('',(6.,-3.3,3.));
#1602 = LINE('',#1603,#1604);
#1603 = CARTESIAN_POINT('',(6.510714285714,-2.,3.));
#1604 = VECTOR('',#1605,1.);
#1605 = DIRECTION('',(-0.365652372423,-0.93075149344,0.));
#1606 = ORIENTED_EDGE('',*,*,#1607,.T.);
#1607 = EDGE_CURVE('',#1600,#1608,#1610,.T.);
#1608 = VERTEX_POINT('',#1609);
#1609 = CARTESIAN_POINT('',(6.,-3.7,3.));
#1610 = LINE('',#1611,#1612);
#1611 = CARTESIAN_POINT('',(6.,-3.3,3.));
#1612 = VECTOR('',#1613,1.);
#1613 = DIRECTION('',(2.168404344971E-15,-1.,0.));
#1614 = ORIENTED_EDGE('',*,*,#1615,.T.);
#1615 = EDGE_CURVE('',#1608,#1616,#1618,.T.);
#1616 = VERTEX_POINT('',#1617);
#1617 = CARTESIAN_POINT('',(6.3,-3.7,3.));
#1618 = LINE('',#1619,#1620);
#1619 = CARTESIAN_POINT('',(6.,-3.7,3.));
#1620 = VECTOR('',#1621,1.);
#1621 = DIRECTION('',(1.,0.,0.));
#1622 = ORIENTED_EDGE('',*,*,#1623,.T.);
#1623 = EDGE_CURVE('',#1616,#1624,#1626,.T.);
#1624 = VERTEX_POINT('',#1625);
#1625 = CARTESIAN_POINT('',(6.3,-3.4,3.));
#1626 = LINE('',#1627,#1628);
#1627 = CARTESIAN_POINT('',(6.3,-3.7,3.));
#1628 = VECTOR('',#1629,1.);
#1629 = DIRECTION('',(0.,1.,0.));
#1630 = ORIENTED_EDGE('',*,*,#1631,.T.);
#1631 = EDGE_CURVE('',#1624,#1632,#1634,.T.);
#1632 = VERTEX_POINT('',#1633);
#1633 = CARTESIAN_POINT('',(6.85,-2.,3.));
#1634 = LINE('',#1635,#1636);
#1635 = CARTESIAN_POINT('',(6.3,-3.4,3.));
#1636 = VECTOR('',#1637,1.);
#1637 = DIRECTION('',(0.365652372423,0.93075149344,0.));
#1638 = ORIENTED_EDGE('',*,*,#1639,.T.);
#1639 = EDGE_CURVE('',#1632,#1640,#1642,.T.);
#1640 = VERTEX_POINT('',#1641);
#1641 = CARTESIAN_POINT('',(6.3,-1.1,3.));
#1642 = LINE('',#1643,#1644);
#1643 = CARTESIAN_POINT('',(6.85,-2.,3.));
#1644 = VECTOR('',#1645,1.);
#1645 = DIRECTION('',(-0.521450009454,0.853281833652,0.));
#1646 = ORIENTED_EDGE('',*,*,#1647,.T.);
#1647 = EDGE_CURVE('',#1640,#1573,#1648,.T.);
#1648 = LINE('',#1649,#1650);
#1649 = CARTESIAN_POINT('',(6.3,-1.1,3.));
#1650 = VECTOR('',#1651,1.);
#1651 = DIRECTION('',(0.,1.,0.));
#1652 = PLANE('',#1653);
#1653 = AXIS2_PLACEMENT_3D('',#1654,#1655,#1656);
#1654 = CARTESIAN_POINT('',(6.,0.3,3.));
#1655 = DIRECTION('',(-0.,0.,-1.));
#1656 = DIRECTION('',(-1.,0.,0.));
#1657 = ADVANCED_FACE('',(#1658),#1683,.T.);
#1658 = FACE_BOUND('',#1659,.T.);
#1659 = EDGE_LOOP('',(#1660,#1670,#1676,#1677));
#1660 = ORIENTED_EDGE('',*,*,#1661,.F.);
#1661 = EDGE_CURVE('',#1662,#1664,#1666,.T.);
#1662 = VERTEX_POINT('',#1663);
#1663 = CARTESIAN_POINT('',(6.,-1.164285714286,2.));
#1664 = VERTEX_POINT('',#1665);
#1665 = CARTESIAN_POINT('',(6.,0.6,2.));
#1666 = LINE('',#1667,#1668);
#1667 = CARTESIAN_POINT('',(6.,0.6,2.));
#1668 = VECTOR('',#1669,1.);
#1669 = DIRECTION('',(0.,1.,0.));
#1670 = ORIENTED_EDGE('',*,*,#1671,.T.);
#1671 = EDGE_CURVE('',#1662,#1584,#1672,.T.);
#1672 = LINE('',#1673,#1674);
#1673 = CARTESIAN_POINT('',(6.,-1.164285714286,-3.));
#1674 = VECTOR('',#1675,1.);
#1675 = DIRECTION('',(0.,0.,1.));
#1676 = ORIENTED_EDGE('',*,*,#1583,.F.);
#1677 = ORIENTED_EDGE('',*,*,#1678,.F.);
#1678 = EDGE_CURVE('',#1664,#1575,#1679,.T.);
#1679 = LINE('',#1680,#1681);
#1680 = CARTESIAN_POINT('',(6.,0.6,-3.));
#1681 = VECTOR('',#1682,1.);
#1682 = DIRECTION('',(0.,0.,1.));
#1683 = PLANE('',#1684);
#1684 = AXIS2_PLACEMENT_3D('',#1685,#1686,#1687);
#1685 = CARTESIAN_POINT('',(6.,0.6,-3.));
#1686 = DIRECTION('',(-1.,0.,0.));
#1687 = DIRECTION('',(0.,0.,1.));
#1688 = ADVANCED_FACE('',(#1689),#1707,.T.);
#1689 = FACE_BOUND('',#1690,.T.);
#1690 = EDGE_LOOP('',(#1691,#1699,#1705,#1706));
#1691 = ORIENTED_EDGE('',*,*,#1692,.F.);
#1692 = EDGE_CURVE('',#1693,#1662,#1695,.T.);
#1693 = VERTEX_POINT('',#1694);
#1694 = CARTESIAN_POINT('',(6.510714285714,-2.,2.));
#1695 = LINE('',#1696,#1697);
#1696 = CARTESIAN_POINT('',(6.510714285714,-2.,2.));
#1697 = VECTOR('',#1698,1.);
#1698 = DIRECTION('',(-0.521450009454,0.853281833652,-0.));
#1699 = ORIENTED_EDGE('',*,*,#1700,.T.);
#1700 = EDGE_CURVE('',#1693,#1592,#1701,.T.);
#1701 = LINE('',#1702,#1703);
#1702 = CARTESIAN_POINT('',(6.510714285714,-2.,-3.));
#1703 = VECTOR('',#1704,1.);
#1704 = DIRECTION('',(0.,0.,1.));
#1705 = ORIENTED_EDGE('',*,*,#1591,.F.);
#1706 = ORIENTED_EDGE('',*,*,#1671,.F.);
#1707 = PLANE('',#1708);
#1708 = AXIS2_PLACEMENT_3D('',#1709,#1710,#1711);
#1709 = CARTESIAN_POINT('',(6.510714285714,-2.,-3.));
#1710 = DIRECTION('',(-0.853281833652,-0.521450009454,0.));
#1711 = DIRECTION('',(0.521450009454,-0.853281833652,0.));
#1712 = ADVANCED_FACE('',(#1713),#1731,.T.);
#1713 = FACE_BOUND('',#1714,.T.);
#1714 = EDGE_LOOP('',(#1715,#1723,#1729,#1730));
#1715 = ORIENTED_EDGE('',*,*,#1716,.F.);
#1716 = EDGE_CURVE('',#1717,#1693,#1719,.T.);
#1717 = VERTEX_POINT('',#1718);
#1718 = CARTESIAN_POINT('',(6.,-3.3,2.));
#1719 = LINE('',#1720,#1721);
#1720 = CARTESIAN_POINT('',(6.510714285714,-2.,2.));
#1721 = VECTOR('',#1722,1.);
#1722 = DIRECTION('',(0.365652372423,0.93075149344,0.));
#1723 = ORIENTED_EDGE('',*,*,#1724,.T.);
#1724 = EDGE_CURVE('',#1717,#1600,#1725,.T.);
#1725 = LINE('',#1726,#1727);
#1726 = CARTESIAN_POINT('',(6.,-3.3,-3.));
#1727 = VECTOR('',#1728,1.);
#1728 = DIRECTION('',(0.,0.,1.));
#1729 = ORIENTED_EDGE('',*,*,#1599,.F.);
#1730 = ORIENTED_EDGE('',*,*,#1700,.F.);
#1731 = PLANE('',#1732);
#1732 = AXIS2_PLACEMENT_3D('',#1733,#1734,#1735);
#1733 = CARTESIAN_POINT('',(6.510714285714,-2.,-3.));
#1734 = DIRECTION('',(-0.93075149344,0.365652372423,0.));
#1735 = DIRECTION('',(-0.365652372423,-0.93075149344,0.));
#1736 = ADVANCED_FACE('',(#1737),#1755,.T.);
#1737 = FACE_BOUND('',#1738,.T.);
#1738 = EDGE_LOOP('',(#1739,#1747,#1753,#1754));
#1739 = ORIENTED_EDGE('',*,*,#1740,.F.);
#1740 = EDGE_CURVE('',#1741,#1717,#1743,.T.);
#1741 = VERTEX_POINT('',#1742);
#1742 = CARTESIAN_POINT('',(6.,-3.7,2.));
#1743 = LINE('',#1744,#1745);
#1744 = CARTESIAN_POINT('',(6.,-3.7,2.));
#1745 = VECTOR('',#1746,1.);
#1746 = DIRECTION('',(-0.,1.,-0.));
#1747 = ORIENTED_EDGE('',*,*,#1748,.T.);
#1748 = EDGE_CURVE('',#1741,#1608,#1749,.T.);
#1749 = LINE('',#1750,#1751);
#1750 = CARTESIAN_POINT('',(6.,-3.7,-3.));
#1751 = VECTOR('',#1752,1.);
#1752 = DIRECTION('',(0.,0.,1.));
#1753 = ORIENTED_EDGE('',*,*,#1607,.F.);
#1754 = ORIENTED_EDGE('',*,*,#1724,.F.);
#1755 = PLANE('',#1756);
#1756 = AXIS2_PLACEMENT_3D('',#1757,#1758,#1759);
#1757 = CARTESIAN_POINT('',(6.,-3.3,-3.));
#1758 = DIRECTION('',(-1.,-2.168404344971E-15,0.));
#1759 = DIRECTION('',(2.168404344971E-15,-1.,0.));
#1760 = ADVANCED_FACE('',(#1761),#1779,.T.);
#1761 = FACE_BOUND('',#1762,.T.);
#1762 = EDGE_LOOP('',(#1763,#1771,#1777,#1778));
#1763 = ORIENTED_EDGE('',*,*,#1764,.T.);
#1764 = EDGE_CURVE('',#1741,#1765,#1767,.T.);
#1765 = VERTEX_POINT('',#1766);
#1766 = CARTESIAN_POINT('',(6.3,-3.7,2.));
#1767 = LINE('',#1768,#1769);
#1768 = CARTESIAN_POINT('',(6.,-3.7,2.));
#1769 = VECTOR('',#1770,1.);
#1770 = DIRECTION('',(1.,0.,0.));
#1771 = ORIENTED_EDGE('',*,*,#1772,.T.);
#1772 = EDGE_CURVE('',#1765,#1616,#1773,.T.);
#1773 = LINE('',#1774,#1775);
#1774 = CARTESIAN_POINT('',(6.3,-3.7,-3.));
#1775 = VECTOR('',#1776,1.);
#1776 = DIRECTION('',(0.,0.,1.));
#1777 = ORIENTED_EDGE('',*,*,#1615,.F.);
#1778 = ORIENTED_EDGE('',*,*,#1748,.F.);
#1779 = PLANE('',#1780);
#1780 = AXIS2_PLACEMENT_3D('',#1781,#1782,#1783);
#1781 = CARTESIAN_POINT('',(6.,-3.7,-3.));
#1782 = DIRECTION('',(0.,-1.,0.));
#1783 = DIRECTION('',(0.,-0.,-1.));
#1784 = ADVANCED_FACE('',(#1785),#1803,.T.);
#1785 = FACE_BOUND('',#1786,.T.);
#1786 = EDGE_LOOP('',(#1787,#1795,#1801,#1802));
#1787 = ORIENTED_EDGE('',*,*,#1788,.F.);
#1788 = EDGE_CURVE('',#1789,#1765,#1791,.T.);
#1789 = VERTEX_POINT('',#1790);
#1790 = CARTESIAN_POINT('',(6.3,-3.4,2.));
#1791 = LINE('',#1792,#1793);
#1792 = CARTESIAN_POINT('',(6.3,-3.7,2.));
#1793 = VECTOR('',#1794,1.);
#1794 = DIRECTION('',(0.,-1.,0.));
#1795 = ORIENTED_EDGE('',*,*,#1796,.T.);
#1796 = EDGE_CURVE('',#1789,#1624,#1797,.T.);
#1797 = LINE('',#1798,#1799);
#1798 = CARTESIAN_POINT('',(6.3,-3.4,-3.));
#1799 = VECTOR('',#1800,1.);
#1800 = DIRECTION('',(0.,0.,1.));
#1801 = ORIENTED_EDGE('',*,*,#1623,.F.);
#1802 = ORIENTED_EDGE('',*,*,#1772,.F.);
#1803 = PLANE('',#1804);
#1804 = AXIS2_PLACEMENT_3D('',#1805,#1806,#1807);
#1805 = CARTESIAN_POINT('',(6.3,-3.7,-3.));
#1806 = DIRECTION('',(1.,0.,0.));
#1807 = DIRECTION('',(0.,0.,-1.));
#1808 = ADVANCED_FACE('',(#1809),#1827,.T.);
#1809 = FACE_BOUND('',#1810,.T.);
#1810 = EDGE_LOOP('',(#1811,#1819,#1825,#1826));
#1811 = ORIENTED_EDGE('',*,*,#1812,.F.);
#1812 = EDGE_CURVE('',#1813,#1789,#1815,.T.);
#1813 = VERTEX_POINT('',#1814);
#1814 = CARTESIAN_POINT('',(6.85,-2.,2.));
#1815 = LINE('',#1816,#1817);
#1816 = CARTESIAN_POINT('',(6.3,-3.4,2.));
#1817 = VECTOR('',#1818,1.);
#1818 = DIRECTION('',(-0.365652372423,-0.93075149344,0.));
#1819 = ORIENTED_EDGE('',*,*,#1820,.T.);
#1820 = EDGE_CURVE('',#1813,#1632,#1821,.T.);
#1821 = LINE('',#1822,#1823);
#1822 = CARTESIAN_POINT('',(6.85,-2.,-3.));
#1823 = VECTOR('',#1824,1.);
#1824 = DIRECTION('',(0.,0.,1.));
#1825 = ORIENTED_EDGE('',*,*,#1631,.F.);
#1826 = ORIENTED_EDGE('',*,*,#1796,.F.);
#1827 = PLANE('',#1828);
#1828 = AXIS2_PLACEMENT_3D('',#1829,#1830,#1831);
#1829 = CARTESIAN_POINT('',(6.3,-3.4,-3.));
#1830 = DIRECTION('',(0.93075149344,-0.365652372423,0.));
#1831 = DIRECTION('',(0.365652372423,0.93075149344,0.));
#1832 = ADVANCED_FACE('',(#1833),#1851,.T.);
#1833 = FACE_BOUND('',#1834,.T.);
#1834 = EDGE_LOOP('',(#1835,#1843,#1849,#1850));
#1835 = ORIENTED_EDGE('',*,*,#1836,.F.);
#1836 = EDGE_CURVE('',#1837,#1813,#1839,.T.);
#1837 = VERTEX_POINT('',#1838);
#1838 = CARTESIAN_POINT('',(6.3,-1.1,2.));
#1839 = LINE('',#1840,#1841);
#1840 = CARTESIAN_POINT('',(6.85,-2.,2.));
#1841 = VECTOR('',#1842,1.);
#1842 = DIRECTION('',(0.521450009454,-0.853281833652,0.));
#1843 = ORIENTED_EDGE('',*,*,#1844,.T.);
#1844 = EDGE_CURVE('',#1837,#1640,#1845,.T.);
#1845 = LINE('',#1846,#1847);
#1846 = CARTESIAN_POINT('',(6.3,-1.1,-3.));
#1847 = VECTOR('',#1848,1.);
#1848 = DIRECTION('',(0.,0.,1.));
#1849 = ORIENTED_EDGE('',*,*,#1639,.F.);
#1850 = ORIENTED_EDGE('',*,*,#1820,.F.);
#1851 = PLANE('',#1852);
#1852 = AXIS2_PLACEMENT_3D('',#1853,#1854,#1855);
#1853 = CARTESIAN_POINT('',(6.85,-2.,-3.));
#1854 = DIRECTION('',(0.853281833652,0.521450009454,-0.));
#1855 = DIRECTION('',(-0.521450009454,0.853281833652,0.));
#1856 = ADVANCED_FACE('',(#1857),#1875,.T.);
#1857 = FACE_BOUND('',#1858,.T.);
#1858 = EDGE_LOOP('',(#1859,#1867,#1873,#1874));
#1859 = ORIENTED_EDGE('',*,*,#1860,.F.);
#1860 = EDGE_CURVE('',#1861,#1837,#1863,.T.);
#1861 = VERTEX_POINT('',#1862);
#1862 = CARTESIAN_POINT('',(6.3,0.3,2.));
#1863 = LINE('',#1864,#1865);
#1864 = CARTESIAN_POINT('',(6.3,-1.1,2.));
#1865 = VECTOR('',#1866,1.);
#1866 = DIRECTION('',(0.,-1.,0.));
#1867 = ORIENTED_EDGE('',*,*,#1868,.T.);
#1868 = EDGE_CURVE('',#1861,#1573,#1869,.T.);
#1869 = LINE('',#1870,#1871);
#1870 = CARTESIAN_POINT('',(6.3,0.3,-3.));
#1871 = VECTOR('',#1872,1.);
#1872 = DIRECTION('',(0.,0.,1.));
#1873 = ORIENTED_EDGE('',*,*,#1647,.F.);
#1874 = ORIENTED_EDGE('',*,*,#1844,.F.);
#1875 = PLANE('',#1876);
#1876 = AXIS2_PLACEMENT_3D('',#1877,#1878,#1879);
#1877 = CARTESIAN_POINT('',(6.3,-1.1,-3.));
#1878 = DIRECTION('',(1.,0.,0.));
#1879 = DIRECTION('',(0.,0.,-1.));
#1880 = ADVANCED_FACE('',(#1881),#1893,.T.);
#1881 = FACE_BOUND('',#1882,.T.);
#1882 = EDGE_LOOP('',(#1883,#1890,#1891,#1892));
#1883 = ORIENTED_EDGE('',*,*,#1884,.F.);
#1884 = EDGE_CURVE('',#1664,#1861,#1885,.T.);
#1885 = CIRCLE('',#1886,0.3);
#1886 = AXIS2_PLACEMENT_3D('',#1887,#1888,#1889);
#1887 = CARTESIAN_POINT('',(6.,0.3,2.));
#1888 = DIRECTION('',(0.,0.,-1.));
#1889 = DIRECTION('',(1.,0.,0.));
#1890 = ORIENTED_EDGE('',*,*,#1678,.T.);
#1891 = ORIENTED_EDGE('',*,*,#1572,.F.);
#1892 = ORIENTED_EDGE('',*,*,#1868,.F.);
#1893 = CYLINDRICAL_SURFACE('',#1894,0.3);
#1894 = AXIS2_PLACEMENT_3D('',#1895,#1896,#1897);
#1895 = CARTESIAN_POINT('',(6.,0.3,-3.));
#1896 = DIRECTION('',(0.,0.,1.));
#1897 = DIRECTION('',(1.,0.,-0.));
#1898 = ADVANCED_FACE('',(#1899),#1911,.F.);
#1899 = FACE_BOUND('',#1900,.T.);
#1900 = EDGE_LOOP('',(#1901,#1902,#1903,#1904,#1905,#1906,#1907,#1908,
    #1909,#1910));
#1901 = ORIENTED_EDGE('',*,*,#1884,.T.);
#1902 = ORIENTED_EDGE('',*,*,#1860,.T.);
#1903 = ORIENTED_EDGE('',*,*,#1836,.T.);
#1904 = ORIENTED_EDGE('',*,*,#1812,.T.);
#1905 = ORIENTED_EDGE('',*,*,#1788,.T.);
#1906 = ORIENTED_EDGE('',*,*,#1764,.F.);
#1907 = ORIENTED_EDGE('',*,*,#1740,.T.);
#1908 = ORIENTED_EDGE('',*,*,#1716,.T.);
#1909 = ORIENTED_EDGE('',*,*,#1692,.T.);
#1910 = ORIENTED_EDGE('',*,*,#1661,.T.);
#1911 = PLANE('',#1912);
#1912 = AXIS2_PLACEMENT_3D('',#1913,#1914,#1915);
#1913 = CARTESIAN_POINT('',(6.,-3.7,2.));
#1914 = DIRECTION('',(-0.,0.,1.));
#1915 = DIRECTION('',(1.,0.,0.));
#1916 = ( GEOMETRIC_REPRESENTATION_CONTEXT(3) 
GLOBAL_UNCERTAINTY_ASSIGNED_CONTEXT((#1920)) 
GLOBAL_UNIT_ASSIGNED_CONTEXT((#1917,#1918,#1919)) REPRESENTATION_CONTEXT
('Context #1','3D Context with UNIT and UNCERTAINTY') );
#1917 = ( LENGTH_UNIT() NAMED_UNIT(*) SI_UNIT(.MILLI.,.METRE.) );
#1918 = ( NAMED_UNIT(*) PLANE_ANGLE_UNIT() SI_UNIT($,.RADIAN.) );
#1919 = ( NAMED_UNIT(*) SI_UNIT($,.STERADIAN.) SOLID_ANGLE_UNIT() );
#1920 = UNCERTAINTY_MEASURE_WITH_UNIT(LENGTH_MEASURE(1.E-07),#1917,
  'distance_accuracy_value','confusion accuracy');
#1921 = CONTEXT_DEPENDENT_SHAPE_REPRESENTATION(#1922,#1924);
#1922 = ( REPRESENTATION_RELATIONSHIP('','',#1565,#36) 
REPRESENTATION_RELATIONSHIP_WITH_TRANSFORMATION(#1923) 
SHAPE_REPRESENTATION_RELATIONSHIP() );
#1923 = ITEM_DEFINED_TRANSFORMATION('','',#11,#53);
#1924 = PRODUCT_DEFINITION_SHAPE('Placement','Placement of an item',
  #1925);
#1925 = NEXT_ASSEMBLY_USAGE_OCCURRENCE('32','12mm Push Button004','',#31
  ,#1560,$);
#1926 = PRODUCT_RELATED_PRODUCT_CATEGORY('part',$,(#1562));
#1927 = SHAPE_DEFINITION_REPRESENTATION(#1928,#1934);
#1928 = PRODUCT_DEFINITION_SHAPE('','',#1929);
#1929 = PRODUCT_DEFINITION('design','',#1930,#1933);
#1930 = PRODUCT_DEFINITION_FORMATION('','',#1931);
#1931 = PRODUCT('12mm Push Button005','12mm Push Button005','',(#1932));
#1932 = PRODUCT_CONTEXT('',#2,'mechanical');
#1933 = PRODUCT_DEFINITION_CONTEXT('part definition',#2,'design');
#1934 = ADVANCED_BREP_SHAPE_REPRESENTATION('',(#11,#1935),#2387);
#1935 = MANIFOLD_SOLID_BREP('',#1936);
#1936 = CLOSED_SHELL('',(#1937,#1979,#2021,#2045,#2089,#2099,#2130,#2154
    ,#2178,#2195,#2241,#2272,#2296,#2320,#2337,#2359,#2377));
#1937 = ADVANCED_FACE('',(#1938),#1974,.F.);
#1938 = FACE_BOUND('',#1939,.F.);
#1939 = EDGE_LOOP('',(#1940,#1950,#1959,#1967));
#1940 = ORIENTED_EDGE('',*,*,#1941,.T.);
#1941 = EDGE_CURVE('',#1942,#1944,#1946,.T.);
#1942 = VERTEX_POINT('',#1943);
#1943 = CARTESIAN_POINT('',(0.,5.4,1.2));
#1944 = VERTEX_POINT('',#1945);
#1945 = CARTESIAN_POINT('',(0.,6.9,1.2));
#1946 = LINE('',#1947,#1948);
#1947 = CARTESIAN_POINT('',(0.,5.4,1.2));
#1948 = VECTOR('',#1949,1.);
#1949 = DIRECTION('',(-0.,1.,-0.));
#1950 = ORIENTED_EDGE('',*,*,#1951,.F.);
#1951 = EDGE_CURVE('',#1952,#1944,#1954,.T.);
#1952 = VERTEX_POINT('',#1953);
#1953 = CARTESIAN_POINT('',(1.469576158977E-16,6.9,-1.2));
#1954 = CIRCLE('',#1955,1.2);
#1955 = AXIS2_PLACEMENT_3D('',#1956,#1957,#1958);
#1956 = CARTESIAN_POINT('',(0.,6.9,0.));
#1957 = DIRECTION('',(0.,1.,0.));
#1958 = DIRECTION('',(0.,-0.,1.));
#1959 = ORIENTED_EDGE('',*,*,#1960,.F.);
#1960 = EDGE_CURVE('',#1961,#1952,#1963,.T.);
#1961 = VERTEX_POINT('',#1962);
#1962 = CARTESIAN_POINT('',(1.469576158977E-16,5.4,-1.2));
#1963 = LINE('',#1964,#1965);
#1964 = CARTESIAN_POINT('',(1.469576158977E-16,5.4,-1.2));
#1965 = VECTOR('',#1966,1.);
#1966 = DIRECTION('',(-0.,1.,-0.));
#1967 = ORIENTED_EDGE('',*,*,#1968,.T.);
#1968 = EDGE_CURVE('',#1961,#1942,#1969,.T.);
#1969 = CIRCLE('',#1970,1.2);
#1970 = AXIS2_PLACEMENT_3D('',#1971,#1972,#1973);
#1971 = CARTESIAN_POINT('',(0.,5.4,0.));
#1972 = DIRECTION('',(0.,1.,0.));
#1973 = DIRECTION('',(0.,-0.,1.));
#1974 = CYLINDRICAL_SURFACE('',#1975,1.2);
#1975 = AXIS2_PLACEMENT_3D('',#1976,#1977,#1978);
#1976 = CARTESIAN_POINT('',(0.,5.4,0.));
#1977 = DIRECTION('',(-0.,1.,-0.));
#1978 = DIRECTION('',(0.,0.,1.));
#1979 = ADVANCED_FACE('',(#1980),#2016,.T.);
#1980 = FACE_BOUND('',#1981,.T.);
#1981 = EDGE_LOOP('',(#1982,#1993,#2001,#2010));
#1982 = ORIENTED_EDGE('',*,*,#1983,.F.);
#1983 = EDGE_CURVE('',#1984,#1986,#1988,.T.);
#1984 = VERTEX_POINT('',#1985);
#1985 = CARTESIAN_POINT('',(4.102566777144E-16,4.1,3.35));
#1986 = VERTEX_POINT('',#1987);
#1987 = CARTESIAN_POINT('',(0.,4.1,-3.35));
#1988 = CIRCLE('',#1989,3.35);
#1989 = AXIS2_PLACEMENT_3D('',#1990,#1991,#1992);
#1990 = CARTESIAN_POINT('',(0.,4.1,0.));
#1991 = DIRECTION('',(0.,1.,0.));
#1992 = DIRECTION('',(0.,-0.,1.));
#1993 = ORIENTED_EDGE('',*,*,#1994,.T.);
#1994 = EDGE_CURVE('',#1984,#1995,#1997,.T.);
#1995 = VERTEX_POINT('',#1996);
#1996 = CARTESIAN_POINT('',(4.102566777144E-16,2.7,3.35));
#1997 = LINE('',#1998,#1999);
#1998 = CARTESIAN_POINT('',(4.102566777144E-16,4.1,3.35));
#1999 = VECTOR('',#2000,1.);
#2000 = DIRECTION('',(-0.,-1.,-0.));
#2001 = ORIENTED_EDGE('',*,*,#2002,.T.);
#2002 = EDGE_CURVE('',#1995,#2003,#2005,.T.);
#2003 = VERTEX_POINT('',#2004);
#2004 = CARTESIAN_POINT('',(0.,2.7,-3.35));
#2005 = CIRCLE('',#2006,3.35);
#2006 = AXIS2_PLACEMENT_3D('',#2007,#2008,#2009);
#2007 = CARTESIAN_POINT('',(0.,2.7,0.));
#2008 = DIRECTION('',(0.,1.,0.));
#2009 = DIRECTION('',(0.,-0.,1.));
#2010 = ORIENTED_EDGE('',*,*,#2011,.F.);
#2011 = EDGE_CURVE('',#1986,#2003,#2012,.T.);
#2012 = LINE('',#2013,#2014);
#2013 = CARTESIAN_POINT('',(0.,4.1,-3.35));
#2014 = VECTOR('',#2015,1.);
#2015 = DIRECTION('',(-0.,-1.,-0.));
#2016 = CYLINDRICAL_SURFACE('',#2017,3.35);
#2017 = AXIS2_PLACEMENT_3D('',#2018,#2019,#2020);
#2018 = CARTESIAN_POINT('',(0.,4.1,0.));
#2019 = DIRECTION('',(-0.,-1.,-0.));
#2020 = DIRECTION('',(0.,0.,-1.));
#2021 = ADVANCED_FACE('',(#2022),#2040,.T.);
#2022 = FACE_BOUND('',#2023,.T.);
#2023 = EDGE_LOOP('',(#2024,#2025,#2032,#2033));
#2024 = ORIENTED_EDGE('',*,*,#1994,.F.);
#2025 = ORIENTED_EDGE('',*,*,#2026,.F.);
#2026 = EDGE_CURVE('',#1986,#1984,#2027,.T.);
#2027 = CIRCLE('',#2028,3.35);
#2028 = AXIS2_PLACEMENT_3D('',#2029,#2030,#2031);
#2029 = CARTESIAN_POINT('',(0.,4.1,0.));
#2030 = DIRECTION('',(0.,1.,0.));
#2031 = DIRECTION('',(0.,-0.,1.));
#2032 = ORIENTED_EDGE('',*,*,#2011,.T.);
#2033 = ORIENTED_EDGE('',*,*,#2034,.T.);
#2034 = EDGE_CURVE('',#2003,#1995,#2035,.T.);
#2035 = CIRCLE('',#2036,3.35);
#2036 = AXIS2_PLACEMENT_3D('',#2037,#2038,#2039);
#2037 = CARTESIAN_POINT('',(0.,2.7,0.));
#2038 = DIRECTION('',(0.,1.,0.));
#2039 = DIRECTION('',(0.,-0.,1.));
#2040 = CYLINDRICAL_SURFACE('',#2041,3.35);
#2041 = AXIS2_PLACEMENT_3D('',#2042,#2043,#2044);
#2042 = CARTESIAN_POINT('',(0.,4.1,0.));
#2043 = DIRECTION('',(-0.,-1.,-0.));
#2044 = DIRECTION('',(0.,0.,-1.));
#2045 = ADVANCED_FACE('',(#2046,#2080),#2084,.T.);
#2046 = FACE_BOUND('',#2047,.T.);
#2047 = EDGE_LOOP('',(#2048,#2058,#2066,#2074));
#2048 = ORIENTED_EDGE('',*,*,#2049,.F.);
#2049 = EDGE_CURVE('',#2050,#2052,#2054,.T.);
#2050 = VERTEX_POINT('',#2051);
#2051 = CARTESIAN_POINT('',(-1.5,4.1,-1.5));
#2052 = VERTEX_POINT('',#2053);
#2053 = CARTESIAN_POINT('',(-1.5,4.1,1.5));
#2054 = LINE('',#2055,#2056);
#2055 = CARTESIAN_POINT('',(-1.5,4.1,1.5));
#2056 = VECTOR('',#2057,1.);
#2057 = DIRECTION('',(-0.,-0.,1.));
#2058 = ORIENTED_EDGE('',*,*,#2059,.F.);
#2059 = EDGE_CURVE('',#2060,#2050,#2062,.T.);
#2060 = VERTEX_POINT('',#2061);
#2061 = CARTESIAN_POINT('',(1.5,4.1,-1.5));
#2062 = LINE('',#2063,#2064);
#2063 = CARTESIAN_POINT('',(1.5,4.1,-1.5));
#2064 = VECTOR('',#2065,1.);
#2065 = DIRECTION('',(-1.,0.,1.445602896647E-16));
#2066 = ORIENTED_EDGE('',*,*,#2067,.F.);
#2067 = EDGE_CURVE('',#2068,#2060,#2070,.T.);
#2068 = VERTEX_POINT('',#2069);
#2069 = CARTESIAN_POINT('',(1.5,4.1,1.5));
#2070 = LINE('',#2071,#2072);
#2071 = CARTESIAN_POINT('',(1.5,4.1,1.5));
#2072 = VECTOR('',#2073,1.);
#2073 = DIRECTION('',(0.,0.,-1.));
#2074 = ORIENTED_EDGE('',*,*,#2075,.F.);
#2075 = EDGE_CURVE('',#2052,#2068,#2076,.T.);
#2076 = LINE('',#2077,#2078);
#2077 = CARTESIAN_POINT('',(1.5,4.1,1.5));
#2078 = VECTOR('',#2079,1.);
#2079 = DIRECTION('',(1.,-0.,-1.445602896647E-16));
#2080 = FACE_BOUND('',#2081,.T.);
#2081 = EDGE_LOOP('',(#2082,#2083));
#2082 = ORIENTED_EDGE('',*,*,#2026,.T.);
#2083 = ORIENTED_EDGE('',*,*,#1983,.T.);
#2084 = PLANE('',#2085);
#2085 = AXIS2_PLACEMENT_3D('',#2086,#2087,#2088);
#2086 = CARTESIAN_POINT('',(0.,4.1,0.));
#2087 = DIRECTION('',(0.,1.,0.));
#2088 = DIRECTION('',(0.,-0.,1.));
#2089 = ADVANCED_FACE('',(#2090),#2094,.F.);
#2090 = FACE_BOUND('',#2091,.T.);
#2091 = EDGE_LOOP('',(#2092,#2093));
#2092 = ORIENTED_EDGE('',*,*,#2034,.F.);
#2093 = ORIENTED_EDGE('',*,*,#2002,.F.);
#2094 = PLANE('',#2095);
#2095 = AXIS2_PLACEMENT_3D('',#2096,#2097,#2098);
#2096 = CARTESIAN_POINT('',(0.,2.7,0.));
#2097 = DIRECTION('',(0.,1.,0.));
#2098 = DIRECTION('',(0.,-0.,1.));
#2099 = ADVANCED_FACE('',(#2100),#2125,.F.);
#2100 = FACE_BOUND('',#2101,.T.);
#2101 = EDGE_LOOP('',(#2102,#2103,#2111,#2119));
#2102 = ORIENTED_EDGE('',*,*,#2049,.T.);
#2103 = ORIENTED_EDGE('',*,*,#2104,.F.);
#2104 = EDGE_CURVE('',#2105,#2052,#2107,.T.);
#2105 = VERTEX_POINT('',#2106);
#2106 = CARTESIAN_POINT('',(-1.5,5.1,1.5));
#2107 = LINE('',#2108,#2109);
#2108 = CARTESIAN_POINT('',(-1.5,5.1,1.5));
#2109 = VECTOR('',#2110,1.);
#2110 = DIRECTION('',(-0.,-1.,-0.));
#2111 = ORIENTED_EDGE('',*,*,#2112,.F.);
#2112 = EDGE_CURVE('',#2113,#2105,#2115,.T.);
#2113 = VERTEX_POINT('',#2114);
#2114 = CARTESIAN_POINT('',(-1.5,5.1,-1.5));
#2115 = LINE('',#2116,#2117);
#2116 = CARTESIAN_POINT('',(-1.5,5.1,1.5));
#2117 = VECTOR('',#2118,1.);
#2118 = DIRECTION('',(-0.,-0.,1.));
#2119 = ORIENTED_EDGE('',*,*,#2120,.T.);
#2120 = EDGE_CURVE('',#2113,#2050,#2121,.T.);
#2121 = LINE('',#2122,#2123);
#2122 = CARTESIAN_POINT('',(-1.5,5.1,-1.5));
#2123 = VECTOR('',#2124,1.);
#2124 = DIRECTION('',(-0.,-1.,-0.));
#2125 = PLANE('',#2126);
#2126 = AXIS2_PLACEMENT_3D('',#2127,#2128,#2129);
#2127 = CARTESIAN_POINT('',(-1.5,5.1,1.5));
#2128 = DIRECTION('',(1.,-0.,0.));
#2129 = DIRECTION('',(0.,0.,-1.));
#2130 = ADVANCED_FACE('',(#2131),#2149,.F.);
#2131 = FACE_BOUND('',#2132,.T.);
#2132 = EDGE_LOOP('',(#2133,#2134,#2142,#2148));
#2133 = ORIENTED_EDGE('',*,*,#2075,.T.);
#2134 = ORIENTED_EDGE('',*,*,#2135,.F.);
#2135 = EDGE_CURVE('',#2136,#2068,#2138,.T.);
#2136 = VERTEX_POINT('',#2137);
#2137 = CARTESIAN_POINT('',(1.5,5.1,1.5));
#2138 = LINE('',#2139,#2140);
#2139 = CARTESIAN_POINT('',(1.5,5.1,1.5));
#2140 = VECTOR('',#2141,1.);
#2141 = DIRECTION('',(-0.,-1.,-0.));
#2142 = ORIENTED_EDGE('',*,*,#2143,.F.);
#2143 = EDGE_CURVE('',#2105,#2136,#2144,.T.);
#2144 = LINE('',#2145,#2146);
#2145 = CARTESIAN_POINT('',(1.5,5.1,1.5));
#2146 = VECTOR('',#2147,1.);
#2147 = DIRECTION('',(1.,-0.,-1.445602896647E-16));
#2148 = ORIENTED_EDGE('',*,*,#2104,.T.);
#2149 = PLANE('',#2150);
#2150 = AXIS2_PLACEMENT_3D('',#2151,#2152,#2153);
#2151 = CARTESIAN_POINT('',(1.5,5.1,1.5));
#2152 = DIRECTION('',(-1.445602896647E-16,0.,-1.));
#2153 = DIRECTION('',(-1.,0.,1.445602896647E-16));
#2154 = ADVANCED_FACE('',(#2155),#2173,.F.);
#2155 = FACE_BOUND('',#2156,.T.);
#2156 = EDGE_LOOP('',(#2157,#2158,#2166,#2172));
#2157 = ORIENTED_EDGE('',*,*,#2067,.T.);
#2158 = ORIENTED_EDGE('',*,*,#2159,.F.);
#2159 = EDGE_CURVE('',#2160,#2060,#2162,.T.);
#2160 = VERTEX_POINT('',#2161);
#2161 = CARTESIAN_POINT('',(1.5,5.1,-1.5));
#2162 = LINE('',#2163,#2164);
#2163 = CARTESIAN_POINT('',(1.5,5.1,-1.5));
#2164 = VECTOR('',#2165,1.);
#2165 = DIRECTION('',(-0.,-1.,-0.));
#2166 = ORIENTED_EDGE('',*,*,#2167,.F.);
#2167 = EDGE_CURVE('',#2136,#2160,#2168,.T.);
#2168 = LINE('',#2169,#2170);
#2169 = CARTESIAN_POINT('',(1.5,5.1,1.5));
#2170 = VECTOR('',#2171,1.);
#2171 = DIRECTION('',(0.,0.,-1.));
#2172 = ORIENTED_EDGE('',*,*,#2135,.T.);
#2173 = PLANE('',#2174);
#2174 = AXIS2_PLACEMENT_3D('',#2175,#2176,#2177);
#2175 = CARTESIAN_POINT('',(1.5,5.1,1.5));
#2176 = DIRECTION('',(-1.,0.,0.));
#2177 = DIRECTION('',(0.,0.,1.));
#2178 = ADVANCED_FACE('',(#2179),#2190,.F.);
#2179 = FACE_BOUND('',#2180,.T.);
#2180 = EDGE_LOOP('',(#2181,#2182,#2183,#2189));
#2181 = ORIENTED_EDGE('',*,*,#2059,.T.);
#2182 = ORIENTED_EDGE('',*,*,#2120,.F.);
#2183 = ORIENTED_EDGE('',*,*,#2184,.F.);
#2184 = EDGE_CURVE('',#2160,#2113,#2185,.T.);
#2185 = LINE('',#2186,#2187);
#2186 = CARTESIAN_POINT('',(1.5,5.1,-1.5));
#2187 = VECTOR('',#2188,1.);
#2188 = DIRECTION('',(-1.,0.,1.445602896647E-16));
#2189 = ORIENTED_EDGE('',*,*,#2159,.T.);
#2190 = PLANE('',#2191);
#2191 = AXIS2_PLACEMENT_3D('',#2192,#2193,#2194);
#2192 = CARTESIAN_POINT('',(1.5,5.1,-1.5));
#2193 = DIRECTION('',(1.445602896647E-16,-0.,1.));
#2194 = DIRECTION('',(1.,0.,-1.445602896647E-16));
#2195 = ADVANCED_FACE('',(#2196,#2230),#2236,.F.);
#2196 = FACE_BOUND('',#2197,.T.);
#2197 = EDGE_LOOP('',(#2198,#2208,#2216,#2224));
#2198 = ORIENTED_EDGE('',*,*,#2199,.F.);
#2199 = EDGE_CURVE('',#2200,#2202,#2204,.T.);
#2200 = VERTEX_POINT('',#2201);
#2201 = CARTESIAN_POINT('',(-1.9,5.1,-1.9));
#2202 = VERTEX_POINT('',#2203);
#2203 = CARTESIAN_POINT('',(-1.9,5.1,1.9));
#2204 = LINE('',#2205,#2206);
#2205 = CARTESIAN_POINT('',(-1.9,5.1,1.9));
#2206 = VECTOR('',#2207,1.);
#2207 = DIRECTION('',(-0.,-0.,1.));
#2208 = ORIENTED_EDGE('',*,*,#2209,.F.);
#2209 = EDGE_CURVE('',#2210,#2200,#2212,.T.);
#2210 = VERTEX_POINT('',#2211);
#2211 = CARTESIAN_POINT('',(1.9,5.1,-1.9));
#2212 = LINE('',#2213,#2214);
#2213 = CARTESIAN_POINT('',(1.9,5.1,-1.9));
#2214 = VECTOR('',#2215,1.);
#2215 = DIRECTION('',(-1.,0.,1.141265444722E-16));
#2216 = ORIENTED_EDGE('',*,*,#2217,.F.);
#2217 = EDGE_CURVE('',#2218,#2210,#2220,.T.);
#2218 = VERTEX_POINT('',#2219);
#2219 = CARTESIAN_POINT('',(1.9,5.1,1.9));
#2220 = LINE('',#2221,#2222);
#2221 = CARTESIAN_POINT('',(1.9,5.1,1.9));
#2222 = VECTOR('',#2223,1.);
#2223 = DIRECTION('',(-5.706327223608E-17,0.,-1.));
#2224 = ORIENTED_EDGE('',*,*,#2225,.F.);
#2225 = EDGE_CURVE('',#2202,#2218,#2226,.T.);
#2226 = LINE('',#2227,#2228);
#2227 = CARTESIAN_POINT('',(1.9,5.1,1.9));
#2228 = VECTOR('',#2229,1.);
#2229 = DIRECTION('',(1.,-0.,-2.282530889443E-16));
#2230 = FACE_BOUND('',#2231,.T.);
#2231 = EDGE_LOOP('',(#2232,#2233,#2234,#2235));
#2232 = ORIENTED_EDGE('',*,*,#2184,.T.);
#2233 = ORIENTED_EDGE('',*,*,#2112,.T.);
#2234 = ORIENTED_EDGE('',*,*,#2143,.T.);
#2235 = ORIENTED_EDGE('',*,*,#2167,.T.);
#2236 = PLANE('',#2237);
#2237 = AXIS2_PLACEMENT_3D('',#2238,#2239,#2240);
#2238 = CARTESIAN_POINT('',(0.,5.1,0.));
#2239 = DIRECTION('',(0.,1.,0.));
#2240 = DIRECTION('',(0.,-0.,1.));
#2241 = ADVANCED_FACE('',(#2242),#2267,.F.);
#2242 = FACE_BOUND('',#2243,.T.);
#2243 = EDGE_LOOP('',(#2244,#2245,#2253,#2261));
#2244 = ORIENTED_EDGE('',*,*,#2199,.T.);
#2245 = ORIENTED_EDGE('',*,*,#2246,.F.);
#2246 = EDGE_CURVE('',#2247,#2202,#2249,.T.);
#2247 = VERTEX_POINT('',#2248);
#2248 = CARTESIAN_POINT('',(-1.9,6.9,1.9));
#2249 = LINE('',#2250,#2251);
#2250 = CARTESIAN_POINT('',(-1.9,6.9,1.9));
#2251 = VECTOR('',#2252,1.);
#2252 = DIRECTION('',(-0.,-1.,-0.));
#2253 = ORIENTED_EDGE('',*,*,#2254,.F.);
#2254 = EDGE_CURVE('',#2255,#2247,#2257,.T.);
#2255 = VERTEX_POINT('',#2256);
#2256 = CARTESIAN_POINT('',(-1.9,6.9,-1.9));
#2257 = LINE('',#2258,#2259);
#2258 = CARTESIAN_POINT('',(-1.9,6.9,1.9));
#2259 = VECTOR('',#2260,1.);
#2260 = DIRECTION('',(-0.,-0.,1.));
#2261 = ORIENTED_EDGE('',*,*,#2262,.T.);
#2262 = EDGE_CURVE('',#2255,#2200,#2263,.T.);
#2263 = LINE('',#2264,#2265);
#2264 = CARTESIAN_POINT('',(-1.9,6.9,-1.9));
#2265 = VECTOR('',#2266,1.);
#2266 = DIRECTION('',(-0.,-1.,-0.));
#2267 = PLANE('',#2268);
#2268 = AXIS2_PLACEMENT_3D('',#2269,#2270,#2271);
#2269 = CARTESIAN_POINT('',(-1.9,6.9,1.9));
#2270 = DIRECTION('',(1.,-0.,0.));
#2271 = DIRECTION('',(0.,0.,-1.));
#2272 = ADVANCED_FACE('',(#2273),#2291,.F.);
#2273 = FACE_BOUND('',#2274,.T.);
#2274 = EDGE_LOOP('',(#2275,#2276,#2284,#2290));
#2275 = ORIENTED_EDGE('',*,*,#2225,.T.);
#2276 = ORIENTED_EDGE('',*,*,#2277,.F.);
#2277 = EDGE_CURVE('',#2278,#2218,#2280,.T.);
#2278 = VERTEX_POINT('',#2279);
#2279 = CARTESIAN_POINT('',(1.9,6.9,1.9));
#2280 = LINE('',#2281,#2282);
#2281 = CARTESIAN_POINT('',(1.9,6.9,1.9));
#2282 = VECTOR('',#2283,1.);
#2283 = DIRECTION('',(-0.,-1.,-0.));
#2284 = ORIENTED_EDGE('',*,*,#2285,.F.);
#2285 = EDGE_CURVE('',#2247,#2278,#2286,.T.);
#2286 = LINE('',#2287,#2288);
#2287 = CARTESIAN_POINT('',(1.9,6.9,1.9));
#2288 = VECTOR('',#2289,1.);
#2289 = DIRECTION('',(1.,-0.,-2.282530889443E-16));
#2290 = ORIENTED_EDGE('',*,*,#2246,.T.);
#2291 = PLANE('',#2292);
#2292 = AXIS2_PLACEMENT_3D('',#2293,#2294,#2295);
#2293 = CARTESIAN_POINT('',(1.9,6.9,1.9));
#2294 = DIRECTION('',(-2.282530889443E-16,0.,-1.));
#2295 = DIRECTION('',(-1.,0.,2.282530889443E-16));
#2296 = ADVANCED_FACE('',(#2297),#2315,.F.);
#2297 = FACE_BOUND('',#2298,.T.);
#2298 = EDGE_LOOP('',(#2299,#2300,#2308,#2314));
#2299 = ORIENTED_EDGE('',*,*,#2217,.T.);
#2300 = ORIENTED_EDGE('',*,*,#2301,.F.);
#2301 = EDGE_CURVE('',#2302,#2210,#2304,.T.);
#2302 = VERTEX_POINT('',#2303);
#2303 = CARTESIAN_POINT('',(1.9,6.9,-1.9));
#2304 = LINE('',#2305,#2306);
#2305 = CARTESIAN_POINT('',(1.9,6.9,-1.9));
#2306 = VECTOR('',#2307,1.);
#2307 = DIRECTION('',(-0.,-1.,-0.));
#2308 = ORIENTED_EDGE('',*,*,#2309,.F.);
#2309 = EDGE_CURVE('',#2278,#2302,#2310,.T.);
#2310 = LINE('',#2311,#2312);
#2311 = CARTESIAN_POINT('',(1.9,6.9,1.9));
#2312 = VECTOR('',#2313,1.);
#2313 = DIRECTION('',(-5.706327223608E-17,0.,-1.));
#2314 = ORIENTED_EDGE('',*,*,#2277,.T.);
#2315 = PLANE('',#2316);
#2316 = AXIS2_PLACEMENT_3D('',#2317,#2318,#2319);
#2317 = CARTESIAN_POINT('',(1.9,6.9,1.9));
#2318 = DIRECTION('',(-1.,0.,5.706327223608E-17));
#2319 = DIRECTION('',(5.706327223608E-17,0.,1.));
#2320 = ADVANCED_FACE('',(#2321),#2332,.F.);
#2321 = FACE_BOUND('',#2322,.T.);
#2322 = EDGE_LOOP('',(#2323,#2324,#2325,#2331));
#2323 = ORIENTED_EDGE('',*,*,#2209,.T.);
#2324 = ORIENTED_EDGE('',*,*,#2262,.F.);
#2325 = ORIENTED_EDGE('',*,*,#2326,.F.);
#2326 = EDGE_CURVE('',#2302,#2255,#2327,.T.);
#2327 = LINE('',#2328,#2329);
#2328 = CARTESIAN_POINT('',(1.9,6.9,-1.9));
#2329 = VECTOR('',#2330,1.);
#2330 = DIRECTION('',(-1.,0.,1.141265444722E-16));
#2331 = ORIENTED_EDGE('',*,*,#2301,.T.);
#2332 = PLANE('',#2333);
#2333 = AXIS2_PLACEMENT_3D('',#2334,#2335,#2336);
#2334 = CARTESIAN_POINT('',(1.9,6.9,-1.9));
#2335 = DIRECTION('',(1.141265444722E-16,-0.,1.));
#2336 = DIRECTION('',(1.,0.,-1.141265444722E-16));
#2337 = ADVANCED_FACE('',(#2338,#2348),#2354,.T.);
#2338 = FACE_BOUND('',#2339,.T.);
#2339 = EDGE_LOOP('',(#2340,#2347));
#2340 = ORIENTED_EDGE('',*,*,#2341,.F.);
#2341 = EDGE_CURVE('',#1944,#1952,#2342,.T.);
#2342 = CIRCLE('',#2343,1.2);
#2343 = AXIS2_PLACEMENT_3D('',#2344,#2345,#2346);
#2344 = CARTESIAN_POINT('',(0.,6.9,0.));
#2345 = DIRECTION('',(0.,1.,0.));
#2346 = DIRECTION('',(0.,-0.,1.));
#2347 = ORIENTED_EDGE('',*,*,#1951,.F.);
#2348 = FACE_BOUND('',#2349,.T.);
#2349 = EDGE_LOOP('',(#2350,#2351,#2352,#2353));
#2350 = ORIENTED_EDGE('',*,*,#2254,.T.);
#2351 = ORIENTED_EDGE('',*,*,#2285,.T.);
#2352 = ORIENTED_EDGE('',*,*,#2309,.T.);
#2353 = ORIENTED_EDGE('',*,*,#2326,.T.);
#2354 = PLANE('',#2355);
#2355 = AXIS2_PLACEMENT_3D('',#2356,#2357,#2358);
#2356 = CARTESIAN_POINT('',(0.,6.9,0.));
#2357 = DIRECTION('',(0.,1.,0.));
#2358 = DIRECTION('',(0.,-0.,1.));
#2359 = ADVANCED_FACE('',(#2360),#2372,.F.);
#2360 = FACE_BOUND('',#2361,.F.);
#2361 = EDGE_LOOP('',(#2362,#2363,#2364,#2371));
#2362 = ORIENTED_EDGE('',*,*,#2341,.F.);
#2363 = ORIENTED_EDGE('',*,*,#1941,.F.);
#2364 = ORIENTED_EDGE('',*,*,#2365,.T.);
#2365 = EDGE_CURVE('',#1942,#1961,#2366,.T.);
#2366 = CIRCLE('',#2367,1.2);
#2367 = AXIS2_PLACEMENT_3D('',#2368,#2369,#2370);
#2368 = CARTESIAN_POINT('',(0.,5.4,0.));
#2369 = DIRECTION('',(0.,1.,0.));
#2370 = DIRECTION('',(0.,-0.,1.));
#2371 = ORIENTED_EDGE('',*,*,#1960,.T.);
#2372 = CYLINDRICAL_SURFACE('',#2373,1.2);
#2373 = AXIS2_PLACEMENT_3D('',#2374,#2375,#2376);
#2374 = CARTESIAN_POINT('',(0.,5.4,0.));
#2375 = DIRECTION('',(-0.,1.,-0.));
#2376 = DIRECTION('',(0.,0.,1.));
#2377 = ADVANCED_FACE('',(#2378),#2382,.T.);
#2378 = FACE_BOUND('',#2379,.T.);
#2379 = EDGE_LOOP('',(#2380,#2381));
#2380 = ORIENTED_EDGE('',*,*,#2365,.T.);
#2381 = ORIENTED_EDGE('',*,*,#1968,.T.);
#2382 = PLANE('',#2383);
#2383 = AXIS2_PLACEMENT_3D('',#2384,#2385,#2386);
#2384 = CARTESIAN_POINT('',(0.,5.4,0.));
#2385 = DIRECTION('',(0.,1.,0.));
#2386 = DIRECTION('',(0.,-0.,1.));
#2387 = ( GEOMETRIC_REPRESENTATION_CONTEXT(3) 
GLOBAL_UNCERTAINTY_ASSIGNED_CONTEXT((#2391)) 
GLOBAL_UNIT_ASSIGNED_CONTEXT((#2388,#2389,#2390)) REPRESENTATION_CONTEXT
('Context #1','3D Context with UNIT and UNCERTAINTY') );
#2388 = ( LENGTH_UNIT() NAMED_UNIT(*) SI_UNIT(.MILLI.,.METRE.) );
#2389 = ( NAMED_UNIT(*) PLANE_ANGLE_UNIT() SI_UNIT($,.RADIAN.) );
#2390 = ( NAMED_UNIT(*) SI_UNIT($,.STERADIAN.) SOLID_ANGLE_UNIT() );
#2391 = UNCERTAINTY_MEASURE_WITH_UNIT(LENGTH_MEASURE(1.E-07),#2388,
  'distance_accuracy_value','confusion accuracy');
#2392 = CONTEXT_DEPENDENT_SHAPE_REPRESENTATION(#2393,#2395);
#2393 = ( REPRESENTATION_RELATIONSHIP('','',#1934,#36) 
REPRESENTATION_RELATIONSHIP_WITH_TRANSFORMATION(#2394) 
SHAPE_REPRESENTATION_RELATIONSHIP() );
#2394 = ITEM_DEFINED_TRANSFORMATION('','',#11,#57);
#2395 = PRODUCT_DEFINITION_SHAPE('Placement','Placement of an item',
  #2396);
#2396 = NEXT_ASSEMBLY_USAGE_OCCURRENCE('33','12mm Push Button005','',#31
  ,#1929,$);
#2397 = PRODUCT_RELATED_PRODUCT_CATEGORY('part',$,(#1931));
#2398 = SHAPE_DEFINITION_REPRESENTATION(#2399,#2405);
#2399 = PRODUCT_DEFINITION_SHAPE('','',#2400);
#2400 = PRODUCT_DEFINITION('design','',#2401,#2404);
#2401 = PRODUCT_DEFINITION_FORMATION('','',#2402);
#2402 = PRODUCT('12mm Push Button006','12mm Push Button006','',(#2403));
#2403 = PRODUCT_CONTEXT('',#2,'mechanical');
#2404 = PRODUCT_DEFINITION_CONTEXT('part definition',#2,'design');
#2405 = ADVANCED_BREP_SHAPE_REPRESENTATION('',(#11,#2406),#4058);
#2406 = MANIFOLD_SOLID_BREP('',#2407);
#2407 = CLOSED_SHELL('',(#2408,#2452,#2496,#2540,#2584,#2616,#2648,#2680
    ,#2712,#2952,#2983,#3007,#3031,#3055,#3079,#3103,#3127,#3144,#3194,
    #3225,#3249,#3273,#3290,#3342,#3360,#3376,#3394,#3410,#3428,#3444,
    #3462,#3478,#3490,#3502,#3514,#3526,#3557,#3581,#3605,#3629,#3646,
    #3659,#3690,#3714,#3738,#3762,#3779,#3792,#3823,#3847,#3871,#3895,
    #3912,#3925,#3956,#3980,#4004,#4028,#4045));
#2408 = ADVANCED_FACE('',(#2409),#2447,.T.);
#2409 = FACE_BOUND('',#2410,.T.);
#2410 = EDGE_LOOP('',(#2411,#2422,#2431,#2440));
#2411 = ORIENTED_EDGE('',*,*,#2412,.F.);
#2412 = EDGE_CURVE('',#2413,#2415,#2417,.T.);
#2413 = VERTEX_POINT('',#2414);
#2414 = CARTESIAN_POINT('',(-4.,3.5,-4.625));
#2415 = VERTEX_POINT('',#2416);
#2416 = CARTESIAN_POINT('',(-4.,3.5,-3.375));
#2417 = CIRCLE('',#2418,0.625);
#2418 = AXIS2_PLACEMENT_3D('',#2419,#2420,#2421);
#2419 = CARTESIAN_POINT('',(-4.,3.5,-4.));
#2420 = DIRECTION('',(0.,-1.,0.));
#2421 = DIRECTION('',(0.,0.,1.));
#2422 = ORIENTED_EDGE('',*,*,#2423,.T.);
#2423 = EDGE_CURVE('',#2413,#2424,#2426,.T.);
#2424 = VERTEX_POINT('',#2425);
#2425 = CARTESIAN_POINT('',(-4.,3.6,-4.525));
#2426 = CIRCLE('',#2427,0.1);
#2427 = AXIS2_PLACEMENT_3D('',#2428,#2429,#2430);
#2428 = CARTESIAN_POINT('',(-4.,3.5,-4.525));
#2429 = DIRECTION('',(1.,-0.,1.224646799147E-16));
#2430 = DIRECTION('',(1.224646799147E-16,0.,-1.));
#2431 = ORIENTED_EDGE('',*,*,#2432,.F.);
#2432 = EDGE_CURVE('',#2433,#2424,#2435,.T.);
#2433 = VERTEX_POINT('',#2434);
#2434 = CARTESIAN_POINT('',(-4.,3.6,-3.475));
#2435 = CIRCLE('',#2436,0.525);
#2436 = AXIS2_PLACEMENT_3D('',#2437,#2438,#2439);
#2437 = CARTESIAN_POINT('',(-4.,3.6,-4.));
#2438 = DIRECTION('',(0.,1.,0.));
#2439 = DIRECTION('',(0.,-0.,1.));
#2440 = ORIENTED_EDGE('',*,*,#2441,.F.);
#2441 = EDGE_CURVE('',#2415,#2433,#2442,.T.);
#2442 = CIRCLE('',#2443,1.E-01);
#2443 = AXIS2_PLACEMENT_3D('',#2444,#2445,#2446);
#2444 = CARTESIAN_POINT('',(-4.,3.5,-3.475));
#2445 = DIRECTION('',(-1.,0.,0.));
#2446 = DIRECTION('',(0.,0.,1.));
#2447 = TOROIDAL_SURFACE('',#2448,0.525,0.1);
#2448 = AXIS2_PLACEMENT_3D('',#2449,#2450,#2451);
#2449 = CARTESIAN_POINT('',(-4.,3.5,-4.));
#2450 = DIRECTION('',(0.,1.,0.));
#2451 = DIRECTION('',(0.,-0.,1.));
#2452 = ADVANCED_FACE('',(#2453),#2491,.T.);
#2453 = FACE_BOUND('',#2454,.T.);
#2454 = EDGE_LOOP('',(#2455,#2466,#2475,#2484));
#2455 = ORIENTED_EDGE('',*,*,#2456,.F.);
#2456 = EDGE_CURVE('',#2457,#2459,#2461,.T.);
#2457 = VERTEX_POINT('',#2458);
#2458 = CARTESIAN_POINT('',(-4.,3.5,3.375));
#2459 = VERTEX_POINT('',#2460);
#2460 = CARTESIAN_POINT('',(-4.,3.5,4.625));
#2461 = CIRCLE('',#2462,0.625);
#2462 = AXIS2_PLACEMENT_3D('',#2463,#2464,#2465);
#2463 = CARTESIAN_POINT('',(-4.,3.5,4.));
#2464 = DIRECTION('',(0.,-1.,0.));
#2465 = DIRECTION('',(0.,0.,1.));
#2466 = ORIENTED_EDGE('',*,*,#2467,.T.);
#2467 = EDGE_CURVE('',#2457,#2468,#2470,.T.);
#2468 = VERTEX_POINT('',#2469);
#2469 = CARTESIAN_POINT('',(-4.,3.6,3.475));
#2470 = CIRCLE('',#2471,1.E-01);
#2471 = AXIS2_PLACEMENT_3D('',#2472,#2473,#2474);
#2472 = CARTESIAN_POINT('',(-4.,3.5,3.475));
#2473 = DIRECTION('',(1.,-0.,1.224646799147E-16));
#2474 = DIRECTION('',(1.224646799147E-16,0.,-1.));
#2475 = ORIENTED_EDGE('',*,*,#2476,.F.);
#2476 = EDGE_CURVE('',#2477,#2468,#2479,.T.);
#2477 = VERTEX_POINT('',#2478);
#2478 = CARTESIAN_POINT('',(-4.,3.6,4.525));
#2479 = CIRCLE('',#2480,0.525);
#2480 = AXIS2_PLACEMENT_3D('',#2481,#2482,#2483);
#2481 = CARTESIAN_POINT('',(-4.,3.6,4.));
#2482 = DIRECTION('',(0.,1.,0.));
#2483 = DIRECTION('',(0.,-0.,1.));
#2484 = ORIENTED_EDGE('',*,*,#2485,.F.);
#2485 = EDGE_CURVE('',#2459,#2477,#2486,.T.);
#2486 = CIRCLE('',#2487,0.1);
#2487 = AXIS2_PLACEMENT_3D('',#2488,#2489,#2490);
#2488 = CARTESIAN_POINT('',(-4.,3.5,4.525));
#2489 = DIRECTION('',(-1.,0.,0.));
#2490 = DIRECTION('',(0.,0.,1.));
#2491 = TOROIDAL_SURFACE('',#2492,0.525,0.1);
#2492 = AXIS2_PLACEMENT_3D('',#2493,#2494,#2495);
#2493 = CARTESIAN_POINT('',(-4.,3.5,4.));
#2494 = DIRECTION('',(0.,1.,0.));
#2495 = DIRECTION('',(0.,-0.,1.));
#2496 = ADVANCED_FACE('',(#2497),#2535,.T.);
#2497 = FACE_BOUND('',#2498,.T.);
#2498 = EDGE_LOOP('',(#2499,#2510,#2519,#2528));
#2499 = ORIENTED_EDGE('',*,*,#2500,.F.);
#2500 = EDGE_CURVE('',#2501,#2503,#2505,.T.);
#2501 = VERTEX_POINT('',#2502);
#2502 = CARTESIAN_POINT('',(4.,3.5,3.375));
#2503 = VERTEX_POINT('',#2504);
#2504 = CARTESIAN_POINT('',(4.,3.5,4.625));
#2505 = CIRCLE('',#2506,0.625);
#2506 = AXIS2_PLACEMENT_3D('',#2507,#2508,#2509);
#2507 = CARTESIAN_POINT('',(4.,3.5,4.));
#2508 = DIRECTION('',(0.,-1.,0.));
#2509 = DIRECTION('',(0.,0.,1.));
#2510 = ORIENTED_EDGE('',*,*,#2511,.T.);
#2511 = EDGE_CURVE('',#2501,#2512,#2514,.T.);
#2512 = VERTEX_POINT('',#2513);
#2513 = CARTESIAN_POINT('',(4.,3.6,3.475));
#2514 = CIRCLE('',#2515,1.E-01);
#2515 = AXIS2_PLACEMENT_3D('',#2516,#2517,#2518);
#2516 = CARTESIAN_POINT('',(4.,3.5,3.475));
#2517 = DIRECTION('',(1.,-0.,1.224646799147E-16));
#2518 = DIRECTION('',(1.224646799147E-16,0.,-1.));
#2519 = ORIENTED_EDGE('',*,*,#2520,.F.);
#2520 = EDGE_CURVE('',#2521,#2512,#2523,.T.);
#2521 = VERTEX_POINT('',#2522);
#2522 = CARTESIAN_POINT('',(4.,3.6,4.525));
#2523 = CIRCLE('',#2524,0.525);
#2524 = AXIS2_PLACEMENT_3D('',#2525,#2526,#2527);
#2525 = CARTESIAN_POINT('',(4.,3.6,4.));
#2526 = DIRECTION('',(0.,1.,0.));
#2527 = DIRECTION('',(0.,-0.,1.));
#2528 = ORIENTED_EDGE('',*,*,#2529,.F.);
#2529 = EDGE_CURVE('',#2503,#2521,#2530,.T.);
#2530 = CIRCLE('',#2531,0.1);
#2531 = AXIS2_PLACEMENT_3D('',#2532,#2533,#2534);
#2532 = CARTESIAN_POINT('',(4.,3.5,4.525));
#2533 = DIRECTION('',(-1.,0.,0.));
#2534 = DIRECTION('',(0.,0.,1.));
#2535 = TOROIDAL_SURFACE('',#2536,0.525,0.1);
#2536 = AXIS2_PLACEMENT_3D('',#2537,#2538,#2539);
#2537 = CARTESIAN_POINT('',(4.,3.5,4.));
#2538 = DIRECTION('',(0.,1.,0.));
#2539 = DIRECTION('',(0.,-0.,1.));
#2540 = ADVANCED_FACE('',(#2541),#2579,.T.);
#2541 = FACE_BOUND('',#2542,.T.);
#2542 = EDGE_LOOP('',(#2543,#2554,#2563,#2572));
#2543 = ORIENTED_EDGE('',*,*,#2544,.F.);
#2544 = EDGE_CURVE('',#2545,#2547,#2549,.T.);
#2545 = VERTEX_POINT('',#2546);
#2546 = CARTESIAN_POINT('',(4.,3.5,-4.625));
#2547 = VERTEX_POINT('',#2548);
#2548 = CARTESIAN_POINT('',(4.,3.5,-3.375));
#2549 = CIRCLE('',#2550,0.625);
#2550 = AXIS2_PLACEMENT_3D('',#2551,#2552,#2553);
#2551 = CARTESIAN_POINT('',(4.,3.5,-4.));
#2552 = DIRECTION('',(0.,-1.,0.));
#2553 = DIRECTION('',(0.,0.,1.));
#2554 = ORIENTED_EDGE('',*,*,#2555,.T.);
#2555 = EDGE_CURVE('',#2545,#2556,#2558,.T.);
#2556 = VERTEX_POINT('',#2557);
#2557 = CARTESIAN_POINT('',(4.,3.6,-4.525));
#2558 = CIRCLE('',#2559,0.1);
#2559 = AXIS2_PLACEMENT_3D('',#2560,#2561,#2562);
#2560 = CARTESIAN_POINT('',(4.,3.5,-4.525));
#2561 = DIRECTION('',(1.,-0.,1.224646799147E-16));
#2562 = DIRECTION('',(1.224646799147E-16,0.,-1.));
#2563 = ORIENTED_EDGE('',*,*,#2564,.F.);
#2564 = EDGE_CURVE('',#2565,#2556,#2567,.T.);
#2565 = VERTEX_POINT('',#2566);
#2566 = CARTESIAN_POINT('',(4.,3.6,-3.475));
#2567 = CIRCLE('',#2568,0.525);
#2568 = AXIS2_PLACEMENT_3D('',#2569,#2570,#2571);
#2569 = CARTESIAN_POINT('',(4.,3.6,-4.));
#2570 = DIRECTION('',(0.,1.,0.));
#2571 = DIRECTION('',(0.,-0.,1.));
#2572 = ORIENTED_EDGE('',*,*,#2573,.F.);
#2573 = EDGE_CURVE('',#2547,#2565,#2574,.T.);
#2574 = CIRCLE('',#2575,1.E-01);
#2575 = AXIS2_PLACEMENT_3D('',#2576,#2577,#2578);
#2576 = CARTESIAN_POINT('',(4.,3.5,-3.475));
#2577 = DIRECTION('',(-1.,0.,0.));
#2578 = DIRECTION('',(0.,0.,1.));
#2579 = TOROIDAL_SURFACE('',#2580,0.525,0.1);
#2580 = AXIS2_PLACEMENT_3D('',#2581,#2582,#2583);
#2581 = CARTESIAN_POINT('',(4.,3.5,-4.));
#2582 = DIRECTION('',(0.,1.,0.));
#2583 = DIRECTION('',(0.,-0.,1.));
#2584 = ADVANCED_FACE('',(#2585),#2611,.T.);
#2585 = FACE_BOUND('',#2586,.T.);
#2586 = EDGE_LOOP('',(#2587,#2588,#2596,#2605));
#2587 = ORIENTED_EDGE('',*,*,#2500,.T.);
#2588 = ORIENTED_EDGE('',*,*,#2589,.T.);
#2589 = EDGE_CURVE('',#2503,#2590,#2592,.T.);
#2590 = VERTEX_POINT('',#2591);
#2591 = CARTESIAN_POINT('',(4.,2.7,4.625));
#2592 = LINE('',#2593,#2594);
#2593 = CARTESIAN_POINT('',(4.,3.6,4.625));
#2594 = VECTOR('',#2595,1.);
#2595 = DIRECTION('',(-0.,-1.,-0.));
#2596 = ORIENTED_EDGE('',*,*,#2597,.T.);
#2597 = EDGE_CURVE('',#2590,#2598,#2600,.T.);
#2598 = VERTEX_POINT('',#2599);
#2599 = CARTESIAN_POINT('',(4.,2.7,3.375));
#2600 = CIRCLE('',#2601,0.625);
#2601 = AXIS2_PLACEMENT_3D('',#2602,#2603,#2604);
#2602 = CARTESIAN_POINT('',(4.,2.7,4.));
#2603 = DIRECTION('',(0.,1.,0.));
#2604 = DIRECTION('',(0.,-0.,1.));
#2605 = ORIENTED_EDGE('',*,*,#2606,.F.);
#2606 = EDGE_CURVE('',#2501,#2598,#2607,.T.);
#2607 = LINE('',#2608,#2609);
#2608 = CARTESIAN_POINT('',(4.,3.6,3.375));
#2609 = VECTOR('',#2610,1.);
#2610 = DIRECTION('',(-0.,-1.,-0.));
#2611 = CYLINDRICAL_SURFACE('',#2612,0.625);
#2612 = AXIS2_PLACEMENT_3D('',#2613,#2614,#2615);
#2613 = CARTESIAN_POINT('',(4.,3.6,4.));
#2614 = DIRECTION('',(-0.,-1.,-0.));
#2615 = DIRECTION('',(0.,0.,-1.));
#2616 = ADVANCED_FACE('',(#2617),#2643,.T.);
#2617 = FACE_BOUND('',#2618,.T.);
#2618 = EDGE_LOOP('',(#2619,#2620,#2628,#2637));
#2619 = ORIENTED_EDGE('',*,*,#2456,.T.);
#2620 = ORIENTED_EDGE('',*,*,#2621,.T.);
#2621 = EDGE_CURVE('',#2459,#2622,#2624,.T.);
#2622 = VERTEX_POINT('',#2623);
#2623 = CARTESIAN_POINT('',(-4.,2.7,4.625));
#2624 = LINE('',#2625,#2626);
#2625 = CARTESIAN_POINT('',(-4.,3.6,4.625));
#2626 = VECTOR('',#2627,1.);
#2627 = DIRECTION('',(-0.,-1.,-0.));
#2628 = ORIENTED_EDGE('',*,*,#2629,.T.);
#2629 = EDGE_CURVE('',#2622,#2630,#2632,.T.);
#2630 = VERTEX_POINT('',#2631);
#2631 = CARTESIAN_POINT('',(-4.,2.7,3.375));
#2632 = CIRCLE('',#2633,0.625);
#2633 = AXIS2_PLACEMENT_3D('',#2634,#2635,#2636);
#2634 = CARTESIAN_POINT('',(-4.,2.7,4.));
#2635 = DIRECTION('',(0.,1.,0.));
#2636 = DIRECTION('',(0.,-0.,1.));
#2637 = ORIENTED_EDGE('',*,*,#2638,.F.);
#2638 = EDGE_CURVE('',#2457,#2630,#2639,.T.);
#2639 = LINE('',#2640,#2641);
#2640 = CARTESIAN_POINT('',(-4.,3.6,3.375));
#2641 = VECTOR('',#2642,1.);
#2642 = DIRECTION('',(-0.,-1.,-0.));
#2643 = CYLINDRICAL_SURFACE('',#2644,0.625);
#2644 = AXIS2_PLACEMENT_3D('',#2645,#2646,#2647);
#2645 = CARTESIAN_POINT('',(-4.,3.6,4.));
#2646 = DIRECTION('',(-0.,-1.,-0.));
#2647 = DIRECTION('',(0.,0.,-1.));
#2648 = ADVANCED_FACE('',(#2649),#2675,.T.);
#2649 = FACE_BOUND('',#2650,.T.);
#2650 = EDGE_LOOP('',(#2651,#2652,#2660,#2669));
#2651 = ORIENTED_EDGE('',*,*,#2544,.T.);
#2652 = ORIENTED_EDGE('',*,*,#2653,.T.);
#2653 = EDGE_CURVE('',#2547,#2654,#2656,.T.);
#2654 = VERTEX_POINT('',#2655);
#2655 = CARTESIAN_POINT('',(4.,2.7,-3.375));
#2656 = LINE('',#2657,#2658);
#2657 = CARTESIAN_POINT('',(4.,3.6,-3.375));
#2658 = VECTOR('',#2659,1.);
#2659 = DIRECTION('',(-0.,-1.,-0.));
#2660 = ORIENTED_EDGE('',*,*,#2661,.T.);
#2661 = EDGE_CURVE('',#2654,#2662,#2664,.T.);
#2662 = VERTEX_POINT('',#2663);
#2663 = CARTESIAN_POINT('',(4.,2.7,-4.625));
#2664 = CIRCLE('',#2665,0.625);
#2665 = AXIS2_PLACEMENT_3D('',#2666,#2667,#2668);
#2666 = CARTESIAN_POINT('',(4.,2.7,-4.));
#2667 = DIRECTION('',(0.,1.,0.));
#2668 = DIRECTION('',(0.,-0.,1.));
#2669 = ORIENTED_EDGE('',*,*,#2670,.F.);
#2670 = EDGE_CURVE('',#2545,#2662,#2671,.T.);
#2671 = LINE('',#2672,#2673);
#2672 = CARTESIAN_POINT('',(4.,3.6,-4.625));
#2673 = VECTOR('',#2674,1.);
#2674 = DIRECTION('',(-0.,-1.,-0.));
#2675 = CYLINDRICAL_SURFACE('',#2676,0.625);
#2676 = AXIS2_PLACEMENT_3D('',#2677,#2678,#2679);
#2677 = CARTESIAN_POINT('',(4.,3.6,-4.));
#2678 = DIRECTION('',(-0.,-1.,-0.));
#2679 = DIRECTION('',(0.,0.,-1.));
#2680 = ADVANCED_FACE('',(#2681),#2707,.T.);
#2681 = FACE_BOUND('',#2682,.T.);
#2682 = EDGE_LOOP('',(#2683,#2684,#2692,#2701));
#2683 = ORIENTED_EDGE('',*,*,#2412,.T.);
#2684 = ORIENTED_EDGE('',*,*,#2685,.T.);
#2685 = EDGE_CURVE('',#2415,#2686,#2688,.T.);
#2686 = VERTEX_POINT('',#2687);
#2687 = CARTESIAN_POINT('',(-4.,2.7,-3.375));
#2688 = LINE('',#2689,#2690);
#2689 = CARTESIAN_POINT('',(-4.,3.6,-3.375));
#2690 = VECTOR('',#2691,1.);
#2691 = DIRECTION('',(-0.,-1.,-0.));
#2692 = ORIENTED_EDGE('',*,*,#2693,.T.);
#2693 = EDGE_CURVE('',#2686,#2694,#2696,.T.);
#2694 = VERTEX_POINT('',#2695);
#2695 = CARTESIAN_POINT('',(-4.,2.7,-4.625));
#2696 = CIRCLE('',#2697,0.625);
#2697 = AXIS2_PLACEMENT_3D('',#2698,#2699,#2700);
#2698 = CARTESIAN_POINT('',(-4.,2.7,-4.));
#2699 = DIRECTION('',(0.,1.,0.));
#2700 = DIRECTION('',(0.,-0.,1.));
#2701 = ORIENTED_EDGE('',*,*,#2702,.F.);
#2702 = EDGE_CURVE('',#2413,#2694,#2703,.T.);
#2703 = LINE('',#2704,#2705);
#2704 = CARTESIAN_POINT('',(-4.,3.6,-4.625));
#2705 = VECTOR('',#2706,1.);
#2706 = DIRECTION('',(-0.,-1.,-0.));
#2707 = CYLINDRICAL_SURFACE('',#2708,0.625);
#2708 = AXIS2_PLACEMENT_3D('',#2709,#2710,#2711);
#2709 = CARTESIAN_POINT('',(-4.,3.6,-4.));
#2710 = DIRECTION('',(-0.,-1.,-0.));
#2711 = DIRECTION('',(0.,0.,-1.));
#2712 = ADVANCED_FACE('',(#2713,#2779,#2821,#2863,#2905),#2947,.T.);
#2713 = FACE_BOUND('',#2714,.T.);
#2714 = EDGE_LOOP('',(#2715,#2725,#2733,#2741,#2749,#2757,#2765,#2773));
#2715 = ORIENTED_EDGE('',*,*,#2716,.F.);
#2716 = EDGE_CURVE('',#2717,#2719,#2721,.T.);
#2717 = VERTEX_POINT('',#2718);
#2718 = CARTESIAN_POINT('',(5.,0.,-6.));
#2719 = VERTEX_POINT('',#2720);
#2720 = CARTESIAN_POINT('',(-5.,0.,-6.));
#2721 = LINE('',#2722,#2723);
#2722 = CARTESIAN_POINT('',(5.,0.,-6.));
#2723 = VECTOR('',#2724,1.);
#2724 = DIRECTION('',(-1.,0.,1.734723475977E-16));
#2725 = ORIENTED_EDGE('',*,*,#2726,.F.);
#2726 = EDGE_CURVE('',#2727,#2717,#2729,.T.);
#2727 = VERTEX_POINT('',#2728);
#2728 = CARTESIAN_POINT('',(6.,0.,-5.));
#2729 = LINE('',#2730,#2731);
#2730 = CARTESIAN_POINT('',(6.,0.,-5.));
#2731 = VECTOR('',#2732,1.);
#2732 = DIRECTION('',(-0.707106781187,0.,-0.707106781187));
#2733 = ORIENTED_EDGE('',*,*,#2734,.F.);
#2734 = EDGE_CURVE('',#2735,#2727,#2737,.T.);
#2735 = VERTEX_POINT('',#2736);
#2736 = CARTESIAN_POINT('',(6.,0.,5.));
#2737 = LINE('',#2738,#2739);
#2738 = CARTESIAN_POINT('',(6.,0.,5.));
#2739 = VECTOR('',#2740,1.);
#2740 = DIRECTION('',(0.,0.,-1.));
#2741 = ORIENTED_EDGE('',*,*,#2742,.F.);
#2742 = EDGE_CURVE('',#2743,#2735,#2745,.T.);
#2743 = VERTEX_POINT('',#2744);
#2744 = CARTESIAN_POINT('',(5.,0.,6.));
#2745 = LINE('',#2746,#2747);
#2746 = CARTESIAN_POINT('',(6.,0.,5.));
#2747 = VECTOR('',#2748,1.);
#2748 = DIRECTION('',(0.707106781187,-0.,-0.707106781187));
#2749 = ORIENTED_EDGE('',*,*,#2750,.F.);
#2750 = EDGE_CURVE('',#2751,#2743,#2753,.T.);
#2751 = VERTEX_POINT('',#2752);
#2752 = CARTESIAN_POINT('',(-5.,0.,6.));
#2753 = LINE('',#2754,#2755);
#2754 = CARTESIAN_POINT('',(5.,0.,6.));
#2755 = VECTOR('',#2756,1.);
#2756 = DIRECTION('',(1.,-0.,-1.734723475977E-16));
#2757 = ORIENTED_EDGE('',*,*,#2758,.F.);
#2758 = EDGE_CURVE('',#2759,#2751,#2761,.T.);
#2759 = VERTEX_POINT('',#2760);
#2760 = CARTESIAN_POINT('',(-6.,0.,5.));
#2761 = LINE('',#2762,#2763);
#2762 = CARTESIAN_POINT('',(-5.,0.,6.));
#2763 = VECTOR('',#2764,1.);
#2764 = DIRECTION('',(0.707106781187,-0.,0.707106781187));
#2765 = ORIENTED_EDGE('',*,*,#2766,.F.);
#2766 = EDGE_CURVE('',#2767,#2759,#2769,.T.);
#2767 = VERTEX_POINT('',#2768);
#2768 = CARTESIAN_POINT('',(-6.,0.,-5.));
#2769 = LINE('',#2770,#2771);
#2770 = CARTESIAN_POINT('',(-6.,0.,5.));
#2771 = VECTOR('',#2772,1.);
#2772 = DIRECTION('',(-0.,-0.,1.));
#2773 = ORIENTED_EDGE('',*,*,#2774,.F.);
#2774 = EDGE_CURVE('',#2719,#2767,#2775,.T.);
#2775 = LINE('',#2776,#2777);
#2776 = CARTESIAN_POINT('',(-5.,0.,-6.));
#2777 = VECTOR('',#2778,1.);
#2778 = DIRECTION('',(-0.707106781187,0.,0.707106781187));
#2779 = FACE_BOUND('',#2780,.T.);
#2780 = EDGE_LOOP('',(#2781,#2791,#2799,#2807,#2815));
#2781 = ORIENTED_EDGE('',*,*,#2782,.F.);
#2782 = EDGE_CURVE('',#2783,#2785,#2787,.T.);
#2783 = VERTEX_POINT('',#2784);
#2784 = CARTESIAN_POINT('',(3.,0.,5.5));
#2785 = VERTEX_POINT('',#2786);
#2786 = CARTESIAN_POINT('',(3.,0.,3.7));
#2787 = LINE('',#2788,#2789);
#2788 = CARTESIAN_POINT('',(3.,0.,5.5));
#2789 = VECTOR('',#2790,1.);
#2790 = DIRECTION('',(2.409338161079E-16,0.,-1.));
#2791 = ORIENTED_EDGE('',*,*,#2792,.F.);
#2792 = EDGE_CURVE('',#2793,#2783,#2795,.T.);
#2793 = VERTEX_POINT('',#2794);
#2794 = CARTESIAN_POINT('',(4.792893218813,0.,5.5));
#2795 = LINE('',#2796,#2797);
#2796 = CARTESIAN_POINT('',(3.,0.,5.5));
#2797 = VECTOR('',#2798,1.);
#2798 = DIRECTION('',(-1.,-0.,1.451333066945E-15));
#2799 = ORIENTED_EDGE('',*,*,#2800,.F.);
#2800 = EDGE_CURVE('',#2801,#2793,#2803,.T.);
#2801 = VERTEX_POINT('',#2802);
#2802 = CARTESIAN_POINT('',(5.5,0.,4.792893218813));
#2803 = LINE('',#2804,#2805);
#2804 = CARTESIAN_POINT('',(4.792893218813,0.,5.5));
#2805 = VECTOR('',#2806,1.);
#2806 = DIRECTION('',(-0.707106781187,-0.,0.707106781187));
#2807 = ORIENTED_EDGE('',*,*,#2808,.F.);
#2808 = EDGE_CURVE('',#2809,#2801,#2811,.T.);
#2809 = VERTEX_POINT('',#2810);
#2810 = CARTESIAN_POINT('',(5.5,0.,3.7));
#2811 = LINE('',#2812,#2813);
#2812 = CARTESIAN_POINT('',(5.5,0.,4.792893218813));
#2813 = VECTOR('',#2814,1.);
#2814 = DIRECTION('',(-0.,-0.,1.));
#2815 = ORIENTED_EDGE('',*,*,#2816,.F.);
#2816 = EDGE_CURVE('',#2785,#2809,#2817,.T.);
#2817 = LINE('',#2818,#2819);
#2818 = CARTESIAN_POINT('',(3.,0.,3.7));
#2819 = VECTOR('',#2820,1.);
#2820 = DIRECTION('',(1.,0.,0.));
#2821 = FACE_BOUND('',#2822,.T.);
#2822 = EDGE_LOOP('',(#2823,#2833,#2841,#2849,#2857));
#2823 = ORIENTED_EDGE('',*,*,#2824,.F.);
#2824 = EDGE_CURVE('',#2825,#2827,#2829,.T.);
#2825 = VERTEX_POINT('',#2826);
#2826 = CARTESIAN_POINT('',(4.792893218813,0.,-5.5));
#2827 = VERTEX_POINT('',#2828);
#2828 = CARTESIAN_POINT('',(5.5,0.,-4.792893218813));
#2829 = LINE('',#2830,#2831);
#2830 = CARTESIAN_POINT('',(4.792893218813,0.,-5.5));
#2831 = VECTOR('',#2832,1.);
#2832 = DIRECTION('',(0.707106781187,0.,0.707106781187));
#2833 = ORIENTED_EDGE('',*,*,#2834,.F.);
#2834 = EDGE_CURVE('',#2835,#2825,#2837,.T.);
#2835 = VERTEX_POINT('',#2836);
#2836 = CARTESIAN_POINT('',(3.,0.,-5.5));
#2837 = LINE('',#2838,#2839);
#2838 = CARTESIAN_POINT('',(3.,0.,-5.5));
#2839 = VECTOR('',#2840,1.);
#2840 = DIRECTION('',(1.,0.,1.451333066945E-15));
#2841 = ORIENTED_EDGE('',*,*,#2842,.F.);
#2842 = EDGE_CURVE('',#2843,#2835,#2845,.T.);
#2843 = VERTEX_POINT('',#2844);
#2844 = CARTESIAN_POINT('',(3.,0.,-3.7));
#2845 = LINE('',#2846,#2847);
#2846 = CARTESIAN_POINT('',(3.,0.,-5.5));
#2847 = VECTOR('',#2848,1.);
#2848 = DIRECTION('',(-2.409338161079E-16,-0.,-1.));
#2849 = ORIENTED_EDGE('',*,*,#2850,.F.);
#2850 = EDGE_CURVE('',#2851,#2843,#2853,.T.);
#2851 = VERTEX_POINT('',#2852);
#2852 = CARTESIAN_POINT('',(5.5,0.,-3.7));
#2853 = LINE('',#2854,#2855);
#2854 = CARTESIAN_POINT('',(3.,0.,-3.7));
#2855 = VECTOR('',#2856,1.);
#2856 = DIRECTION('',(-1.,-0.,-0.));
#2857 = ORIENTED_EDGE('',*,*,#2858,.F.);
#2858 = EDGE_CURVE('',#2827,#2851,#2859,.T.);
#2859 = LINE('',#2860,#2861);
#2860 = CARTESIAN_POINT('',(5.5,0.,-4.792893218813));
#2861 = VECTOR('',#2862,1.);
#2862 = DIRECTION('',(0.,0.,1.));
#2863 = FACE_BOUND('',#2864,.T.);
#2864 = EDGE_LOOP('',(#2865,#2875,#2883,#2891,#2899));
#2865 = ORIENTED_EDGE('',*,*,#2866,.F.);
#2866 = EDGE_CURVE('',#2867,#2869,#2871,.T.);
#2867 = VERTEX_POINT('',#2868);
#2868 = CARTESIAN_POINT('',(-3.,0.,-5.5));
#2869 = VERTEX_POINT('',#2870);
#2870 = CARTESIAN_POINT('',(-3.,0.,-3.7));
#2871 = LINE('',#2872,#2873);
#2872 = CARTESIAN_POINT('',(-3.,0.,-5.5));
#2873 = VECTOR('',#2874,1.);
#2874 = DIRECTION('',(-2.409338161079E-16,0.,1.));
#2875 = ORIENTED_EDGE('',*,*,#2876,.F.);
#2876 = EDGE_CURVE('',#2877,#2867,#2879,.T.);
#2877 = VERTEX_POINT('',#2878);
#2878 = CARTESIAN_POINT('',(-4.792893218813,0.,-5.5));
#2879 = LINE('',#2880,#2881);
#2880 = CARTESIAN_POINT('',(-3.,0.,-5.5));
#2881 = VECTOR('',#2882,1.);
#2882 = DIRECTION('',(1.,-0.,-1.451333066945E-15));
#2883 = ORIENTED_EDGE('',*,*,#2884,.F.);
#2884 = EDGE_CURVE('',#2885,#2877,#2887,.T.);
#2885 = VERTEX_POINT('',#2886);
#2886 = CARTESIAN_POINT('',(-5.5,0.,-4.792893218813));
#2887 = LINE('',#2888,#2889);
#2888 = CARTESIAN_POINT('',(-4.792893218813,0.,-5.5));
#2889 = VECTOR('',#2890,1.);
#2890 = DIRECTION('',(0.707106781187,-0.,-0.707106781187));
#2891 = ORIENTED_EDGE('',*,*,#2892,.F.);
#2892 = EDGE_CURVE('',#2893,#2885,#2895,.T.);
#2893 = VERTEX_POINT('',#2894);
#2894 = CARTESIAN_POINT('',(-5.5,0.,-3.7));
#2895 = LINE('',#2896,#2897);
#2896 = CARTESIAN_POINT('',(-5.5,0.,-4.792893218813));
#2897 = VECTOR('',#2898,1.);
#2898 = DIRECTION('',(-0.,-0.,-1.));
#2899 = ORIENTED_EDGE('',*,*,#2900,.F.);
#2900 = EDGE_CURVE('',#2869,#2893,#2901,.T.);
#2901 = LINE('',#2902,#2903);
#2902 = CARTESIAN_POINT('',(-3.,0.,-3.7));
#2903 = VECTOR('',#2904,1.);
#2904 = DIRECTION('',(-1.,0.,0.));
#2905 = FACE_BOUND('',#2906,.T.);
#2906 = EDGE_LOOP('',(#2907,#2917,#2925,#2933,#2941));
#2907 = ORIENTED_EDGE('',*,*,#2908,.F.);
#2908 = EDGE_CURVE('',#2909,#2911,#2913,.T.);
#2909 = VERTEX_POINT('',#2910);
#2910 = CARTESIAN_POINT('',(-4.792893218813,0.,5.5));
#2911 = VERTEX_POINT('',#2912);
#2912 = CARTESIAN_POINT('',(-5.5,0.,4.792893218813));
#2913 = LINE('',#2914,#2915);
#2914 = CARTESIAN_POINT('',(-4.792893218813,0.,5.5));
#2915 = VECTOR('',#2916,1.);
#2916 = DIRECTION('',(-0.707106781187,0.,-0.707106781187));
#2917 = ORIENTED_EDGE('',*,*,#2918,.F.);
#2918 = EDGE_CURVE('',#2919,#2909,#2921,.T.);
#2919 = VERTEX_POINT('',#2920);
#2920 = CARTESIAN_POINT('',(-3.,0.,5.5));
#2921 = LINE('',#2922,#2923);
#2922 = CARTESIAN_POINT('',(-3.,0.,5.5));
#2923 = VECTOR('',#2924,1.);
#2924 = DIRECTION('',(-1.,0.,-1.451333066945E-15));
#2925 = ORIENTED_EDGE('',*,*,#2926,.F.);
#2926 = EDGE_CURVE('',#2927,#2919,#2929,.T.);
#2927 = VERTEX_POINT('',#2928);
#2928 = CARTESIAN_POINT('',(-3.,0.,3.7));
#2929 = LINE('',#2930,#2931);
#2930 = CARTESIAN_POINT('',(-3.,0.,5.5));
#2931 = VECTOR('',#2932,1.);
#2932 = DIRECTION('',(2.409338161079E-16,-0.,1.));
#2933 = ORIENTED_EDGE('',*,*,#2934,.F.);
#2934 = EDGE_CURVE('',#2935,#2927,#2937,.T.);
#2935 = VERTEX_POINT('',#2936);
#2936 = CARTESIAN_POINT('',(-5.5,0.,3.7));
#2937 = LINE('',#2938,#2939);
#2938 = CARTESIAN_POINT('',(-3.,0.,3.7));
#2939 = VECTOR('',#2940,1.);
#2940 = DIRECTION('',(1.,-0.,-0.));
#2941 = ORIENTED_EDGE('',*,*,#2942,.F.);
#2942 = EDGE_CURVE('',#2911,#2935,#2943,.T.);
#2943 = LINE('',#2944,#2945);
#2944 = CARTESIAN_POINT('',(-5.5,0.,4.792893218813));
#2945 = VECTOR('',#2946,1.);
#2946 = DIRECTION('',(0.,0.,-1.));
#2947 = PLANE('',#2948);
#2948 = AXIS2_PLACEMENT_3D('',#2949,#2950,#2951);
#2949 = CARTESIAN_POINT('',(0.,0.,0.));
#2950 = DIRECTION('',(0.,-1.,-0.));
#2951 = DIRECTION('',(0.,0.,-1.));
#2952 = ADVANCED_FACE('',(#2953),#2978,.F.);
#2953 = FACE_BOUND('',#2954,.T.);
#2954 = EDGE_LOOP('',(#2955,#2956,#2964,#2972));
#2955 = ORIENTED_EDGE('',*,*,#2716,.T.);
#2956 = ORIENTED_EDGE('',*,*,#2957,.F.);
#2957 = EDGE_CURVE('',#2958,#2719,#2960,.T.);
#2958 = VERTEX_POINT('',#2959);
#2959 = CARTESIAN_POINT('',(-5.,3.1,-6.));
#2960 = LINE('',#2961,#2962);
#2961 = CARTESIAN_POINT('',(-5.,3.1,-6.));
#2962 = VECTOR('',#2963,1.);
#2963 = DIRECTION('',(-0.,-1.,-0.));
#2964 = ORIENTED_EDGE('',*,*,#2965,.F.);
#2965 = EDGE_CURVE('',#2966,#2958,#2968,.T.);
#2966 = VERTEX_POINT('',#2967);
#2967 = CARTESIAN_POINT('',(5.,3.1,-6.));
#2968 = LINE('',#2969,#2970);
#2969 = CARTESIAN_POINT('',(5.,3.1,-6.));
#2970 = VECTOR('',#2971,1.);
#2971 = DIRECTION('',(-1.,0.,1.734723475977E-16));
#2972 = ORIENTED_EDGE('',*,*,#2973,.T.);
#2973 = EDGE_CURVE('',#2966,#2717,#2974,.T.);
#2974 = LINE('',#2975,#2976);
#2975 = CARTESIAN_POINT('',(5.,3.1,-6.));
#2976 = VECTOR('',#2977,1.);
#2977 = DIRECTION('',(-0.,-1.,-0.));
#2978 = PLANE('',#2979);
#2979 = AXIS2_PLACEMENT_3D('',#2980,#2981,#2982);
#2980 = CARTESIAN_POINT('',(5.,3.1,-6.));
#2981 = DIRECTION('',(1.734723475977E-16,-0.,1.));
#2982 = DIRECTION('',(1.,0.,-1.734723475977E-16));
#2983 = ADVANCED_FACE('',(#2984),#3002,.F.);
#2984 = FACE_BOUND('',#2985,.T.);
#2985 = EDGE_LOOP('',(#2986,#2987,#2995,#3001));
#2986 = ORIENTED_EDGE('',*,*,#2774,.T.);
#2987 = ORIENTED_EDGE('',*,*,#2988,.F.);
#2988 = EDGE_CURVE('',#2989,#2767,#2991,.T.);
#2989 = VERTEX_POINT('',#2990);
#2990 = CARTESIAN_POINT('',(-6.,3.1,-5.));
#2991 = LINE('',#2992,#2993);
#2992 = CARTESIAN_POINT('',(-6.,3.1,-5.));
#2993 = VECTOR('',#2994,1.);
#2994 = DIRECTION('',(-0.,-1.,-0.));
#2995 = ORIENTED_EDGE('',*,*,#2996,.F.);
#2996 = EDGE_CURVE('',#2958,#2989,#2997,.T.);
#2997 = LINE('',#2998,#2999);
#2998 = CARTESIAN_POINT('',(-5.,3.1,-6.));
#2999 = VECTOR('',#3000,1.);
#3000 = DIRECTION('',(-0.707106781187,0.,0.707106781187));
#3001 = ORIENTED_EDGE('',*,*,#2957,.T.);
#3002 = PLANE('',#3003);
#3003 = AXIS2_PLACEMENT_3D('',#3004,#3005,#3006);
#3004 = CARTESIAN_POINT('',(-5.,3.1,-6.));
#3005 = DIRECTION('',(0.707106781187,-0.,0.707106781187));
#3006 = DIRECTION('',(0.707106781187,0.,-0.707106781187));
#3007 = ADVANCED_FACE('',(#3008),#3026,.F.);
#3008 = FACE_BOUND('',#3009,.T.);
#3009 = EDGE_LOOP('',(#3010,#3011,#3019,#3025));
#3010 = ORIENTED_EDGE('',*,*,#2766,.T.);
#3011 = ORIENTED_EDGE('',*,*,#3012,.F.);
#3012 = EDGE_CURVE('',#3013,#2759,#3015,.T.);
#3013 = VERTEX_POINT('',#3014);
#3014 = CARTESIAN_POINT('',(-6.,3.1,5.));
#3015 = LINE('',#3016,#3017);
#3016 = CARTESIAN_POINT('',(-6.,3.1,5.));
#3017 = VECTOR('',#3018,1.);
#3018 = DIRECTION('',(-0.,-1.,-0.));
#3019 = ORIENTED_EDGE('',*,*,#3020,.F.);
#3020 = EDGE_CURVE('',#2989,#3013,#3021,.T.);
#3021 = LINE('',#3022,#3023);
#3022 = CARTESIAN_POINT('',(-6.,3.1,5.));
#3023 = VECTOR('',#3024,1.);
#3024 = DIRECTION('',(-0.,-0.,1.));
#3025 = ORIENTED_EDGE('',*,*,#2988,.T.);
#3026 = PLANE('',#3027);
#3027 = AXIS2_PLACEMENT_3D('',#3028,#3029,#3030);
#3028 = CARTESIAN_POINT('',(-6.,3.1,5.));
#3029 = DIRECTION('',(1.,-0.,0.));
#3030 = DIRECTION('',(0.,0.,-1.));
#3031 = ADVANCED_FACE('',(#3032),#3050,.F.);
#3032 = FACE_BOUND('',#3033,.T.);
#3033 = EDGE_LOOP('',(#3034,#3035,#3043,#3049));
#3034 = ORIENTED_EDGE('',*,*,#2758,.T.);
#3035 = ORIENTED_EDGE('',*,*,#3036,.F.);
#3036 = EDGE_CURVE('',#3037,#2751,#3039,.T.);
#3037 = VERTEX_POINT('',#3038);
#3038 = CARTESIAN_POINT('',(-5.,3.1,6.));
#3039 = LINE('',#3040,#3041);
#3040 = CARTESIAN_POINT('',(-5.,3.1,6.));
#3041 = VECTOR('',#3042,1.);
#3042 = DIRECTION('',(-0.,-1.,-0.));
#3043 = ORIENTED_EDGE('',*,*,#3044,.F.);
#3044 = EDGE_CURVE('',#3013,#3037,#3045,.T.);
#3045 = LINE('',#3046,#3047);
#3046 = CARTESIAN_POINT('',(-5.,3.1,6.));
#3047 = VECTOR('',#3048,1.);
#3048 = DIRECTION('',(0.707106781187,-0.,0.707106781187));
#3049 = ORIENTED_EDGE('',*,*,#3012,.T.);
#3050 = PLANE('',#3051);
#3051 = AXIS2_PLACEMENT_3D('',#3052,#3053,#3054);
#3052 = CARTESIAN_POINT('',(-5.,3.1,6.));
#3053 = DIRECTION('',(0.707106781187,0.,-0.707106781187));
#3054 = DIRECTION('',(-0.707106781187,0.,-0.707106781187));
#3055 = ADVANCED_FACE('',(#3056),#3074,.F.);
#3056 = FACE_BOUND('',#3057,.T.);
#3057 = EDGE_LOOP('',(#3058,#3059,#3067,#3073));
#3058 = ORIENTED_EDGE('',*,*,#2750,.T.);
#3059 = ORIENTED_EDGE('',*,*,#3060,.F.);
#3060 = EDGE_CURVE('',#3061,#2743,#3063,.T.);
#3061 = VERTEX_POINT('',#3062);
#3062 = CARTESIAN_POINT('',(5.,3.1,6.));
#3063 = LINE('',#3064,#3065);
#3064 = CARTESIAN_POINT('',(5.,3.1,6.));
#3065 = VECTOR('',#3066,1.);
#3066 = DIRECTION('',(-0.,-1.,-0.));
#3067 = ORIENTED_EDGE('',*,*,#3068,.F.);
#3068 = EDGE_CURVE('',#3037,#3061,#3069,.T.);
#3069 = LINE('',#3070,#3071);
#3070 = CARTESIAN_POINT('',(5.,3.1,6.));
#3071 = VECTOR('',#3072,1.);
#3072 = DIRECTION('',(1.,-0.,-1.734723475977E-16));
#3073 = ORIENTED_EDGE('',*,*,#3036,.T.);
#3074 = PLANE('',#3075);
#3075 = AXIS2_PLACEMENT_3D('',#3076,#3077,#3078);
#3076 = CARTESIAN_POINT('',(5.,3.1,6.));
#3077 = DIRECTION('',(-1.734723475977E-16,0.,-1.));
#3078 = DIRECTION('',(-1.,0.,1.734723475977E-16));
#3079 = ADVANCED_FACE('',(#3080),#3098,.F.);
#3080 = FACE_BOUND('',#3081,.T.);
#3081 = EDGE_LOOP('',(#3082,#3083,#3091,#3097));
#3082 = ORIENTED_EDGE('',*,*,#2742,.T.);
#3083 = ORIENTED_EDGE('',*,*,#3084,.F.);
#3084 = EDGE_CURVE('',#3085,#2735,#3087,.T.);
#3085 = VERTEX_POINT('',#3086);
#3086 = CARTESIAN_POINT('',(6.,3.1,5.));
#3087 = LINE('',#3088,#3089);
#3088 = CARTESIAN_POINT('',(6.,3.1,5.));
#3089 = VECTOR('',#3090,1.);
#3090 = DIRECTION('',(-0.,-1.,-0.));
#3091 = ORIENTED_EDGE('',*,*,#3092,.F.);
#3092 = EDGE_CURVE('',#3061,#3085,#3093,.T.);
#3093 = LINE('',#3094,#3095);
#3094 = CARTESIAN_POINT('',(6.,3.1,5.));
#3095 = VECTOR('',#3096,1.);
#3096 = DIRECTION('',(0.707106781187,-0.,-0.707106781187));
#3097 = ORIENTED_EDGE('',*,*,#3060,.T.);
#3098 = PLANE('',#3099);
#3099 = AXIS2_PLACEMENT_3D('',#3100,#3101,#3102);
#3100 = CARTESIAN_POINT('',(6.,3.1,5.));
#3101 = DIRECTION('',(-0.707106781187,0.,-0.707106781187));
#3102 = DIRECTION('',(-0.707106781187,0.,0.707106781187));
#3103 = ADVANCED_FACE('',(#3104),#3122,.F.);
#3104 = FACE_BOUND('',#3105,.T.);
#3105 = EDGE_LOOP('',(#3106,#3107,#3115,#3121));
#3106 = ORIENTED_EDGE('',*,*,#2734,.T.);
#3107 = ORIENTED_EDGE('',*,*,#3108,.F.);
#3108 = EDGE_CURVE('',#3109,#2727,#3111,.T.);
#3109 = VERTEX_POINT('',#3110);
#3110 = CARTESIAN_POINT('',(6.,3.1,-5.));
#3111 = LINE('',#3112,#3113);
#3112 = CARTESIAN_POINT('',(6.,3.1,-5.));
#3113 = VECTOR('',#3114,1.);
#3114 = DIRECTION('',(-0.,-1.,-0.));
#3115 = ORIENTED_EDGE('',*,*,#3116,.F.);
#3116 = EDGE_CURVE('',#3085,#3109,#3117,.T.);
#3117 = LINE('',#3118,#3119);
#3118 = CARTESIAN_POINT('',(6.,3.1,5.));
#3119 = VECTOR('',#3120,1.);
#3120 = DIRECTION('',(0.,0.,-1.));
#3121 = ORIENTED_EDGE('',*,*,#3084,.T.);
#3122 = PLANE('',#3123);
#3123 = AXIS2_PLACEMENT_3D('',#3124,#3125,#3126);
#3124 = CARTESIAN_POINT('',(6.,3.1,5.));
#3125 = DIRECTION('',(-1.,0.,0.));
#3126 = DIRECTION('',(0.,0.,1.));
#3127 = ADVANCED_FACE('',(#3128),#3139,.F.);
#3128 = FACE_BOUND('',#3129,.T.);
#3129 = EDGE_LOOP('',(#3130,#3131,#3132,#3138));
#3130 = ORIENTED_EDGE('',*,*,#2726,.T.);
#3131 = ORIENTED_EDGE('',*,*,#2973,.F.);
#3132 = ORIENTED_EDGE('',*,*,#3133,.F.);
#3133 = EDGE_CURVE('',#3109,#2966,#3134,.T.);
#3134 = LINE('',#3135,#3136);
#3135 = CARTESIAN_POINT('',(6.,3.1,-5.));
#3136 = VECTOR('',#3137,1.);
#3137 = DIRECTION('',(-0.707106781187,0.,-0.707106781187));
#3138 = ORIENTED_EDGE('',*,*,#3108,.T.);
#3139 = PLANE('',#3140);
#3140 = AXIS2_PLACEMENT_3D('',#3141,#3142,#3143);
#3141 = CARTESIAN_POINT('',(6.,3.1,-5.));
#3142 = DIRECTION('',(-0.707106781187,0.,0.707106781187));
#3143 = DIRECTION('',(0.707106781187,0.,0.707106781187));
#3144 = ADVANCED_FACE('',(#3145,#3179),#3189,.F.);
#3145 = FACE_BOUND('',#3146,.T.);
#3146 = EDGE_LOOP('',(#3147,#3157,#3165,#3173));
#3147 = ORIENTED_EDGE('',*,*,#3148,.F.);
#3148 = EDGE_CURVE('',#3149,#3151,#3153,.T.);
#3149 = VERTEX_POINT('',#3150);
#3150 = CARTESIAN_POINT('',(-5.,3.1,5.));
#3151 = VERTEX_POINT('',#3152);
#3152 = CARTESIAN_POINT('',(5.,3.1,5.));
#3153 = LINE('',#3154,#3155);
#3154 = CARTESIAN_POINT('',(5.,3.1,5.));
#3155 = VECTOR('',#3156,1.);
#3156 = DIRECTION('',(1.,-0.,-8.673617379884E-17));
#3157 = ORIENTED_EDGE('',*,*,#3158,.F.);
#3158 = EDGE_CURVE('',#3159,#3149,#3161,.T.);
#3159 = VERTEX_POINT('',#3160);
#3160 = CARTESIAN_POINT('',(-5.,3.1,-5.));
#3161 = LINE('',#3162,#3163);
#3162 = CARTESIAN_POINT('',(-5.,3.1,5.));
#3163 = VECTOR('',#3164,1.);
#3164 = DIRECTION('',(-0.,-0.,1.));
#3165 = ORIENTED_EDGE('',*,*,#3166,.F.);
#3166 = EDGE_CURVE('',#3167,#3159,#3169,.T.);
#3167 = VERTEX_POINT('',#3168);
#3168 = CARTESIAN_POINT('',(5.,3.1,-5.));
#3169 = LINE('',#3170,#3171);
#3170 = CARTESIAN_POINT('',(5.,3.1,-5.));
#3171 = VECTOR('',#3172,1.);
#3172 = DIRECTION('',(-1.,0.,1.734723475977E-16));
#3173 = ORIENTED_EDGE('',*,*,#3174,.F.);
#3174 = EDGE_CURVE('',#3151,#3167,#3175,.T.);
#3175 = LINE('',#3176,#3177);
#3176 = CARTESIAN_POINT('',(5.,3.1,5.));
#3177 = VECTOR('',#3178,1.);
#3178 = DIRECTION('',(-1.734723475977E-16,0.,-1.));
#3179 = FACE_BOUND('',#3180,.T.);
#3180 = EDGE_LOOP('',(#3181,#3182,#3183,#3184,#3185,#3186,#3187,#3188));
#3181 = ORIENTED_EDGE('',*,*,#2965,.T.);
#3182 = ORIENTED_EDGE('',*,*,#2996,.T.);
#3183 = ORIENTED_EDGE('',*,*,#3020,.T.);
#3184 = ORIENTED_EDGE('',*,*,#3044,.T.);
#3185 = ORIENTED_EDGE('',*,*,#3068,.T.);
#3186 = ORIENTED_EDGE('',*,*,#3092,.T.);
#3187 = ORIENTED_EDGE('',*,*,#3116,.T.);
#3188 = ORIENTED_EDGE('',*,*,#3133,.T.);
#3189 = PLANE('',#3190);
#3190 = AXIS2_PLACEMENT_3D('',#3191,#3192,#3193);
#3191 = CARTESIAN_POINT('',(0.,3.1,0.));
#3192 = DIRECTION('',(0.,-1.,-0.));
#3193 = DIRECTION('',(0.,0.,-1.));
#3194 = ADVANCED_FACE('',(#3195),#3220,.F.);
#3195 = FACE_BOUND('',#3196,.T.);
#3196 = EDGE_LOOP('',(#3197,#3198,#3206,#3214));
#3197 = ORIENTED_EDGE('',*,*,#3158,.T.);
#3198 = ORIENTED_EDGE('',*,*,#3199,.F.);
#3199 = EDGE_CURVE('',#3200,#3149,#3202,.T.);
#3200 = VERTEX_POINT('',#3201);
#3201 = CARTESIAN_POINT('',(-5.,2.7,5.));
#3202 = LINE('',#3203,#3204);
#3203 = CARTESIAN_POINT('',(-5.,2.7,5.));
#3204 = VECTOR('',#3205,1.);
#3205 = DIRECTION('',(-0.,1.,-0.));
#3206 = ORIENTED_EDGE('',*,*,#3207,.F.);
#3207 = EDGE_CURVE('',#3208,#3200,#3210,.T.);
#3208 = VERTEX_POINT('',#3209);
#3209 = CARTESIAN_POINT('',(-5.,2.7,-5.));
#3210 = LINE('',#3211,#3212);
#3211 = CARTESIAN_POINT('',(-5.,2.7,5.));
#3212 = VECTOR('',#3213,1.);
#3213 = DIRECTION('',(-0.,-0.,1.));
#3214 = ORIENTED_EDGE('',*,*,#3215,.T.);
#3215 = EDGE_CURVE('',#3208,#3159,#3216,.T.);
#3216 = LINE('',#3217,#3218);
#3217 = CARTESIAN_POINT('',(-5.,2.7,-5.));
#3218 = VECTOR('',#3219,1.);
#3219 = DIRECTION('',(-0.,1.,-0.));
#3220 = PLANE('',#3221);
#3221 = AXIS2_PLACEMENT_3D('',#3222,#3223,#3224);
#3222 = CARTESIAN_POINT('',(-5.,2.7,5.));
#3223 = DIRECTION('',(-1.,0.,-0.));
#3224 = DIRECTION('',(0.,0.,1.));
#3225 = ADVANCED_FACE('',(#3226),#3244,.F.);
#3226 = FACE_BOUND('',#3227,.T.);
#3227 = EDGE_LOOP('',(#3228,#3229,#3230,#3238));
#3228 = ORIENTED_EDGE('',*,*,#3166,.T.);
#3229 = ORIENTED_EDGE('',*,*,#3215,.F.);
#3230 = ORIENTED_EDGE('',*,*,#3231,.F.);
#3231 = EDGE_CURVE('',#3232,#3208,#3234,.T.);
#3232 = VERTEX_POINT('',#3233);
#3233 = CARTESIAN_POINT('',(5.,2.7,-5.));
#3234 = LINE('',#3235,#3236);
#3235 = CARTESIAN_POINT('',(5.,2.7,-5.));
#3236 = VECTOR('',#3237,1.);
#3237 = DIRECTION('',(-1.,0.,1.734723475977E-16));
#3238 = ORIENTED_EDGE('',*,*,#3239,.T.);
#3239 = EDGE_CURVE('',#3232,#3167,#3240,.T.);
#3240 = LINE('',#3241,#3242);
#3241 = CARTESIAN_POINT('',(5.,2.7,-5.));
#3242 = VECTOR('',#3243,1.);
#3243 = DIRECTION('',(-0.,1.,-0.));
#3244 = PLANE('',#3245);
#3245 = AXIS2_PLACEMENT_3D('',#3246,#3247,#3248);
#3246 = CARTESIAN_POINT('',(5.,2.7,-5.));
#3247 = DIRECTION('',(-1.734723475977E-16,0.,-1.));
#3248 = DIRECTION('',(-1.,0.,1.734723475977E-16));
#3249 = ADVANCED_FACE('',(#3250),#3268,.F.);
#3250 = FACE_BOUND('',#3251,.T.);
#3251 = EDGE_LOOP('',(#3252,#3253,#3254,#3262));
#3252 = ORIENTED_EDGE('',*,*,#3174,.T.);
#3253 = ORIENTED_EDGE('',*,*,#3239,.F.);
#3254 = ORIENTED_EDGE('',*,*,#3255,.F.);
#3255 = EDGE_CURVE('',#3256,#3232,#3258,.T.);
#3256 = VERTEX_POINT('',#3257);
#3257 = CARTESIAN_POINT('',(5.,2.7,5.));
#3258 = LINE('',#3259,#3260);
#3259 = CARTESIAN_POINT('',(5.,2.7,5.));
#3260 = VECTOR('',#3261,1.);
#3261 = DIRECTION('',(-1.734723475977E-16,0.,-1.));
#3262 = ORIENTED_EDGE('',*,*,#3263,.T.);
#3263 = EDGE_CURVE('',#3256,#3151,#3264,.T.);
#3264 = LINE('',#3265,#3266);
#3265 = CARTESIAN_POINT('',(5.,2.7,5.));
#3266 = VECTOR('',#3267,1.);
#3267 = DIRECTION('',(-0.,1.,-0.));
#3268 = PLANE('',#3269);
#3269 = AXIS2_PLACEMENT_3D('',#3270,#3271,#3272);
#3270 = CARTESIAN_POINT('',(5.,2.7,5.));
#3271 = DIRECTION('',(1.,0.,-1.734723475977E-16));
#3272 = DIRECTION('',(-1.734723475977E-16,0.,-1.));
#3273 = ADVANCED_FACE('',(#3274),#3285,.F.);
#3274 = FACE_BOUND('',#3275,.T.);
#3275 = EDGE_LOOP('',(#3276,#3277,#3278,#3284));
#3276 = ORIENTED_EDGE('',*,*,#3148,.T.);
#3277 = ORIENTED_EDGE('',*,*,#3263,.F.);
#3278 = ORIENTED_EDGE('',*,*,#3279,.F.);
#3279 = EDGE_CURVE('',#3200,#3256,#3280,.T.);
#3280 = LINE('',#3281,#3282);
#3281 = CARTESIAN_POINT('',(5.,2.7,5.));
#3282 = VECTOR('',#3283,1.);
#3283 = DIRECTION('',(1.,-0.,-8.673617379884E-17));
#3284 = ORIENTED_EDGE('',*,*,#3199,.T.);
#3285 = PLANE('',#3286);
#3286 = AXIS2_PLACEMENT_3D('',#3287,#3288,#3289);
#3287 = CARTESIAN_POINT('',(5.,2.7,5.));
#3288 = DIRECTION('',(8.673617379884E-17,0.,1.));
#3289 = DIRECTION('',(1.,0.,-8.673617379884E-17));
#3290 = ADVANCED_FACE('',(#3291,#3301,#3311,#3321,#3331),#3337,.T.);
#3291 = FACE_BOUND('',#3292,.T.);
#3292 = EDGE_LOOP('',(#3293,#3300));
#3293 = ORIENTED_EDGE('',*,*,#3294,.F.);
#3294 = EDGE_CURVE('',#2598,#2590,#3295,.T.);
#3295 = CIRCLE('',#3296,0.625);
#3296 = AXIS2_PLACEMENT_3D('',#3297,#3298,#3299);
#3297 = CARTESIAN_POINT('',(4.,2.7,4.));
#3298 = DIRECTION('',(0.,1.,0.));
#3299 = DIRECTION('',(0.,-0.,1.));
#3300 = ORIENTED_EDGE('',*,*,#2597,.F.);
#3301 = FACE_BOUND('',#3302,.T.);
#3302 = EDGE_LOOP('',(#3303,#3310));
#3303 = ORIENTED_EDGE('',*,*,#3304,.F.);
#3304 = EDGE_CURVE('',#2630,#2622,#3305,.T.);
#3305 = CIRCLE('',#3306,0.625);
#3306 = AXIS2_PLACEMENT_3D('',#3307,#3308,#3309);
#3307 = CARTESIAN_POINT('',(-4.,2.7,4.));
#3308 = DIRECTION('',(0.,1.,0.));
#3309 = DIRECTION('',(0.,-0.,1.));
#3310 = ORIENTED_EDGE('',*,*,#2629,.F.);
#3311 = FACE_BOUND('',#3312,.T.);
#3312 = EDGE_LOOP('',(#3313,#3320));
#3313 = ORIENTED_EDGE('',*,*,#3314,.F.);
#3314 = EDGE_CURVE('',#2662,#2654,#3315,.T.);
#3315 = CIRCLE('',#3316,0.625);
#3316 = AXIS2_PLACEMENT_3D('',#3317,#3318,#3319);
#3317 = CARTESIAN_POINT('',(4.,2.7,-4.));
#3318 = DIRECTION('',(0.,1.,0.));
#3319 = DIRECTION('',(0.,-0.,1.));
#3320 = ORIENTED_EDGE('',*,*,#2661,.F.);
#3321 = FACE_BOUND('',#3322,.T.);
#3322 = EDGE_LOOP('',(#3323,#3330));
#3323 = ORIENTED_EDGE('',*,*,#3324,.F.);
#3324 = EDGE_CURVE('',#2694,#2686,#3325,.T.);
#3325 = CIRCLE('',#3326,0.625);
#3326 = AXIS2_PLACEMENT_3D('',#3327,#3328,#3329);
#3327 = CARTESIAN_POINT('',(-4.,2.7,-4.));
#3328 = DIRECTION('',(0.,1.,0.));
#3329 = DIRECTION('',(0.,-0.,1.));
#3330 = ORIENTED_EDGE('',*,*,#2693,.F.);
#3331 = FACE_BOUND('',#3332,.T.);
#3332 = EDGE_LOOP('',(#3333,#3334,#3335,#3336));
#3333 = ORIENTED_EDGE('',*,*,#3207,.T.);
#3334 = ORIENTED_EDGE('',*,*,#3279,.T.);
#3335 = ORIENTED_EDGE('',*,*,#3255,.T.);
#3336 = ORIENTED_EDGE('',*,*,#3231,.T.);
#3337 = PLANE('',#3338);
#3338 = AXIS2_PLACEMENT_3D('',#3339,#3340,#3341);
#3339 = CARTESIAN_POINT('',(0.,2.7,0.));
#3340 = DIRECTION('',(0.,1.,0.));
#3341 = DIRECTION('',(0.,-0.,1.));
#3342 = ADVANCED_FACE('',(#3343),#3355,.T.);
#3343 = FACE_BOUND('',#3344,.T.);
#3344 = EDGE_LOOP('',(#3345,#3346,#3353,#3354));
#3345 = ORIENTED_EDGE('',*,*,#2685,.F.);
#3346 = ORIENTED_EDGE('',*,*,#3347,.T.);
#3347 = EDGE_CURVE('',#2415,#2413,#3348,.T.);
#3348 = CIRCLE('',#3349,0.625);
#3349 = AXIS2_PLACEMENT_3D('',#3350,#3351,#3352);
#3350 = CARTESIAN_POINT('',(-4.,3.5,-4.));
#3351 = DIRECTION('',(0.,-1.,0.));
#3352 = DIRECTION('',(0.,0.,1.));
#3353 = ORIENTED_EDGE('',*,*,#2702,.T.);
#3354 = ORIENTED_EDGE('',*,*,#3324,.T.);
#3355 = CYLINDRICAL_SURFACE('',#3356,0.625);
#3356 = AXIS2_PLACEMENT_3D('',#3357,#3358,#3359);
#3357 = CARTESIAN_POINT('',(-4.,3.6,-4.));
#3358 = DIRECTION('',(-0.,-1.,-0.));
#3359 = DIRECTION('',(0.,0.,-1.));
#3360 = ADVANCED_FACE('',(#3361),#3371,.T.);
#3361 = FACE_BOUND('',#3362,.T.);
#3362 = EDGE_LOOP('',(#3363,#3364));
#3363 = ORIENTED_EDGE('',*,*,#2432,.T.);
#3364 = ORIENTED_EDGE('',*,*,#3365,.T.);
#3365 = EDGE_CURVE('',#2424,#2433,#3366,.T.);
#3366 = CIRCLE('',#3367,0.525);
#3367 = AXIS2_PLACEMENT_3D('',#3368,#3369,#3370);
#3368 = CARTESIAN_POINT('',(-4.,3.6,-4.));
#3369 = DIRECTION('',(0.,1.,0.));
#3370 = DIRECTION('',(0.,-0.,1.));
#3371 = PLANE('',#3372);
#3372 = AXIS2_PLACEMENT_3D('',#3373,#3374,#3375);
#3373 = CARTESIAN_POINT('',(-4.,3.6,-4.));
#3374 = DIRECTION('',(0.,1.,0.));
#3375 = DIRECTION('',(0.,-0.,1.));
#3376 = ADVANCED_FACE('',(#3377),#3389,.T.);
#3377 = FACE_BOUND('',#3378,.T.);
#3378 = EDGE_LOOP('',(#3379,#3380,#3387,#3388));
#3379 = ORIENTED_EDGE('',*,*,#2653,.F.);
#3380 = ORIENTED_EDGE('',*,*,#3381,.T.);
#3381 = EDGE_CURVE('',#2547,#2545,#3382,.T.);
#3382 = CIRCLE('',#3383,0.625);
#3383 = AXIS2_PLACEMENT_3D('',#3384,#3385,#3386);
#3384 = CARTESIAN_POINT('',(4.,3.5,-4.));
#3385 = DIRECTION('',(0.,-1.,0.));
#3386 = DIRECTION('',(0.,0.,1.));
#3387 = ORIENTED_EDGE('',*,*,#2670,.T.);
#3388 = ORIENTED_EDGE('',*,*,#3314,.T.);
#3389 = CYLINDRICAL_SURFACE('',#3390,0.625);
#3390 = AXIS2_PLACEMENT_3D('',#3391,#3392,#3393);
#3391 = CARTESIAN_POINT('',(4.,3.6,-4.));
#3392 = DIRECTION('',(-0.,-1.,-0.));
#3393 = DIRECTION('',(0.,0.,-1.));
#3394 = ADVANCED_FACE('',(#3395),#3405,.T.);
#3395 = FACE_BOUND('',#3396,.T.);
#3396 = EDGE_LOOP('',(#3397,#3398));
#3397 = ORIENTED_EDGE('',*,*,#2564,.T.);
#3398 = ORIENTED_EDGE('',*,*,#3399,.T.);
#3399 = EDGE_CURVE('',#2556,#2565,#3400,.T.);
#3400 = CIRCLE('',#3401,0.525);
#3401 = AXIS2_PLACEMENT_3D('',#3402,#3403,#3404);
#3402 = CARTESIAN_POINT('',(4.,3.6,-4.));
#3403 = DIRECTION('',(0.,1.,0.));
#3404 = DIRECTION('',(0.,-0.,1.));
#3405 = PLANE('',#3406);
#3406 = AXIS2_PLACEMENT_3D('',#3407,#3408,#3409);
#3407 = CARTESIAN_POINT('',(4.,3.6,-4.));
#3408 = DIRECTION('',(0.,1.,0.));
#3409 = DIRECTION('',(0.,-0.,1.));
#3410 = ADVANCED_FACE('',(#3411),#3423,.T.);
#3411 = FACE_BOUND('',#3412,.T.);
#3412 = EDGE_LOOP('',(#3413,#3414,#3421,#3422));
#3413 = ORIENTED_EDGE('',*,*,#2621,.F.);
#3414 = ORIENTED_EDGE('',*,*,#3415,.T.);
#3415 = EDGE_CURVE('',#2459,#2457,#3416,.T.);
#3416 = CIRCLE('',#3417,0.625);
#3417 = AXIS2_PLACEMENT_3D('',#3418,#3419,#3420);
#3418 = CARTESIAN_POINT('',(-4.,3.5,4.));
#3419 = DIRECTION('',(0.,-1.,0.));
#3420 = DIRECTION('',(0.,0.,1.));
#3421 = ORIENTED_EDGE('',*,*,#2638,.T.);
#3422 = ORIENTED_EDGE('',*,*,#3304,.T.);
#3423 = CYLINDRICAL_SURFACE('',#3424,0.625);
#3424 = AXIS2_PLACEMENT_3D('',#3425,#3426,#3427);
#3425 = CARTESIAN_POINT('',(-4.,3.6,4.));
#3426 = DIRECTION('',(-0.,-1.,-0.));
#3427 = DIRECTION('',(0.,0.,-1.));
#3428 = ADVANCED_FACE('',(#3429),#3439,.T.);
#3429 = FACE_BOUND('',#3430,.T.);
#3430 = EDGE_LOOP('',(#3431,#3432));
#3431 = ORIENTED_EDGE('',*,*,#2476,.T.);
#3432 = ORIENTED_EDGE('',*,*,#3433,.T.);
#3433 = EDGE_CURVE('',#2468,#2477,#3434,.T.);
#3434 = CIRCLE('',#3435,0.525);
#3435 = AXIS2_PLACEMENT_3D('',#3436,#3437,#3438);
#3436 = CARTESIAN_POINT('',(-4.,3.6,4.));
#3437 = DIRECTION('',(0.,1.,0.));
#3438 = DIRECTION('',(0.,-0.,1.));
#3439 = PLANE('',#3440);
#3440 = AXIS2_PLACEMENT_3D('',#3441,#3442,#3443);
#3441 = CARTESIAN_POINT('',(-4.,3.6,4.));
#3442 = DIRECTION('',(0.,1.,0.));
#3443 = DIRECTION('',(0.,-0.,1.));
#3444 = ADVANCED_FACE('',(#3445),#3457,.T.);
#3445 = FACE_BOUND('',#3446,.T.);
#3446 = EDGE_LOOP('',(#3447,#3448,#3455,#3456));
#3447 = ORIENTED_EDGE('',*,*,#2589,.F.);
#3448 = ORIENTED_EDGE('',*,*,#3449,.T.);
#3449 = EDGE_CURVE('',#2503,#2501,#3450,.T.);
#3450 = CIRCLE('',#3451,0.625);
#3451 = AXIS2_PLACEMENT_3D('',#3452,#3453,#3454);
#3452 = CARTESIAN_POINT('',(4.,3.5,4.));
#3453 = DIRECTION('',(0.,-1.,0.));
#3454 = DIRECTION('',(0.,0.,1.));
#3455 = ORIENTED_EDGE('',*,*,#2606,.T.);
#3456 = ORIENTED_EDGE('',*,*,#3294,.T.);
#3457 = CYLINDRICAL_SURFACE('',#3458,0.625);
#3458 = AXIS2_PLACEMENT_3D('',#3459,#3460,#3461);
#3459 = CARTESIAN_POINT('',(4.,3.6,4.));
#3460 = DIRECTION('',(-0.,-1.,-0.));
#3461 = DIRECTION('',(0.,0.,-1.));
#3462 = ADVANCED_FACE('',(#3463),#3473,.T.);
#3463 = FACE_BOUND('',#3464,.T.);
#3464 = EDGE_LOOP('',(#3465,#3466));
#3465 = ORIENTED_EDGE('',*,*,#2520,.T.);
#3466 = ORIENTED_EDGE('',*,*,#3467,.T.);
#3467 = EDGE_CURVE('',#2512,#2521,#3468,.T.);
#3468 = CIRCLE('',#3469,0.525);
#3469 = AXIS2_PLACEMENT_3D('',#3470,#3471,#3472);
#3470 = CARTESIAN_POINT('',(4.,3.6,4.));
#3471 = DIRECTION('',(0.,1.,0.));
#3472 = DIRECTION('',(0.,-0.,1.));
#3473 = PLANE('',#3474);
#3474 = AXIS2_PLACEMENT_3D('',#3475,#3476,#3477);
#3475 = CARTESIAN_POINT('',(4.,3.6,4.));
#3476 = DIRECTION('',(0.,1.,0.));
#3477 = DIRECTION('',(0.,-0.,1.));
#3478 = ADVANCED_FACE('',(#3479),#3485,.T.);
#3479 = FACE_BOUND('',#3480,.T.);
#3480 = EDGE_LOOP('',(#3481,#3482,#3483,#3484));
#3481 = ORIENTED_EDGE('',*,*,#2555,.F.);
#3482 = ORIENTED_EDGE('',*,*,#3381,.F.);
#3483 = ORIENTED_EDGE('',*,*,#2573,.T.);
#3484 = ORIENTED_EDGE('',*,*,#3399,.F.);
#3485 = TOROIDAL_SURFACE('',#3486,0.525,0.1);
#3486 = AXIS2_PLACEMENT_3D('',#3487,#3488,#3489);
#3487 = CARTESIAN_POINT('',(4.,3.5,-4.));
#3488 = DIRECTION('',(0.,1.,0.));
#3489 = DIRECTION('',(0.,-0.,1.));
#3490 = ADVANCED_FACE('',(#3491),#3497,.T.);
#3491 = FACE_BOUND('',#3492,.T.);
#3492 = EDGE_LOOP('',(#3493,#3494,#3495,#3496));
#3493 = ORIENTED_EDGE('',*,*,#2511,.F.);
#3494 = ORIENTED_EDGE('',*,*,#3449,.F.);
#3495 = ORIENTED_EDGE('',*,*,#2529,.T.);
#3496 = ORIENTED_EDGE('',*,*,#3467,.F.);
#3497 = TOROIDAL_SURFACE('',#3498,0.525,0.1);
#3498 = AXIS2_PLACEMENT_3D('',#3499,#3500,#3501);
#3499 = CARTESIAN_POINT('',(4.,3.5,4.));
#3500 = DIRECTION('',(0.,1.,0.));
#3501 = DIRECTION('',(0.,-0.,1.));
#3502 = ADVANCED_FACE('',(#3503),#3509,.T.);
#3503 = FACE_BOUND('',#3504,.T.);
#3504 = EDGE_LOOP('',(#3505,#3506,#3507,#3508));
#3505 = ORIENTED_EDGE('',*,*,#2467,.F.);
#3506 = ORIENTED_EDGE('',*,*,#3415,.F.);
#3507 = ORIENTED_EDGE('',*,*,#2485,.T.);
#3508 = ORIENTED_EDGE('',*,*,#3433,.F.);
#3509 = TOROIDAL_SURFACE('',#3510,0.525,0.1);
#3510 = AXIS2_PLACEMENT_3D('',#3511,#3512,#3513);
#3511 = CARTESIAN_POINT('',(-4.,3.5,4.));
#3512 = DIRECTION('',(0.,1.,0.));
#3513 = DIRECTION('',(0.,-0.,1.));
#3514 = ADVANCED_FACE('',(#3515),#3521,.T.);
#3515 = FACE_BOUND('',#3516,.T.);
#3516 = EDGE_LOOP('',(#3517,#3518,#3519,#3520));
#3517 = ORIENTED_EDGE('',*,*,#2423,.F.);
#3518 = ORIENTED_EDGE('',*,*,#3347,.F.);
#3519 = ORIENTED_EDGE('',*,*,#2441,.T.);
#3520 = ORIENTED_EDGE('',*,*,#3365,.F.);
#3521 = TOROIDAL_SURFACE('',#3522,0.525,0.1);
#3522 = AXIS2_PLACEMENT_3D('',#3523,#3524,#3525);
#3523 = CARTESIAN_POINT('',(-4.,3.5,-4.));
#3524 = DIRECTION('',(0.,1.,0.));
#3525 = DIRECTION('',(0.,-0.,1.));
#3526 = ADVANCED_FACE('',(#3527),#3552,.F.);
#3527 = FACE_BOUND('',#3528,.T.);
#3528 = EDGE_LOOP('',(#3529,#3530,#3538,#3546));
#3529 = ORIENTED_EDGE('',*,*,#2792,.T.);
#3530 = ORIENTED_EDGE('',*,*,#3531,.F.);
#3531 = EDGE_CURVE('',#3532,#2783,#3534,.T.);
#3532 = VERTEX_POINT('',#3533);
#3533 = CARTESIAN_POINT('',(3.,-0.2,5.5));
#3534 = LINE('',#3535,#3536);
#3535 = CARTESIAN_POINT('',(3.,-0.2,5.5));
#3536 = VECTOR('',#3537,1.);
#3537 = DIRECTION('',(-0.,1.,-0.));
#3538 = ORIENTED_EDGE('',*,*,#3539,.F.);
#3539 = EDGE_CURVE('',#3540,#3532,#3542,.T.);
#3540 = VERTEX_POINT('',#3541);
#3541 = CARTESIAN_POINT('',(4.792893218813,-0.2,5.5));
#3542 = LINE('',#3543,#3544);
#3543 = CARTESIAN_POINT('',(3.,-0.2,5.5));
#3544 = VECTOR('',#3545,1.);
#3545 = DIRECTION('',(-1.,-0.,1.451333066945E-15));
#3546 = ORIENTED_EDGE('',*,*,#3547,.T.);
#3547 = EDGE_CURVE('',#3540,#2793,#3548,.T.);
#3548 = LINE('',#3549,#3550);
#3549 = CARTESIAN_POINT('',(4.792893218813,-0.2,5.5));
#3550 = VECTOR('',#3551,1.);
#3551 = DIRECTION('',(-0.,1.,-0.));
#3552 = PLANE('',#3553);
#3553 = AXIS2_PLACEMENT_3D('',#3554,#3555,#3556);
#3554 = CARTESIAN_POINT('',(3.,-0.2,5.5));
#3555 = DIRECTION('',(-1.451333066945E-15,0.,-1.));
#3556 = DIRECTION('',(-1.,0.,1.451333066945E-15));
#3557 = ADVANCED_FACE('',(#3558),#3576,.F.);
#3558 = FACE_BOUND('',#3559,.T.);
#3559 = EDGE_LOOP('',(#3560,#3561,#3569,#3575));
#3560 = ORIENTED_EDGE('',*,*,#2782,.T.);
#3561 = ORIENTED_EDGE('',*,*,#3562,.F.);
#3562 = EDGE_CURVE('',#3563,#2785,#3565,.T.);
#3563 = VERTEX_POINT('',#3564);
#3564 = CARTESIAN_POINT('',(3.,-0.2,3.7));
#3565 = LINE('',#3566,#3567);
#3566 = CARTESIAN_POINT('',(3.,-0.2,3.7));
#3567 = VECTOR('',#3568,1.);
#3568 = DIRECTION('',(-0.,1.,-0.));
#3569 = ORIENTED_EDGE('',*,*,#3570,.F.);
#3570 = EDGE_CURVE('',#3532,#3563,#3571,.T.);
#3571 = LINE('',#3572,#3573);
#3572 = CARTESIAN_POINT('',(3.,-0.2,5.5));
#3573 = VECTOR('',#3574,1.);
#3574 = DIRECTION('',(2.409338161079E-16,0.,-1.));
#3575 = ORIENTED_EDGE('',*,*,#3531,.T.);
#3576 = PLANE('',#3577);
#3577 = AXIS2_PLACEMENT_3D('',#3578,#3579,#3580);
#3578 = CARTESIAN_POINT('',(3.,-0.2,5.5));
#3579 = DIRECTION('',(1.,0.,2.409338161079E-16));
#3580 = DIRECTION('',(2.409338161079E-16,0.,-1.));
#3581 = ADVANCED_FACE('',(#3582),#3600,.F.);
#3582 = FACE_BOUND('',#3583,.T.);
#3583 = EDGE_LOOP('',(#3584,#3585,#3593,#3599));
#3584 = ORIENTED_EDGE('',*,*,#2816,.T.);
#3585 = ORIENTED_EDGE('',*,*,#3586,.F.);
#3586 = EDGE_CURVE('',#3587,#2809,#3589,.T.);
#3587 = VERTEX_POINT('',#3588);
#3588 = CARTESIAN_POINT('',(5.5,-0.2,3.7));
#3589 = LINE('',#3590,#3591);
#3590 = CARTESIAN_POINT('',(5.5,-0.2,3.7));
#3591 = VECTOR('',#3592,1.);
#3592 = DIRECTION('',(-0.,1.,-0.));
#3593 = ORIENTED_EDGE('',*,*,#3594,.F.);
#3594 = EDGE_CURVE('',#3563,#3587,#3595,.T.);
#3595 = LINE('',#3596,#3597);
#3596 = CARTESIAN_POINT('',(3.,-0.2,3.7));
#3597 = VECTOR('',#3598,1.);
#3598 = DIRECTION('',(1.,0.,0.));
#3599 = ORIENTED_EDGE('',*,*,#3562,.T.);
#3600 = PLANE('',#3601);
#3601 = AXIS2_PLACEMENT_3D('',#3602,#3603,#3604);
#3602 = CARTESIAN_POINT('',(3.,-0.2,3.7));
#3603 = DIRECTION('',(-0.,0.,1.));
#3604 = DIRECTION('',(1.,0.,0.));
#3605 = ADVANCED_FACE('',(#3606),#3624,.F.);
#3606 = FACE_BOUND('',#3607,.T.);
#3607 = EDGE_LOOP('',(#3608,#3609,#3617,#3623));
#3608 = ORIENTED_EDGE('',*,*,#2808,.T.);
#3609 = ORIENTED_EDGE('',*,*,#3610,.F.);
#3610 = EDGE_CURVE('',#3611,#2801,#3613,.T.);
#3611 = VERTEX_POINT('',#3612);
#3612 = CARTESIAN_POINT('',(5.5,-0.2,4.792893218813));
#3613 = LINE('',#3614,#3615);
#3614 = CARTESIAN_POINT('',(5.5,-0.2,4.792893218813));
#3615 = VECTOR('',#3616,1.);
#3616 = DIRECTION('',(-0.,1.,-0.));
#3617 = ORIENTED_EDGE('',*,*,#3618,.F.);
#3618 = EDGE_CURVE('',#3587,#3611,#3619,.T.);
#3619 = LINE('',#3620,#3621);
#3620 = CARTESIAN_POINT('',(5.5,-0.2,4.792893218813));
#3621 = VECTOR('',#3622,1.);
#3622 = DIRECTION('',(-0.,-0.,1.));
#3623 = ORIENTED_EDGE('',*,*,#3586,.T.);
#3624 = PLANE('',#3625);
#3625 = AXIS2_PLACEMENT_3D('',#3626,#3627,#3628);
#3626 = CARTESIAN_POINT('',(5.5,-0.2,4.792893218813));
#3627 = DIRECTION('',(-1.,0.,-0.));
#3628 = DIRECTION('',(0.,0.,1.));
#3629 = ADVANCED_FACE('',(#3630),#3641,.F.);
#3630 = FACE_BOUND('',#3631,.T.);
#3631 = EDGE_LOOP('',(#3632,#3633,#3634,#3640));
#3632 = ORIENTED_EDGE('',*,*,#2800,.T.);
#3633 = ORIENTED_EDGE('',*,*,#3547,.F.);
#3634 = ORIENTED_EDGE('',*,*,#3635,.F.);
#3635 = EDGE_CURVE('',#3611,#3540,#3636,.T.);
#3636 = LINE('',#3637,#3638);
#3637 = CARTESIAN_POINT('',(4.792893218813,-0.2,5.5));
#3638 = VECTOR('',#3639,1.);
#3639 = DIRECTION('',(-0.707106781187,-0.,0.707106781187));
#3640 = ORIENTED_EDGE('',*,*,#3610,.T.);
#3641 = PLANE('',#3642);
#3642 = AXIS2_PLACEMENT_3D('',#3643,#3644,#3645);
#3643 = CARTESIAN_POINT('',(4.792893218813,-0.2,5.5));
#3644 = DIRECTION('',(-0.707106781187,0.,-0.707106781187));
#3645 = DIRECTION('',(-0.707106781187,0.,0.707106781187));
#3646 = ADVANCED_FACE('',(#3647),#3654,.F.);
#3647 = FACE_BOUND('',#3648,.T.);
#3648 = EDGE_LOOP('',(#3649,#3650,#3651,#3652,#3653));
#3649 = ORIENTED_EDGE('',*,*,#3539,.T.);
#3650 = ORIENTED_EDGE('',*,*,#3570,.T.);
#3651 = ORIENTED_EDGE('',*,*,#3594,.T.);
#3652 = ORIENTED_EDGE('',*,*,#3618,.T.);
#3653 = ORIENTED_EDGE('',*,*,#3635,.T.);
#3654 = PLANE('',#3655);
#3655 = AXIS2_PLACEMENT_3D('',#3656,#3657,#3658);
#3656 = CARTESIAN_POINT('',(0.,-0.2,0.));
#3657 = DIRECTION('',(0.,1.,0.));
#3658 = DIRECTION('',(0.,-0.,1.));
#3659 = ADVANCED_FACE('',(#3660),#3685,.F.);
#3660 = FACE_BOUND('',#3661,.T.);
#3661 = EDGE_LOOP('',(#3662,#3663,#3671,#3679));
#3662 = ORIENTED_EDGE('',*,*,#2834,.T.);
#3663 = ORIENTED_EDGE('',*,*,#3664,.F.);
#3664 = EDGE_CURVE('',#3665,#2825,#3667,.T.);
#3665 = VERTEX_POINT('',#3666);
#3666 = CARTESIAN_POINT('',(4.792893218813,-0.2,-5.5));
#3667 = LINE('',#3668,#3669);
#3668 = CARTESIAN_POINT('',(4.792893218813,-0.2,-5.5));
#3669 = VECTOR('',#3670,1.);
#3670 = DIRECTION('',(-0.,1.,-0.));
#3671 = ORIENTED_EDGE('',*,*,#3672,.F.);
#3672 = EDGE_CURVE('',#3673,#3665,#3675,.T.);
#3673 = VERTEX_POINT('',#3674);
#3674 = CARTESIAN_POINT('',(3.,-0.2,-5.5));
#3675 = LINE('',#3676,#3677);
#3676 = CARTESIAN_POINT('',(3.,-0.2,-5.5));
#3677 = VECTOR('',#3678,1.);
#3678 = DIRECTION('',(1.,0.,1.451333066945E-15));
#3679 = ORIENTED_EDGE('',*,*,#3680,.T.);
#3680 = EDGE_CURVE('',#3673,#2835,#3681,.T.);
#3681 = LINE('',#3682,#3683);
#3682 = CARTESIAN_POINT('',(3.,-0.2,-5.5));
#3683 = VECTOR('',#3684,1.);
#3684 = DIRECTION('',(-0.,1.,-0.));
#3685 = PLANE('',#3686);
#3686 = AXIS2_PLACEMENT_3D('',#3687,#3688,#3689);
#3687 = CARTESIAN_POINT('',(3.,-0.2,-5.5));
#3688 = DIRECTION('',(-1.451333066945E-15,0.,1.));
#3689 = DIRECTION('',(1.,0.,1.451333066945E-15));
#3690 = ADVANCED_FACE('',(#3691),#3709,.F.);
#3691 = FACE_BOUND('',#3692,.T.);
#3692 = EDGE_LOOP('',(#3693,#3694,#3702,#3708));
#3693 = ORIENTED_EDGE('',*,*,#2824,.T.);
#3694 = ORIENTED_EDGE('',*,*,#3695,.F.);
#3695 = EDGE_CURVE('',#3696,#2827,#3698,.T.);
#3696 = VERTEX_POINT('',#3697);
#3697 = CARTESIAN_POINT('',(5.5,-0.2,-4.792893218813));
#3698 = LINE('',#3699,#3700);
#3699 = CARTESIAN_POINT('',(5.5,-0.2,-4.792893218813));
#3700 = VECTOR('',#3701,1.);
#3701 = DIRECTION('',(-0.,1.,-0.));
#3702 = ORIENTED_EDGE('',*,*,#3703,.F.);
#3703 = EDGE_CURVE('',#3665,#3696,#3704,.T.);
#3704 = LINE('',#3705,#3706);
#3705 = CARTESIAN_POINT('',(4.792893218813,-0.2,-5.5));
#3706 = VECTOR('',#3707,1.);
#3707 = DIRECTION('',(0.707106781187,0.,0.707106781187));
#3708 = ORIENTED_EDGE('',*,*,#3664,.T.);
#3709 = PLANE('',#3710);
#3710 = AXIS2_PLACEMENT_3D('',#3711,#3712,#3713);
#3711 = CARTESIAN_POINT('',(4.792893218813,-0.2,-5.5));
#3712 = DIRECTION('',(-0.707106781187,0.,0.707106781187));
#3713 = DIRECTION('',(0.707106781187,0.,0.707106781187));
#3714 = ADVANCED_FACE('',(#3715),#3733,.F.);
#3715 = FACE_BOUND('',#3716,.T.);
#3716 = EDGE_LOOP('',(#3717,#3718,#3726,#3732));
#3717 = ORIENTED_EDGE('',*,*,#2858,.T.);
#3718 = ORIENTED_EDGE('',*,*,#3719,.F.);
#3719 = EDGE_CURVE('',#3720,#2851,#3722,.T.);
#3720 = VERTEX_POINT('',#3721);
#3721 = CARTESIAN_POINT('',(5.5,-0.2,-3.7));
#3722 = LINE('',#3723,#3724);
#3723 = CARTESIAN_POINT('',(5.5,-0.2,-3.7));
#3724 = VECTOR('',#3725,1.);
#3725 = DIRECTION('',(-0.,1.,-0.));
#3726 = ORIENTED_EDGE('',*,*,#3727,.F.);
#3727 = EDGE_CURVE('',#3696,#3720,#3728,.T.);
#3728 = LINE('',#3729,#3730);
#3729 = CARTESIAN_POINT('',(5.5,-0.2,-4.792893218813));
#3730 = VECTOR('',#3731,1.);
#3731 = DIRECTION('',(0.,0.,1.));
#3732 = ORIENTED_EDGE('',*,*,#3695,.T.);
#3733 = PLANE('',#3734);
#3734 = AXIS2_PLACEMENT_3D('',#3735,#3736,#3737);
#3735 = CARTESIAN_POINT('',(5.5,-0.2,-4.792893218813));
#3736 = DIRECTION('',(-1.,0.,0.));
#3737 = DIRECTION('',(0.,0.,1.));
#3738 = ADVANCED_FACE('',(#3739),#3757,.F.);
#3739 = FACE_BOUND('',#3740,.T.);
#3740 = EDGE_LOOP('',(#3741,#3742,#3750,#3756));
#3741 = ORIENTED_EDGE('',*,*,#2850,.T.);
#3742 = ORIENTED_EDGE('',*,*,#3743,.F.);
#3743 = EDGE_CURVE('',#3744,#2843,#3746,.T.);
#3744 = VERTEX_POINT('',#3745);
#3745 = CARTESIAN_POINT('',(3.,-0.2,-3.7));
#3746 = LINE('',#3747,#3748);
#3747 = CARTESIAN_POINT('',(3.,-0.2,-3.7));
#3748 = VECTOR('',#3749,1.);
#3749 = DIRECTION('',(-0.,1.,-0.));
#3750 = ORIENTED_EDGE('',*,*,#3751,.F.);
#3751 = EDGE_CURVE('',#3720,#3744,#3752,.T.);
#3752 = LINE('',#3753,#3754);
#3753 = CARTESIAN_POINT('',(3.,-0.2,-3.7));
#3754 = VECTOR('',#3755,1.);
#3755 = DIRECTION('',(-1.,-0.,-0.));
#3756 = ORIENTED_EDGE('',*,*,#3719,.T.);
#3757 = PLANE('',#3758);
#3758 = AXIS2_PLACEMENT_3D('',#3759,#3760,#3761);
#3759 = CARTESIAN_POINT('',(3.,-0.2,-3.7));
#3760 = DIRECTION('',(0.,0.,-1.));
#3761 = DIRECTION('',(-1.,0.,-0.));
#3762 = ADVANCED_FACE('',(#3763),#3774,.F.);
#3763 = FACE_BOUND('',#3764,.T.);
#3764 = EDGE_LOOP('',(#3765,#3766,#3767,#3773));
#3765 = ORIENTED_EDGE('',*,*,#2842,.T.);
#3766 = ORIENTED_EDGE('',*,*,#3680,.F.);
#3767 = ORIENTED_EDGE('',*,*,#3768,.F.);
#3768 = EDGE_CURVE('',#3744,#3673,#3769,.T.);
#3769 = LINE('',#3770,#3771);
#3770 = CARTESIAN_POINT('',(3.,-0.2,-5.5));
#3771 = VECTOR('',#3772,1.);
#3772 = DIRECTION('',(-2.409338161079E-16,-0.,-1.));
#3773 = ORIENTED_EDGE('',*,*,#3743,.T.);
#3774 = PLANE('',#3775);
#3775 = AXIS2_PLACEMENT_3D('',#3776,#3777,#3778);
#3776 = CARTESIAN_POINT('',(3.,-0.2,-5.5));
#3777 = DIRECTION('',(1.,0.,-2.409338161079E-16));
#3778 = DIRECTION('',(-2.409338161079E-16,0.,-1.));
#3779 = ADVANCED_FACE('',(#3780),#3787,.T.);
#3780 = FACE_BOUND('',#3781,.T.);
#3781 = EDGE_LOOP('',(#3782,#3783,#3784,#3785,#3786));
#3782 = ORIENTED_EDGE('',*,*,#3672,.T.);
#3783 = ORIENTED_EDGE('',*,*,#3703,.T.);
#3784 = ORIENTED_EDGE('',*,*,#3727,.T.);
#3785 = ORIENTED_EDGE('',*,*,#3751,.T.);
#3786 = ORIENTED_EDGE('',*,*,#3768,.T.);
#3787 = PLANE('',#3788);
#3788 = AXIS2_PLACEMENT_3D('',#3789,#3790,#3791);
#3789 = CARTESIAN_POINT('',(0.,-0.2,0.));
#3790 = DIRECTION('',(0.,-1.,0.));
#3791 = DIRECTION('',(0.,-0.,-1.));
#3792 = ADVANCED_FACE('',(#3793),#3818,.F.);
#3793 = FACE_BOUND('',#3794,.T.);
#3794 = EDGE_LOOP('',(#3795,#3796,#3804,#3812));
#3795 = ORIENTED_EDGE('',*,*,#2876,.T.);
#3796 = ORIENTED_EDGE('',*,*,#3797,.F.);
#3797 = EDGE_CURVE('',#3798,#2867,#3800,.T.);
#3798 = VERTEX_POINT('',#3799);
#3799 = CARTESIAN_POINT('',(-3.,-0.2,-5.5));
#3800 = LINE('',#3801,#3802);
#3801 = CARTESIAN_POINT('',(-3.,-0.2,-5.5));
#3802 = VECTOR('',#3803,1.);
#3803 = DIRECTION('',(-0.,1.,-0.));
#3804 = ORIENTED_EDGE('',*,*,#3805,.F.);
#3805 = EDGE_CURVE('',#3806,#3798,#3808,.T.);
#3806 = VERTEX_POINT('',#3807);
#3807 = CARTESIAN_POINT('',(-4.792893218813,-0.2,-5.5));
#3808 = LINE('',#3809,#3810);
#3809 = CARTESIAN_POINT('',(-3.,-0.2,-5.5));
#3810 = VECTOR('',#3811,1.);
#3811 = DIRECTION('',(1.,-0.,-1.451333066945E-15));
#3812 = ORIENTED_EDGE('',*,*,#3813,.T.);
#3813 = EDGE_CURVE('',#3806,#2877,#3814,.T.);
#3814 = LINE('',#3815,#3816);
#3815 = CARTESIAN_POINT('',(-4.792893218813,-0.2,-5.5));
#3816 = VECTOR('',#3817,1.);
#3817 = DIRECTION('',(-0.,1.,-0.));
#3818 = PLANE('',#3819);
#3819 = AXIS2_PLACEMENT_3D('',#3820,#3821,#3822);
#3820 = CARTESIAN_POINT('',(-3.,-0.2,-5.5));
#3821 = DIRECTION('',(1.451333066945E-15,0.,1.));
#3822 = DIRECTION('',(1.,0.,-1.451333066945E-15));
#3823 = ADVANCED_FACE('',(#3824),#3842,.F.);
#3824 = FACE_BOUND('',#3825,.T.);
#3825 = EDGE_LOOP('',(#3826,#3827,#3835,#3841));
#3826 = ORIENTED_EDGE('',*,*,#2866,.T.);
#3827 = ORIENTED_EDGE('',*,*,#3828,.F.);
#3828 = EDGE_CURVE('',#3829,#2869,#3831,.T.);
#3829 = VERTEX_POINT('',#3830);
#3830 = CARTESIAN_POINT('',(-3.,-0.2,-3.7));
#3831 = LINE('',#3832,#3833);
#3832 = CARTESIAN_POINT('',(-3.,-0.2,-3.7));
#3833 = VECTOR('',#3834,1.);
#3834 = DIRECTION('',(-0.,1.,-0.));
#3835 = ORIENTED_EDGE('',*,*,#3836,.F.);
#3836 = EDGE_CURVE('',#3798,#3829,#3837,.T.);
#3837 = LINE('',#3838,#3839);
#3838 = CARTESIAN_POINT('',(-3.,-0.2,-5.5));
#3839 = VECTOR('',#3840,1.);
#3840 = DIRECTION('',(-2.409338161079E-16,0.,1.));
#3841 = ORIENTED_EDGE('',*,*,#3797,.T.);
#3842 = PLANE('',#3843);
#3843 = AXIS2_PLACEMENT_3D('',#3844,#3845,#3846);
#3844 = CARTESIAN_POINT('',(-3.,-0.2,-5.5));
#3845 = DIRECTION('',(-1.,0.,-2.409338161079E-16));
#3846 = DIRECTION('',(-2.409338161079E-16,0.,1.));
#3847 = ADVANCED_FACE('',(#3848),#3866,.F.);
#3848 = FACE_BOUND('',#3849,.T.);
#3849 = EDGE_LOOP('',(#3850,#3851,#3859,#3865));
#3850 = ORIENTED_EDGE('',*,*,#2900,.T.);
#3851 = ORIENTED_EDGE('',*,*,#3852,.F.);
#3852 = EDGE_CURVE('',#3853,#2893,#3855,.T.);
#3853 = VERTEX_POINT('',#3854);
#3854 = CARTESIAN_POINT('',(-5.5,-0.2,-3.7));
#3855 = LINE('',#3856,#3857);
#3856 = CARTESIAN_POINT('',(-5.5,-0.2,-3.7));
#3857 = VECTOR('',#3858,1.);
#3858 = DIRECTION('',(-0.,1.,-0.));
#3859 = ORIENTED_EDGE('',*,*,#3860,.F.);
#3860 = EDGE_CURVE('',#3829,#3853,#3861,.T.);
#3861 = LINE('',#3862,#3863);
#3862 = CARTESIAN_POINT('',(-3.,-0.2,-3.7));
#3863 = VECTOR('',#3864,1.);
#3864 = DIRECTION('',(-1.,0.,0.));
#3865 = ORIENTED_EDGE('',*,*,#3828,.T.);
#3866 = PLANE('',#3867);
#3867 = AXIS2_PLACEMENT_3D('',#3868,#3869,#3870);
#3868 = CARTESIAN_POINT('',(-3.,-0.2,-3.7));
#3869 = DIRECTION('',(-0.,0.,-1.));
#3870 = DIRECTION('',(-1.,0.,0.));
#3871 = ADVANCED_FACE('',(#3872),#3890,.F.);
#3872 = FACE_BOUND('',#3873,.T.);
#3873 = EDGE_LOOP('',(#3874,#3875,#3883,#3889));
#3874 = ORIENTED_EDGE('',*,*,#2892,.T.);
#3875 = ORIENTED_EDGE('',*,*,#3876,.F.);
#3876 = EDGE_CURVE('',#3877,#2885,#3879,.T.);
#3877 = VERTEX_POINT('',#3878);
#3878 = CARTESIAN_POINT('',(-5.5,-0.2,-4.792893218813));
#3879 = LINE('',#3880,#3881);
#3880 = CARTESIAN_POINT('',(-5.5,-0.2,-4.792893218813));
#3881 = VECTOR('',#3882,1.);
#3882 = DIRECTION('',(-0.,1.,-0.));
#3883 = ORIENTED_EDGE('',*,*,#3884,.F.);
#3884 = EDGE_CURVE('',#3853,#3877,#3885,.T.);
#3885 = LINE('',#3886,#3887);
#3886 = CARTESIAN_POINT('',(-5.5,-0.2,-4.792893218813));
#3887 = VECTOR('',#3888,1.);
#3888 = DIRECTION('',(-0.,-0.,-1.));
#3889 = ORIENTED_EDGE('',*,*,#3852,.T.);
#3890 = PLANE('',#3891);
#3891 = AXIS2_PLACEMENT_3D('',#3892,#3893,#3894);
#3892 = CARTESIAN_POINT('',(-5.5,-0.2,-4.792893218813));
#3893 = DIRECTION('',(1.,0.,-0.));
#3894 = DIRECTION('',(-0.,0.,-1.));
#3895 = ADVANCED_FACE('',(#3896),#3907,.F.);
#3896 = FACE_BOUND('',#3897,.T.);
#3897 = EDGE_LOOP('',(#3898,#3899,#3900,#3906));
#3898 = ORIENTED_EDGE('',*,*,#2884,.T.);
#3899 = ORIENTED_EDGE('',*,*,#3813,.F.);
#3900 = ORIENTED_EDGE('',*,*,#3901,.F.);
#3901 = EDGE_CURVE('',#3877,#3806,#3902,.T.);
#3902 = LINE('',#3903,#3904);
#3903 = CARTESIAN_POINT('',(-4.792893218813,-0.2,-5.5));
#3904 = VECTOR('',#3905,1.);
#3905 = DIRECTION('',(0.707106781187,-0.,-0.707106781187));
#3906 = ORIENTED_EDGE('',*,*,#3876,.T.);
#3907 = PLANE('',#3908);
#3908 = AXIS2_PLACEMENT_3D('',#3909,#3910,#3911);
#3909 = CARTESIAN_POINT('',(-4.792893218813,-0.2,-5.5));
#3910 = DIRECTION('',(0.707106781187,0.,0.707106781187));
#3911 = DIRECTION('',(0.707106781187,0.,-0.707106781187));
#3912 = ADVANCED_FACE('',(#3913),#3920,.F.);
#3913 = FACE_BOUND('',#3914,.T.);
#3914 = EDGE_LOOP('',(#3915,#3916,#3917,#3918,#3919));
#3915 = ORIENTED_EDGE('',*,*,#3805,.T.);
#3916 = ORIENTED_EDGE('',*,*,#3836,.T.);
#3917 = ORIENTED_EDGE('',*,*,#3860,.T.);
#3918 = ORIENTED_EDGE('',*,*,#3884,.T.);
#3919 = ORIENTED_EDGE('',*,*,#3901,.T.);
#3920 = PLANE('',#3921);
#3921 = AXIS2_PLACEMENT_3D('',#3922,#3923,#3924);
#3922 = CARTESIAN_POINT('',(0.,-0.2,0.));
#3923 = DIRECTION('',(0.,1.,-0.));
#3924 = DIRECTION('',(0.,0.,1.));
#3925 = ADVANCED_FACE('',(#3926),#3951,.F.);
#3926 = FACE_BOUND('',#3927,.T.);
#3927 = EDGE_LOOP('',(#3928,#3929,#3937,#3945));
#3928 = ORIENTED_EDGE('',*,*,#2918,.T.);
#3929 = ORIENTED_EDGE('',*,*,#3930,.F.);
#3930 = EDGE_CURVE('',#3931,#2909,#3933,.T.);
#3931 = VERTEX_POINT('',#3932);
#3932 = CARTESIAN_POINT('',(-4.792893218813,-0.2,5.5));
#3933 = LINE('',#3934,#3935);
#3934 = CARTESIAN_POINT('',(-4.792893218813,-0.2,5.5));
#3935 = VECTOR('',#3936,1.);
#3936 = DIRECTION('',(-0.,1.,-0.));
#3937 = ORIENTED_EDGE('',*,*,#3938,.F.);
#3938 = EDGE_CURVE('',#3939,#3931,#3941,.T.);
#3939 = VERTEX_POINT('',#3940);
#3940 = CARTESIAN_POINT('',(-3.,-0.2,5.5));
#3941 = LINE('',#3942,#3943);
#3942 = CARTESIAN_POINT('',(-3.,-0.2,5.5));
#3943 = VECTOR('',#3944,1.);
#3944 = DIRECTION('',(-1.,0.,-1.451333066945E-15));
#3945 = ORIENTED_EDGE('',*,*,#3946,.T.);
#3946 = EDGE_CURVE('',#3939,#2919,#3947,.T.);
#3947 = LINE('',#3948,#3949);
#3948 = CARTESIAN_POINT('',(-3.,-0.2,5.5));
#3949 = VECTOR('',#3950,1.);
#3950 = DIRECTION('',(-0.,1.,-0.));
#3951 = PLANE('',#3952);
#3952 = AXIS2_PLACEMENT_3D('',#3953,#3954,#3955);
#3953 = CARTESIAN_POINT('',(-3.,-0.2,5.5));
#3954 = DIRECTION('',(1.451333066945E-15,0.,-1.));
#3955 = DIRECTION('',(-1.,0.,-1.451333066945E-15));
#3956 = ADVANCED_FACE('',(#3957),#3975,.F.);
#3957 = FACE_BOUND('',#3958,.T.);
#3958 = EDGE_LOOP('',(#3959,#3960,#3968,#3974));
#3959 = ORIENTED_EDGE('',*,*,#2908,.T.);
#3960 = ORIENTED_EDGE('',*,*,#3961,.F.);
#3961 = EDGE_CURVE('',#3962,#2911,#3964,.T.);
#3962 = VERTEX_POINT('',#3963);
#3963 = CARTESIAN_POINT('',(-5.5,-0.2,4.792893218813));
#3964 = LINE('',#3965,#3966);
#3965 = CARTESIAN_POINT('',(-5.5,-0.2,4.792893218813));
#3966 = VECTOR('',#3967,1.);
#3967 = DIRECTION('',(-0.,1.,-0.));
#3968 = ORIENTED_EDGE('',*,*,#3969,.F.);
#3969 = EDGE_CURVE('',#3931,#3962,#3970,.T.);
#3970 = LINE('',#3971,#3972);
#3971 = CARTESIAN_POINT('',(-4.792893218813,-0.2,5.5));
#3972 = VECTOR('',#3973,1.);
#3973 = DIRECTION('',(-0.707106781187,0.,-0.707106781187));
#3974 = ORIENTED_EDGE('',*,*,#3930,.T.);
#3975 = PLANE('',#3976);
#3976 = AXIS2_PLACEMENT_3D('',#3977,#3978,#3979);
#3977 = CARTESIAN_POINT('',(-4.792893218813,-0.2,5.5));
#3978 = DIRECTION('',(0.707106781187,0.,-0.707106781187));
#3979 = DIRECTION('',(-0.707106781187,0.,-0.707106781187));
#3980 = ADVANCED_FACE('',(#3981),#3999,.F.);
#3981 = FACE_BOUND('',#3982,.T.);
#3982 = EDGE_LOOP('',(#3983,#3984,#3992,#3998));
#3983 = ORIENTED_EDGE('',*,*,#2942,.T.);
#3984 = ORIENTED_EDGE('',*,*,#3985,.F.);
#3985 = EDGE_CURVE('',#3986,#2935,#3988,.T.);
#3986 = VERTEX_POINT('',#3987);
#3987 = CARTESIAN_POINT('',(-5.5,-0.2,3.7));
#3988 = LINE('',#3989,#3990);
#3989 = CARTESIAN_POINT('',(-5.5,-0.2,3.7));
#3990 = VECTOR('',#3991,1.);
#3991 = DIRECTION('',(-0.,1.,-0.));
#3992 = ORIENTED_EDGE('',*,*,#3993,.F.);
#3993 = EDGE_CURVE('',#3962,#3986,#3994,.T.);
#3994 = LINE('',#3995,#3996);
#3995 = CARTESIAN_POINT('',(-5.5,-0.2,4.792893218813));
#3996 = VECTOR('',#3997,1.);
#3997 = DIRECTION('',(0.,0.,-1.));
#3998 = ORIENTED_EDGE('',*,*,#3961,.T.);
#3999 = PLANE('',#4000);
#4000 = AXIS2_PLACEMENT_3D('',#4001,#4002,#4003);
#4001 = CARTESIAN_POINT('',(-5.5,-0.2,4.792893218813));
#4002 = DIRECTION('',(1.,0.,0.));
#4003 = DIRECTION('',(0.,0.,-1.));
#4004 = ADVANCED_FACE('',(#4005),#4023,.F.);
#4005 = FACE_BOUND('',#4006,.T.);
#4006 = EDGE_LOOP('',(#4007,#4008,#4016,#4022));
#4007 = ORIENTED_EDGE('',*,*,#2934,.T.);
#4008 = ORIENTED_EDGE('',*,*,#4009,.F.);
#4009 = EDGE_CURVE('',#4010,#2927,#4012,.T.);
#4010 = VERTEX_POINT('',#4011);
#4011 = CARTESIAN_POINT('',(-3.,-0.2,3.7));
#4012 = LINE('',#4013,#4014);
#4013 = CARTESIAN_POINT('',(-3.,-0.2,3.7));
#4014 = VECTOR('',#4015,1.);
#4015 = DIRECTION('',(-0.,1.,-0.));
#4016 = ORIENTED_EDGE('',*,*,#4017,.F.);
#4017 = EDGE_CURVE('',#3986,#4010,#4018,.T.);
#4018 = LINE('',#4019,#4020);
#4019 = CARTESIAN_POINT('',(-3.,-0.2,3.7));
#4020 = VECTOR('',#4021,1.);
#4021 = DIRECTION('',(1.,-0.,-0.));
#4022 = ORIENTED_EDGE('',*,*,#3985,.T.);
#4023 = PLANE('',#4024);
#4024 = AXIS2_PLACEMENT_3D('',#4025,#4026,#4027);
#4025 = CARTESIAN_POINT('',(-3.,-0.2,3.7));
#4026 = DIRECTION('',(0.,0.,1.));
#4027 = DIRECTION('',(1.,0.,-0.));
#4028 = ADVANCED_FACE('',(#4029),#4040,.F.);
#4029 = FACE_BOUND('',#4030,.T.);
#4030 = EDGE_LOOP('',(#4031,#4032,#4033,#4039));
#4031 = ORIENTED_EDGE('',*,*,#2926,.T.);
#4032 = ORIENTED_EDGE('',*,*,#3946,.F.);
#4033 = ORIENTED_EDGE('',*,*,#4034,.F.);
#4034 = EDGE_CURVE('',#4010,#3939,#4035,.T.);
#4035 = LINE('',#4036,#4037);
#4036 = CARTESIAN_POINT('',(-3.,-0.2,5.5));
#4037 = VECTOR('',#4038,1.);
#4038 = DIRECTION('',(2.409338161079E-16,-0.,1.));
#4039 = ORIENTED_EDGE('',*,*,#4009,.T.);
#4040 = PLANE('',#4041);
#4041 = AXIS2_PLACEMENT_3D('',#4042,#4043,#4044);
#4042 = CARTESIAN_POINT('',(-3.,-0.2,5.5));
#4043 = DIRECTION('',(-1.,0.,2.409338161079E-16));
#4044 = DIRECTION('',(2.409338161079E-16,0.,1.));
#4045 = ADVANCED_FACE('',(#4046),#4053,.T.);
#4046 = FACE_BOUND('',#4047,.T.);
#4047 = EDGE_LOOP('',(#4048,#4049,#4050,#4051,#4052));
#4048 = ORIENTED_EDGE('',*,*,#3938,.T.);
#4049 = ORIENTED_EDGE('',*,*,#3969,.T.);
#4050 = ORIENTED_EDGE('',*,*,#3993,.T.);
#4051 = ORIENTED_EDGE('',*,*,#4017,.T.);
#4052 = ORIENTED_EDGE('',*,*,#4034,.T.);
#4053 = PLANE('',#4054);
#4054 = AXIS2_PLACEMENT_3D('',#4055,#4056,#4057);
#4055 = CARTESIAN_POINT('',(0.,-0.2,0.));
#4056 = DIRECTION('',(0.,-1.,0.));
#4057 = DIRECTION('',(0.,0.,-1.));
#4058 = ( GEOMETRIC_REPRESENTATION_CONTEXT(3) 
GLOBAL_UNCERTAINTY_ASSIGNED_CONTEXT((#4062)) 
GLOBAL_UNIT_ASSIGNED_CONTEXT((#4059,#4060,#4061)) REPRESENTATION_CONTEXT
('Context #1','3D Context with UNIT and UNCERTAINTY') );
#4059 = ( LENGTH_UNIT() NAMED_UNIT(*) SI_UNIT(.MILLI.,.METRE.) );
#4060 = ( NAMED_UNIT(*) PLANE_ANGLE_UNIT() SI_UNIT($,.RADIAN.) );
#4061 = ( NAMED_UNIT(*) SI_UNIT($,.STERADIAN.) SOLID_ANGLE_UNIT() );
#4062 = UNCERTAINTY_MEASURE_WITH_UNIT(LENGTH_MEASURE(1.E-07),#4059,
  'distance_accuracy_value','confusion accuracy');
#4063 = CONTEXT_DEPENDENT_SHAPE_REPRESENTATION(#4064,#4066);
#4064 = ( REPRESENTATION_RELATIONSHIP('','',#2405,#36) 
REPRESENTATION_RELATIONSHIP_WITH_TRANSFORMATION(#4065) 
SHAPE_REPRESENTATION_RELATIONSHIP() );
#4065 = ITEM_DEFINED_TRANSFORMATION('','',#11,#61);
#4066 = PRODUCT_DEFINITION_SHAPE('Placement','Placement of an item',
  #4067);
#4067 = NEXT_ASSEMBLY_USAGE_OCCURRENCE('34','12mm Push Button006','',#31
  ,#2400,$);
#4068 = PRODUCT_RELATED_PRODUCT_CATEGORY('part',$,(#2402));
#4069 = SHAPE_DEFINITION_REPRESENTATION(#4070,#4076);
#4070 = PRODUCT_DEFINITION_SHAPE('','',#4071);
#4071 = PRODUCT_DEFINITION('design','',#4072,#4075);
#4072 = PRODUCT_DEFINITION_FORMATION('','',#4073);
#4073 = PRODUCT('12mm Push Button Cap','12mm Push Button Cap','',(#4074)
  );
#4074 = PRODUCT_CONTEXT('',#2,'mechanical');
#4075 = PRODUCT_DEFINITION_CONTEXT('part definition',#2,'design');
#4076 = ADVANCED_BREP_SHAPE_REPRESENTATION('',(#11,#4077),#5660);
#4077 = MANIFOLD_SOLID_BREP('',#4078);
#4078 = CLOSED_SHELL('',(#4079,#4123,#4165,#4209,#4241,#4273,#4313,#4378
    ,#4409,#4465,#4487,#4723,#4755,#4787,#4819,#4851,#4875,#4901,#5005,
    #5023,#5039,#5051,#5068,#5085,#5102,#5119,#5136,#5153,#5170,#5187,
    #5222,#5246,#5270,#5287,#5299,#5334,#5375,#5416,#5433,#5449,#5484,
    #5508,#5532,#5549,#5561,#5578,#5590,#5607,#5624,#5636,#5648));
#4079 = ADVANCED_FACE('',(#4080),#4118,.T.);
#4080 = FACE_BOUND('',#4081,.T.);
#4081 = EDGE_LOOP('',(#4082,#4093,#4102,#4111));
#4082 = ORIENTED_EDGE('',*,*,#4083,.F.);
#4083 = EDGE_CURVE('',#4084,#4086,#4088,.T.);
#4084 = VERTEX_POINT('',#4085);
#4085 = CARTESIAN_POINT('',(0.,1.3,-6.5));
#4086 = VERTEX_POINT('',#4087);
#4087 = CARTESIAN_POINT('',(7.960204194458E-16,1.3,6.5));
#4088 = CIRCLE('',#4089,6.5);
#4089 = AXIS2_PLACEMENT_3D('',#4090,#4091,#4092);
#4090 = CARTESIAN_POINT('',(0.,1.3,0.));
#4091 = DIRECTION('',(0.,-1.,0.));
#4092 = DIRECTION('',(0.,0.,1.));
#4093 = ORIENTED_EDGE('',*,*,#4094,.T.);
#4094 = EDGE_CURVE('',#4084,#4095,#4097,.T.);
#4095 = VERTEX_POINT('',#4096);
#4096 = CARTESIAN_POINT('',(7.837739514543E-16,1.5,-6.3));
#4097 = CIRCLE('',#4098,0.2);
#4098 = AXIS2_PLACEMENT_3D('',#4099,#4100,#4101);
#4099 = CARTESIAN_POINT('',(7.715274834628E-16,1.3,-6.3));
#4100 = DIRECTION('',(1.,-0.,1.224646799147E-16));
#4101 = DIRECTION('',(1.224646799147E-16,0.,-1.));
#4102 = ORIENTED_EDGE('',*,*,#4103,.F.);
#4103 = EDGE_CURVE('',#4104,#4095,#4106,.T.);
#4104 = VERTEX_POINT('',#4105);
#4105 = CARTESIAN_POINT('',(0.,1.5,6.3));
#4106 = CIRCLE('',#4107,6.3);
#4107 = AXIS2_PLACEMENT_3D('',#4108,#4109,#4110);
#4108 = CARTESIAN_POINT('',(0.,1.5,0.));
#4109 = DIRECTION('',(0.,1.,0.));
#4110 = DIRECTION('',(0.,-0.,1.));
#4111 = ORIENTED_EDGE('',*,*,#4112,.F.);
#4112 = EDGE_CURVE('',#4086,#4104,#4113,.T.);
#4113 = CIRCLE('',#4114,0.2);
#4114 = AXIS2_PLACEMENT_3D('',#4115,#4116,#4117);
#4115 = CARTESIAN_POINT('',(0.,1.3,6.3));
#4116 = DIRECTION('',(-1.,0.,0.));
#4117 = DIRECTION('',(0.,0.,1.));
#4118 = TOROIDAL_SURFACE('',#4119,6.3,0.2);
#4119 = AXIS2_PLACEMENT_3D('',#4120,#4121,#4122);
#4120 = CARTESIAN_POINT('',(0.,1.3,0.));
#4121 = DIRECTION('',(0.,1.,0.));
#4122 = DIRECTION('',(0.,-0.,1.));
#4123 = ADVANCED_FACE('',(#4124),#4160,.T.);
#4124 = FACE_BOUND('',#4125,.T.);
#4125 = EDGE_LOOP('',(#4126,#4137,#4145,#4154));
#4126 = ORIENTED_EDGE('',*,*,#4127,.F.);
#4127 = EDGE_CURVE('',#4128,#4130,#4132,.T.);
#4128 = VERTEX_POINT('',#4129);
#4129 = CARTESIAN_POINT('',(-1.646292362078,-1.695128994159,-1.9));
#4130 = VERTEX_POINT('',#4131);
#4131 = CARTESIAN_POINT('',(-1.680441901291,-1.77038666363,-1.9));
#4132 = CIRCLE('',#4133,0.1);
#4133 = AXIS2_PLACEMENT_3D('',#4134,#4135,#4136);
#4134 = CARTESIAN_POINT('',(-1.746292362078,-1.695128994159,-1.9));
#4135 = DIRECTION('',(0.,0.,-1.));
#4136 = DIRECTION('',(1.,0.,0.));
#4137 = ORIENTED_EDGE('',*,*,#4138,.T.);
#4138 = EDGE_CURVE('',#4128,#4139,#4141,.T.);
#4139 = VERTEX_POINT('',#4140);
#4140 = CARTESIAN_POINT('',(-1.646292362078,-1.695128994159,1.9));
#4141 = LINE('',#4142,#4143);
#4142 = CARTESIAN_POINT('',(-1.646292362078,-1.695128994159,-6.501));
#4143 = VECTOR('',#4144,1.);
#4144 = DIRECTION('',(0.,0.,1.));
#4145 = ORIENTED_EDGE('',*,*,#4146,.F.);
#4146 = EDGE_CURVE('',#4147,#4139,#4149,.T.);
#4147 = VERTEX_POINT('',#4148);
#4148 = CARTESIAN_POINT('',(-1.680441901291,-1.77038666363,1.9));
#4149 = CIRCLE('',#4150,0.1);
#4150 = AXIS2_PLACEMENT_3D('',#4151,#4152,#4153);
#4151 = CARTESIAN_POINT('',(-1.746292362078,-1.695128994159,1.9));
#4152 = DIRECTION('',(0.,-0.,1.));
#4153 = DIRECTION('',(-1.,4.336808689942E-15,0.));
#4154 = ORIENTED_EDGE('',*,*,#4155,.F.);
#4155 = EDGE_CURVE('',#4130,#4147,#4156,.T.);
#4156 = LINE('',#4157,#4158);
#4157 = CARTESIAN_POINT('',(-1.680441901291,-1.77038666363,-6.501));
#4158 = VECTOR('',#4159,1.);
#4159 = DIRECTION('',(0.,0.,1.));
#4160 = CYLINDRICAL_SURFACE('',#4161,0.1);
#4161 = AXIS2_PLACEMENT_3D('',#4162,#4163,#4164);
#4162 = CARTESIAN_POINT('',(-1.746292362078,-1.695128994159,-6.501));
#4163 = DIRECTION('',(0.,0.,1.));
#4164 = DIRECTION('',(1.,0.,-0.));
#4165 = ADVANCED_FACE('',(#4166),#4204,.T.);
#4166 = FACE_BOUND('',#4167,.T.);
#4167 = EDGE_LOOP('',(#4168,#4179,#4188,#4197));
#4168 = ORIENTED_EDGE('',*,*,#4169,.F.);
#4169 = EDGE_CURVE('',#4170,#4172,#4174,.T.);
#4170 = VERTEX_POINT('',#4171);
#4171 = CARTESIAN_POINT('',(0.,5.4,-5.8));
#4172 = VERTEX_POINT('',#4173);
#4173 = CARTESIAN_POINT('',(7.102951435055E-16,5.4,5.8));
#4174 = CIRCLE('',#4175,5.8);
#4175 = AXIS2_PLACEMENT_3D('',#4176,#4177,#4178);
#4176 = CARTESIAN_POINT('',(0.,5.4,0.));
#4177 = DIRECTION('',(0.,-1.,0.));
#4178 = DIRECTION('',(0.,0.,1.));
#4179 = ORIENTED_EDGE('',*,*,#4180,.T.);
#4180 = EDGE_CURVE('',#4170,#4181,#4183,.T.);
#4181 = VERTEX_POINT('',#4182);
#4182 = CARTESIAN_POINT('',(6.858022075225E-16,5.8,-5.4));
#4183 = CIRCLE('',#4184,0.4);
#4184 = AXIS2_PLACEMENT_3D('',#4185,#4186,#4187);
#4185 = CARTESIAN_POINT('',(6.613092715396E-16,5.4,-5.4));
#4186 = DIRECTION('',(1.,-0.,1.224646799147E-16));
#4187 = DIRECTION('',(1.224646799147E-16,0.,-1.));
#4188 = ORIENTED_EDGE('',*,*,#4189,.F.);
#4189 = EDGE_CURVE('',#4190,#4181,#4192,.T.);
#4190 = VERTEX_POINT('',#4191);
#4191 = CARTESIAN_POINT('',(0.,5.8,5.4));
#4192 = CIRCLE('',#4193,5.4);
#4193 = AXIS2_PLACEMENT_3D('',#4194,#4195,#4196);
#4194 = CARTESIAN_POINT('',(0.,5.8,0.));
#4195 = DIRECTION('',(0.,1.,0.));
#4196 = DIRECTION('',(0.,-0.,1.));
#4197 = ORIENTED_EDGE('',*,*,#4198,.F.);
#4198 = EDGE_CURVE('',#4172,#4190,#4199,.T.);
#4199 = CIRCLE('',#4200,0.4);
#4200 = AXIS2_PLACEMENT_3D('',#4201,#4202,#4203);
#4201 = CARTESIAN_POINT('',(0.,5.4,5.4));
#4202 = DIRECTION('',(-1.,0.,0.));
#4203 = DIRECTION('',(0.,0.,1.));
#4204 = TOROIDAL_SURFACE('',#4205,5.4,0.4);
#4205 = AXIS2_PLACEMENT_3D('',#4206,#4207,#4208);
#4206 = CARTESIAN_POINT('',(0.,5.4,0.));
#4207 = DIRECTION('',(0.,1.,0.));
#4208 = DIRECTION('',(0.,-0.,1.));
#4209 = ADVANCED_FACE('',(#4210),#4236,.T.);
#4210 = FACE_BOUND('',#4211,.T.);
#4211 = EDGE_LOOP('',(#4212,#4213,#4221,#4230));
#4212 = ORIENTED_EDGE('',*,*,#4169,.T.);
#4213 = ORIENTED_EDGE('',*,*,#4214,.T.);
#4214 = EDGE_CURVE('',#4172,#4215,#4217,.T.);
#4215 = VERTEX_POINT('',#4216);
#4216 = CARTESIAN_POINT('',(7.102951435055E-16,1.5,5.8));
#4217 = LINE('',#4218,#4219);
#4218 = CARTESIAN_POINT('',(7.102951435055E-16,5.8,5.8));
#4219 = VECTOR('',#4220,1.);
#4220 = DIRECTION('',(-0.,-1.,-0.));
#4221 = ORIENTED_EDGE('',*,*,#4222,.T.);
#4222 = EDGE_CURVE('',#4215,#4223,#4225,.T.);
#4223 = VERTEX_POINT('',#4224);
#4224 = CARTESIAN_POINT('',(0.,1.5,-5.8));
#4225 = CIRCLE('',#4226,5.8);
#4226 = AXIS2_PLACEMENT_3D('',#4227,#4228,#4229);
#4227 = CARTESIAN_POINT('',(0.,1.5,0.));
#4228 = DIRECTION('',(0.,1.,0.));
#4229 = DIRECTION('',(0.,-0.,1.));
#4230 = ORIENTED_EDGE('',*,*,#4231,.F.);
#4231 = EDGE_CURVE('',#4170,#4223,#4232,.T.);
#4232 = LINE('',#4233,#4234);
#4233 = CARTESIAN_POINT('',(0.,5.8,-5.8));
#4234 = VECTOR('',#4235,1.);
#4235 = DIRECTION('',(-0.,-1.,-0.));
#4236 = CYLINDRICAL_SURFACE('',#4237,5.8);
#4237 = AXIS2_PLACEMENT_3D('',#4238,#4239,#4240);
#4238 = CARTESIAN_POINT('',(0.,5.8,0.));
#4239 = DIRECTION('',(-0.,-1.,-0.));
#4240 = DIRECTION('',(0.,0.,-1.));
#4241 = ADVANCED_FACE('',(#4242),#4268,.T.);
#4242 = FACE_BOUND('',#4243,.T.);
#4243 = EDGE_LOOP('',(#4244,#4245,#4253,#4262));
#4244 = ORIENTED_EDGE('',*,*,#4083,.T.);
#4245 = ORIENTED_EDGE('',*,*,#4246,.T.);
#4246 = EDGE_CURVE('',#4086,#4247,#4249,.T.);
#4247 = VERTEX_POINT('',#4248);
#4248 = CARTESIAN_POINT('',(7.960204194458E-16,0.,6.5));
#4249 = LINE('',#4250,#4251);
#4250 = CARTESIAN_POINT('',(7.960204194458E-16,1.5,6.5));
#4251 = VECTOR('',#4252,1.);
#4252 = DIRECTION('',(-0.,-1.,-0.));
#4253 = ORIENTED_EDGE('',*,*,#4254,.T.);
#4254 = EDGE_CURVE('',#4247,#4255,#4257,.T.);
#4255 = VERTEX_POINT('',#4256);
#4256 = CARTESIAN_POINT('',(0.,0.,-6.5));
#4257 = CIRCLE('',#4258,6.5);
#4258 = AXIS2_PLACEMENT_3D('',#4259,#4260,#4261);
#4259 = CARTESIAN_POINT('',(0.,0.,0.));
#4260 = DIRECTION('',(0.,1.,0.));
#4261 = DIRECTION('',(0.,-0.,1.));
#4262 = ORIENTED_EDGE('',*,*,#4263,.F.);
#4263 = EDGE_CURVE('',#4084,#4255,#4264,.T.);
#4264 = LINE('',#4265,#4266);
#4265 = CARTESIAN_POINT('',(0.,1.5,-6.5));
#4266 = VECTOR('',#4267,1.);
#4267 = DIRECTION('',(-0.,-1.,-0.));
#4268 = CYLINDRICAL_SURFACE('',#4269,6.5);
#4269 = AXIS2_PLACEMENT_3D('',#4270,#4271,#4272);
#4270 = CARTESIAN_POINT('',(0.,1.5,0.));
#4271 = DIRECTION('',(-0.,-1.,-0.));
#4272 = DIRECTION('',(0.,0.,-1.));
#4273 = ADVANCED_FACE('',(#4274),#4308,.F.);
#4274 = FACE_BOUND('',#4275,.T.);
#4275 = EDGE_LOOP('',(#4276,#4286,#4294,#4302));
#4276 = ORIENTED_EDGE('',*,*,#4277,.F.);
#4277 = EDGE_CURVE('',#4278,#4280,#4282,.T.);
#4278 = VERTEX_POINT('',#4279);
#4279 = CARTESIAN_POINT('',(-1.9,-1.4,-1.9));
#4280 = VERTEX_POINT('',#4281);
#4281 = CARTESIAN_POINT('',(-1.9,-1.4,1.9));
#4282 = LINE('',#4283,#4284);
#4283 = CARTESIAN_POINT('',(-1.9,-1.4,-2.5375));
#4284 = VECTOR('',#4285,1.);
#4285 = DIRECTION('',(0.,0.,1.));
#4286 = ORIENTED_EDGE('',*,*,#4287,.T.);
#4287 = EDGE_CURVE('',#4278,#4288,#4290,.T.);
#4288 = VERTEX_POINT('',#4289);
#4289 = CARTESIAN_POINT('',(-1.9,4.8,-1.9));
#4290 = LINE('',#4291,#4292);
#4291 = CARTESIAN_POINT('',(-1.9,-2.4,-1.9));
#4292 = VECTOR('',#4293,1.);
#4293 = DIRECTION('',(-0.,1.,-0.));
#4294 = ORIENTED_EDGE('',*,*,#4295,.T.);
#4295 = EDGE_CURVE('',#4288,#4296,#4298,.T.);
#4296 = VERTEX_POINT('',#4297);
#4297 = CARTESIAN_POINT('',(-1.9,4.8,1.9));
#4298 = LINE('',#4299,#4300);
#4299 = CARTESIAN_POINT('',(-1.9,4.8,1.9));
#4300 = VECTOR('',#4301,1.);
#4301 = DIRECTION('',(-0.,-0.,1.));
#4302 = ORIENTED_EDGE('',*,*,#4303,.F.);
#4303 = EDGE_CURVE('',#4280,#4296,#4304,.T.);
#4304 = LINE('',#4305,#4306);
#4305 = CARTESIAN_POINT('',(-1.9,-2.4,1.9));
#4306 = VECTOR('',#4307,1.);
#4307 = DIRECTION('',(-0.,1.,-0.));
#4308 = PLANE('',#4309);
#4309 = AXIS2_PLACEMENT_3D('',#4310,#4311,#4312);
#4310 = CARTESIAN_POINT('',(-1.9,-2.4,1.9));
#4311 = DIRECTION('',(-1.,0.,-0.));
#4312 = DIRECTION('',(0.,0.,1.));
#4313 = ADVANCED_FACE('',(#4314),#4373,.F.);
#4314 = FACE_BOUND('',#4315,.T.);
#4315 = EDGE_LOOP('',(#4316,#4326,#4335,#4343,#4351,#4359,#4367));
#4316 = ORIENTED_EDGE('',*,*,#4317,.T.);
#4317 = EDGE_CURVE('',#4318,#4320,#4322,.T.);
#4318 = VERTEX_POINT('',#4319);
#4319 = CARTESIAN_POINT('',(1.9,-1.4,1.9));
#4320 = VERTEX_POINT('',#4321);
#4321 = CARTESIAN_POINT('',(1.675581683959,-1.624418316041,1.9));
#4322 = LINE('',#4323,#4324);
#4323 = CARTESIAN_POINT('',(1.65,-1.65,1.9));
#4324 = VECTOR('',#4325,1.);
#4325 = DIRECTION('',(-0.707106781187,-0.707106781187,0.));
#4326 = ORIENTED_EDGE('',*,*,#4327,.T.);
#4327 = EDGE_CURVE('',#4320,#4328,#4330,.T.);
#4328 = VERTEX_POINT('',#4329);
#4329 = CARTESIAN_POINT('',(1.680441901291,-1.77038666363,1.9));
#4330 = CIRCLE('',#4331,0.1);
#4331 = AXIS2_PLACEMENT_3D('',#4332,#4333,#4334);
#4332 = CARTESIAN_POINT('',(1.746292362078,-1.695128994159,1.9));
#4333 = DIRECTION('',(0.,0.,1.));
#4334 = DIRECTION('',(-1.,-4.336808689942E-15,0.));
#4335 = ORIENTED_EDGE('',*,*,#4336,.T.);
#4336 = EDGE_CURVE('',#4328,#4337,#4339,.T.);
#4337 = VERTEX_POINT('',#4338);
#4338 = CARTESIAN_POINT('',(2.4,-2.4,1.9));
#4339 = LINE('',#4340,#4341);
#4340 = CARTESIAN_POINT('',(-0.148672566372,-0.169911504425,1.9));
#4341 = VECTOR('',#4342,1.);
#4342 = DIRECTION('',(0.752576694707,-0.658504607869,0.));
#4343 = ORIENTED_EDGE('',*,*,#4344,.F.);
#4344 = EDGE_CURVE('',#4345,#4337,#4347,.T.);
#4345 = VERTEX_POINT('',#4346);
#4346 = CARTESIAN_POINT('',(2.9,-2.4,1.9));
#4347 = LINE('',#4348,#4349);
#4348 = CARTESIAN_POINT('',(2.9,-2.4,1.9));
#4349 = VECTOR('',#4350,1.);
#4350 = DIRECTION('',(-1.,0.,0.));
#4351 = ORIENTED_EDGE('',*,*,#4352,.T.);
#4352 = EDGE_CURVE('',#4345,#4353,#4355,.T.);
#4353 = VERTEX_POINT('',#4354);
#4354 = CARTESIAN_POINT('',(2.9,4.8,1.9));
#4355 = LINE('',#4356,#4357);
#4356 = CARTESIAN_POINT('',(2.9,-2.4,1.9));
#4357 = VECTOR('',#4358,1.);
#4358 = DIRECTION('',(-0.,1.,-0.));
#4359 = ORIENTED_EDGE('',*,*,#4360,.T.);
#4360 = EDGE_CURVE('',#4353,#4361,#4363,.T.);
#4361 = VERTEX_POINT('',#4362);
#4362 = CARTESIAN_POINT('',(1.9,4.8,1.9));
#4363 = LINE('',#4364,#4365);
#4364 = CARTESIAN_POINT('',(2.9,4.8,1.9));
#4365 = VECTOR('',#4366,1.);
#4366 = DIRECTION('',(-1.,0.,0.));
#4367 = ORIENTED_EDGE('',*,*,#4368,.F.);
#4368 = EDGE_CURVE('',#4318,#4361,#4369,.T.);
#4369 = LINE('',#4370,#4371);
#4370 = CARTESIAN_POINT('',(1.9,-2.4,1.9));
#4371 = VECTOR('',#4372,1.);
#4372 = DIRECTION('',(-0.,1.,-0.));
#4373 = PLANE('',#4374);
#4374 = AXIS2_PLACEMENT_3D('',#4375,#4376,#4377);
#4375 = CARTESIAN_POINT('',(2.9,-2.4,1.9));
#4376 = DIRECTION('',(-0.,0.,-1.));
#4377 = DIRECTION('',(-1.,0.,0.));
#4378 = ADVANCED_FACE('',(#4379),#4404,.F.);
#4379 = FACE_BOUND('',#4380,.T.);
#4380 = EDGE_LOOP('',(#4381,#4391,#4397,#4398));
#4381 = ORIENTED_EDGE('',*,*,#4382,.F.);
#4382 = EDGE_CURVE('',#4383,#4385,#4387,.T.);
#4383 = VERTEX_POINT('',#4384);
#4384 = CARTESIAN_POINT('',(1.9,-1.4,-1.9));
#4385 = VERTEX_POINT('',#4386);
#4386 = CARTESIAN_POINT('',(1.9,4.8,-1.9));
#4387 = LINE('',#4388,#4389);
#4388 = CARTESIAN_POINT('',(1.9,-2.4,-1.9));
#4389 = VECTOR('',#4390,1.);
#4390 = DIRECTION('',(-0.,1.,-0.));
#4391 = ORIENTED_EDGE('',*,*,#4392,.T.);
#4392 = EDGE_CURVE('',#4383,#4318,#4393,.T.);
#4393 = LINE('',#4394,#4395);
#4394 = CARTESIAN_POINT('',(1.9,-1.4,-2.5375));
#4395 = VECTOR('',#4396,1.);
#4396 = DIRECTION('',(0.,0.,1.));
#4397 = ORIENTED_EDGE('',*,*,#4368,.T.);
#4398 = ORIENTED_EDGE('',*,*,#4399,.T.);
#4399 = EDGE_CURVE('',#4361,#4385,#4400,.T.);
#4400 = LINE('',#4401,#4402);
#4401 = CARTESIAN_POINT('',(1.9,4.8,1.9));
#4402 = VECTOR('',#4403,1.);
#4403 = DIRECTION('',(0.,0.,-1.));
#4404 = PLANE('',#4405);
#4405 = AXIS2_PLACEMENT_3D('',#4406,#4407,#4408);
#4406 = CARTESIAN_POINT('',(1.9,-2.4,1.9));
#4407 = DIRECTION('',(1.,0.,0.));
#4408 = DIRECTION('',(0.,0.,-1.));
#4409 = ADVANCED_FACE('',(#4410),#4460,.F.);
#4410 = FACE_BOUND('',#4411,.T.);
#4411 = EDGE_LOOP('',(#4412,#4422,#4431,#4437,#4438,#4446,#4454));
#4412 = ORIENTED_EDGE('',*,*,#4413,.T.);
#4413 = EDGE_CURVE('',#4414,#4416,#4418,.T.);
#4414 = VERTEX_POINT('',#4415);
#4415 = CARTESIAN_POINT('',(2.4,-2.4,-1.9));
#4416 = VERTEX_POINT('',#4417);
#4417 = CARTESIAN_POINT('',(1.680441901291,-1.77038666363,-1.9));
#4418 = LINE('',#4419,#4420);
#4419 = CARTESIAN_POINT('',(-0.148672566372,-0.169911504425,-1.9));
#4420 = VECTOR('',#4421,1.);
#4421 = DIRECTION('',(-0.752576694707,0.658504607869,0.));
#4422 = ORIENTED_EDGE('',*,*,#4423,.T.);
#4423 = EDGE_CURVE('',#4416,#4424,#4426,.T.);
#4424 = VERTEX_POINT('',#4425);
#4425 = CARTESIAN_POINT('',(1.675581683959,-1.624418316041,-1.9));
#4426 = CIRCLE('',#4427,0.1);
#4427 = AXIS2_PLACEMENT_3D('',#4428,#4429,#4430);
#4428 = CARTESIAN_POINT('',(1.746292362078,-1.695128994159,-1.9));
#4429 = DIRECTION('',(0.,0.,-1.));
#4430 = DIRECTION('',(1.,0.,0.));
#4431 = ORIENTED_EDGE('',*,*,#4432,.T.);
#4432 = EDGE_CURVE('',#4424,#4383,#4433,.T.);
#4433 = LINE('',#4434,#4435);
#4434 = CARTESIAN_POINT('',(1.65,-1.65,-1.9));
#4435 = VECTOR('',#4436,1.);
#4436 = DIRECTION('',(0.707106781187,0.707106781187,-0.));
#4437 = ORIENTED_EDGE('',*,*,#4382,.T.);
#4438 = ORIENTED_EDGE('',*,*,#4439,.T.);
#4439 = EDGE_CURVE('',#4385,#4440,#4442,.T.);
#4440 = VERTEX_POINT('',#4441);
#4441 = CARTESIAN_POINT('',(2.9,4.8,-1.9));
#4442 = LINE('',#4443,#4444);
#4443 = CARTESIAN_POINT('',(2.9,4.8,-1.9));
#4444 = VECTOR('',#4445,1.);
#4445 = DIRECTION('',(1.,-0.,-0.));
#4446 = ORIENTED_EDGE('',*,*,#4447,.F.);
#4447 = EDGE_CURVE('',#4448,#4440,#4450,.T.);
#4448 = VERTEX_POINT('',#4449);
#4449 = CARTESIAN_POINT('',(2.9,-2.4,-1.9));
#4450 = LINE('',#4451,#4452);
#4451 = CARTESIAN_POINT('',(2.9,-2.4,-1.9));
#4452 = VECTOR('',#4453,1.);
#4453 = DIRECTION('',(-0.,1.,-0.));
#4454 = ORIENTED_EDGE('',*,*,#4455,.F.);
#4455 = EDGE_CURVE('',#4414,#4448,#4456,.T.);
#4456 = LINE('',#4457,#4458);
#4457 = CARTESIAN_POINT('',(2.9,-2.4,-1.9));
#4458 = VECTOR('',#4459,1.);
#4459 = DIRECTION('',(1.,-0.,-0.));
#4460 = PLANE('',#4461);
#4461 = AXIS2_PLACEMENT_3D('',#4462,#4463,#4464);
#4462 = CARTESIAN_POINT('',(2.9,-2.4,-1.9));
#4463 = DIRECTION('',(0.,0.,1.));
#4464 = DIRECTION('',(1.,0.,-0.));
#4465 = ADVANCED_FACE('',(#4466),#4482,.T.);
#4466 = FACE_BOUND('',#4467,.T.);
#4467 = EDGE_LOOP('',(#4468,#4469,#4475,#4476));
#4468 = ORIENTED_EDGE('',*,*,#4344,.T.);
#4469 = ORIENTED_EDGE('',*,*,#4470,.F.);
#4470 = EDGE_CURVE('',#4414,#4337,#4471,.T.);
#4471 = LINE('',#4472,#4473);
#4472 = CARTESIAN_POINT('',(2.4,-2.4,-6.501));
#4473 = VECTOR('',#4474,1.);
#4474 = DIRECTION('',(-0.,-0.,1.));
#4475 = ORIENTED_EDGE('',*,*,#4455,.T.);
#4476 = ORIENTED_EDGE('',*,*,#4477,.T.);
#4477 = EDGE_CURVE('',#4448,#4345,#4478,.T.);
#4478 = LINE('',#4479,#4480);
#4479 = CARTESIAN_POINT('',(2.9,-2.4,1.9));
#4480 = VECTOR('',#4481,1.);
#4481 = DIRECTION('',(-0.,-0.,1.));
#4482 = PLANE('',#4483);
#4483 = AXIS2_PLACEMENT_3D('',#4484,#4485,#4486);
#4484 = CARTESIAN_POINT('',(0.,-2.4,0.));
#4485 = DIRECTION('',(0.,-1.,-0.));
#4486 = DIRECTION('',(0.,0.,-1.));
#4487 = ADVANCED_FACE('',(#4488),#4718,.T.);
#4488 = FACE_BOUND('',#4489,.T.);
#4489 = EDGE_LOOP('',(#4490,#4500,#4508,#4516,#4525,#4533,#4539,#4540,
    #4541,#4542,#4550,#4558,#4567,#4575,#4583,#4591,#4599,#4607,#4615,
    #4623,#4632,#4640,#4648,#4654,#4655,#4663,#4671,#4679,#4688,#4696,
    #4704,#4712));
#4490 = ORIENTED_EDGE('',*,*,#4491,.F.);
#4491 = EDGE_CURVE('',#4492,#4494,#4496,.T.);
#4492 = VERTEX_POINT('',#4493);
#4493 = CARTESIAN_POINT('',(1.,4.8,-2.7));
#4494 = VERTEX_POINT('',#4495);
#4495 = CARTESIAN_POINT('',(1.,4.8,-1.9));
#4496 = LINE('',#4497,#4498);
#4497 = CARTESIAN_POINT('',(1.,4.8,-2.7));
#4498 = VECTOR('',#4499,1.);
#4499 = DIRECTION('',(0.,0.,1.));
#4500 = ORIENTED_EDGE('',*,*,#4501,.F.);
#4501 = EDGE_CURVE('',#4502,#4492,#4504,.T.);
#4502 = VERTEX_POINT('',#4503);
#4503 = CARTESIAN_POINT('',(0.3,4.8,-2.7));
#4504 = LINE('',#4505,#4506);
#4505 = CARTESIAN_POINT('',(-1.,4.8,-2.7));
#4506 = VECTOR('',#4507,1.);
#4507 = DIRECTION('',(1.,0.,0.));
#4508 = ORIENTED_EDGE('',*,*,#4509,.F.);
#4509 = EDGE_CURVE('',#4510,#4502,#4512,.T.);
#4510 = VERTEX_POINT('',#4511);
#4511 = CARTESIAN_POINT('',(0.3,4.8,-4.990991885387));
#4512 = LINE('',#4513,#4514);
#4513 = CARTESIAN_POINT('',(0.3,4.8,-4.990991885387));
#4514 = VECTOR('',#4515,1.);
#4515 = DIRECTION('',(9.464914995125E-17,0.,1.));
#4516 = ORIENTED_EDGE('',*,*,#4517,.T.);
#4517 = EDGE_CURVE('',#4510,#4518,#4520,.T.);
#4518 = VERTEX_POINT('',#4519);
#4519 = CARTESIAN_POINT('',(4.990991885387,4.8,-0.3));
#4520 = CIRCLE('',#4521,5.);
#4521 = AXIS2_PLACEMENT_3D('',#4522,#4523,#4524);
#4522 = CARTESIAN_POINT('',(0.,4.8,0.));
#4523 = DIRECTION('',(0.,-1.,0.));
#4524 = DIRECTION('',(0.,0.,-1.));
#4525 = ORIENTED_EDGE('',*,*,#4526,.F.);
#4526 = EDGE_CURVE('',#4527,#4518,#4529,.T.);
#4527 = VERTEX_POINT('',#4528);
#4528 = CARTESIAN_POINT('',(2.9,4.8,-0.3));
#4529 = LINE('',#4530,#4531);
#4530 = CARTESIAN_POINT('',(4.990991885387,4.8,-0.3));
#4531 = VECTOR('',#4532,1.);
#4532 = DIRECTION('',(1.,-0.,-0.));
#4533 = ORIENTED_EDGE('',*,*,#4534,.F.);
#4534 = EDGE_CURVE('',#4440,#4527,#4535,.T.);
#4535 = LINE('',#4536,#4537);
#4536 = CARTESIAN_POINT('',(2.9,4.8,1.9));
#4537 = VECTOR('',#4538,1.);
#4538 = DIRECTION('',(-0.,-0.,1.));
#4539 = ORIENTED_EDGE('',*,*,#4439,.F.);
#4540 = ORIENTED_EDGE('',*,*,#4399,.F.);
#4541 = ORIENTED_EDGE('',*,*,#4360,.F.);
#4542 = ORIENTED_EDGE('',*,*,#4543,.F.);
#4543 = EDGE_CURVE('',#4544,#4353,#4546,.T.);
#4544 = VERTEX_POINT('',#4545);
#4545 = CARTESIAN_POINT('',(2.9,4.8,0.3));
#4546 = LINE('',#4547,#4548);
#4547 = CARTESIAN_POINT('',(2.9,4.8,1.9));
#4548 = VECTOR('',#4549,1.);
#4549 = DIRECTION('',(-0.,-0.,1.));
#4550 = ORIENTED_EDGE('',*,*,#4551,.F.);
#4551 = EDGE_CURVE('',#4552,#4544,#4554,.T.);
#4552 = VERTEX_POINT('',#4553);
#4553 = CARTESIAN_POINT('',(4.990991885387,4.8,0.3));
#4554 = LINE('',#4555,#4556);
#4555 = CARTESIAN_POINT('',(4.990991885387,4.8,0.3));
#4556 = VECTOR('',#4557,1.);
#4557 = DIRECTION('',(-1.,0.,0.));
#4558 = ORIENTED_EDGE('',*,*,#4559,.T.);
#4559 = EDGE_CURVE('',#4552,#4560,#4562,.T.);
#4560 = VERTEX_POINT('',#4561);
#4561 = CARTESIAN_POINT('',(0.3,4.8,4.990991885387));
#4562 = CIRCLE('',#4563,5.);
#4563 = AXIS2_PLACEMENT_3D('',#4564,#4565,#4566);
#4564 = CARTESIAN_POINT('',(0.,4.8,0.));
#4565 = DIRECTION('',(0.,-1.,0.));
#4566 = DIRECTION('',(0.,0.,-1.));
#4567 = ORIENTED_EDGE('',*,*,#4568,.F.);
#4568 = EDGE_CURVE('',#4569,#4560,#4571,.T.);
#4569 = VERTEX_POINT('',#4570);
#4570 = CARTESIAN_POINT('',(0.3,4.8,2.7));
#4571 = LINE('',#4572,#4573);
#4572 = CARTESIAN_POINT('',(0.3,4.8,4.990991885387));
#4573 = VECTOR('',#4574,1.);
#4574 = DIRECTION('',(-1.183114374391E-16,-0.,1.));
#4575 = ORIENTED_EDGE('',*,*,#4576,.F.);
#4576 = EDGE_CURVE('',#4577,#4569,#4579,.T.);
#4577 = VERTEX_POINT('',#4578);
#4578 = CARTESIAN_POINT('',(1.,4.8,2.7));
#4579 = LINE('',#4580,#4581);
#4580 = CARTESIAN_POINT('',(-1.,4.8,2.7));
#4581 = VECTOR('',#4582,1.);
#4582 = DIRECTION('',(-1.,-0.,-0.));
#4583 = ORIENTED_EDGE('',*,*,#4584,.F.);
#4584 = EDGE_CURVE('',#4585,#4577,#4587,.T.);
#4585 = VERTEX_POINT('',#4586);
#4586 = CARTESIAN_POINT('',(1.,4.8,1.9));
#4587 = LINE('',#4588,#4589);
#4588 = CARTESIAN_POINT('',(1.,4.8,2.7));
#4589 = VECTOR('',#4590,1.);
#4590 = DIRECTION('',(-0.,-0.,1.));
#4591 = ORIENTED_EDGE('',*,*,#4592,.F.);
#4592 = EDGE_CURVE('',#4593,#4585,#4595,.T.);
#4593 = VERTEX_POINT('',#4594);
#4594 = CARTESIAN_POINT('',(-1.,4.8,1.9));
#4595 = LINE('',#4596,#4597);
#4596 = CARTESIAN_POINT('',(-1.,4.8,1.9));
#4597 = VECTOR('',#4598,1.);
#4598 = DIRECTION('',(1.,0.,0.));
#4599 = ORIENTED_EDGE('',*,*,#4600,.F.);
#4600 = EDGE_CURVE('',#4601,#4593,#4603,.T.);
#4601 = VERTEX_POINT('',#4602);
#4602 = CARTESIAN_POINT('',(-1.,4.8,2.7));
#4603 = LINE('',#4604,#4605);
#4604 = CARTESIAN_POINT('',(-1.,4.8,2.7));
#4605 = VECTOR('',#4606,1.);
#4606 = DIRECTION('',(0.,0.,-1.));
#4607 = ORIENTED_EDGE('',*,*,#4608,.F.);
#4608 = EDGE_CURVE('',#4609,#4601,#4611,.T.);
#4609 = VERTEX_POINT('',#4610);
#4610 = CARTESIAN_POINT('',(-0.3,4.8,2.7));
#4611 = LINE('',#4612,#4613);
#4612 = CARTESIAN_POINT('',(-1.,4.8,2.7));
#4613 = VECTOR('',#4614,1.);
#4614 = DIRECTION('',(-1.,-0.,-0.));
#4615 = ORIENTED_EDGE('',*,*,#4616,.F.);
#4616 = EDGE_CURVE('',#4617,#4609,#4619,.T.);
#4617 = VERTEX_POINT('',#4618);
#4618 = CARTESIAN_POINT('',(-0.3,4.8,4.990991885387));
#4619 = LINE('',#4620,#4621);
#4620 = CARTESIAN_POINT('',(-0.3,4.8,4.990991885387));
#4621 = VECTOR('',#4622,1.);
#4622 = DIRECTION('',(2.129605873903E-16,0.,-1.));
#4623 = ORIENTED_EDGE('',*,*,#4624,.T.);
#4624 = EDGE_CURVE('',#4617,#4625,#4627,.T.);
#4625 = VERTEX_POINT('',#4626);
#4626 = CARTESIAN_POINT('',(-4.990991885387,4.8,0.3));
#4627 = CIRCLE('',#4628,5.);
#4628 = AXIS2_PLACEMENT_3D('',#4629,#4630,#4631);
#4629 = CARTESIAN_POINT('',(0.,4.8,0.));
#4630 = DIRECTION('',(0.,-1.,0.));
#4631 = DIRECTION('',(0.,0.,-1.));
#4632 = ORIENTED_EDGE('',*,*,#4633,.F.);
#4633 = EDGE_CURVE('',#4634,#4625,#4636,.T.);
#4634 = VERTEX_POINT('',#4635);
#4635 = CARTESIAN_POINT('',(-2.9,4.8,0.3));
#4636 = LINE('',#4637,#4638);
#4637 = CARTESIAN_POINT('',(-4.990991885387,4.8,0.3));
#4638 = VECTOR('',#4639,1.);
#4639 = DIRECTION('',(-1.,-0.,-0.));
#4640 = ORIENTED_EDGE('',*,*,#4641,.F.);
#4641 = EDGE_CURVE('',#4642,#4634,#4644,.T.);
#4642 = VERTEX_POINT('',#4643);
#4643 = CARTESIAN_POINT('',(-2.9,4.8,1.9));
#4644 = LINE('',#4645,#4646);
#4645 = CARTESIAN_POINT('',(-2.9,4.8,1.9));
#4646 = VECTOR('',#4647,1.);
#4647 = DIRECTION('',(0.,0.,-1.));
#4648 = ORIENTED_EDGE('',*,*,#4649,.F.);
#4649 = EDGE_CURVE('',#4296,#4642,#4650,.T.);
#4650 = LINE('',#4651,#4652);
#4651 = CARTESIAN_POINT('',(-2.9,4.8,1.9));
#4652 = VECTOR('',#4653,1.);
#4653 = DIRECTION('',(-1.,-0.,-0.));
#4654 = ORIENTED_EDGE('',*,*,#4295,.F.);
#4655 = ORIENTED_EDGE('',*,*,#4656,.F.);
#4656 = EDGE_CURVE('',#4657,#4288,#4659,.T.);
#4657 = VERTEX_POINT('',#4658);
#4658 = CARTESIAN_POINT('',(-2.9,4.8,-1.9));
#4659 = LINE('',#4660,#4661);
#4660 = CARTESIAN_POINT('',(-2.9,4.8,-1.9));
#4661 = VECTOR('',#4662,1.);
#4662 = DIRECTION('',(1.,0.,0.));
#4663 = ORIENTED_EDGE('',*,*,#4664,.F.);
#4664 = EDGE_CURVE('',#4665,#4657,#4667,.T.);
#4665 = VERTEX_POINT('',#4666);
#4666 = CARTESIAN_POINT('',(-2.9,4.8,-0.3));
#4667 = LINE('',#4668,#4669);
#4668 = CARTESIAN_POINT('',(-2.9,4.8,1.9));
#4669 = VECTOR('',#4670,1.);
#4670 = DIRECTION('',(0.,0.,-1.));
#4671 = ORIENTED_EDGE('',*,*,#4672,.F.);
#4672 = EDGE_CURVE('',#4673,#4665,#4675,.T.);
#4673 = VERTEX_POINT('',#4674);
#4674 = CARTESIAN_POINT('',(-4.990991885387,4.8,-0.3));
#4675 = LINE('',#4676,#4677);
#4676 = CARTESIAN_POINT('',(-4.990991885387,4.8,-0.3));
#4677 = VECTOR('',#4678,1.);
#4678 = DIRECTION('',(1.,0.,0.));
#4679 = ORIENTED_EDGE('',*,*,#4680,.T.);
#4680 = EDGE_CURVE('',#4673,#4681,#4683,.T.);
#4681 = VERTEX_POINT('',#4682);
#4682 = CARTESIAN_POINT('',(-0.3,4.8,-4.990991885387));
#4683 = CIRCLE('',#4684,5.);
#4684 = AXIS2_PLACEMENT_3D('',#4685,#4686,#4687);
#4685 = CARTESIAN_POINT('',(0.,4.8,0.));
#4686 = DIRECTION('',(0.,-1.,0.));
#4687 = DIRECTION('',(0.,0.,-1.));
#4688 = ORIENTED_EDGE('',*,*,#4689,.F.);
#4689 = EDGE_CURVE('',#4690,#4681,#4692,.T.);
#4690 = VERTEX_POINT('',#4691);
#4691 = CARTESIAN_POINT('',(-0.3,4.8,-2.7));
#4692 = LINE('',#4693,#4694);
#4693 = CARTESIAN_POINT('',(-0.3,4.8,-4.990991885387));
#4694 = VECTOR('',#4695,1.);
#4695 = DIRECTION('',(6.625440496587E-16,-0.,-1.));
#4696 = ORIENTED_EDGE('',*,*,#4697,.F.);
#4697 = EDGE_CURVE('',#4698,#4690,#4700,.T.);
#4698 = VERTEX_POINT('',#4699);
#4699 = CARTESIAN_POINT('',(-1.,4.8,-2.7));
#4700 = LINE('',#4701,#4702);
#4701 = CARTESIAN_POINT('',(-1.,4.8,-2.7));
#4702 = VECTOR('',#4703,1.);
#4703 = DIRECTION('',(1.,0.,0.));
#4704 = ORIENTED_EDGE('',*,*,#4705,.F.);
#4705 = EDGE_CURVE('',#4706,#4698,#4708,.T.);
#4706 = VERTEX_POINT('',#4707);
#4707 = CARTESIAN_POINT('',(-1.,4.8,-1.9));
#4708 = LINE('',#4709,#4710);
#4709 = CARTESIAN_POINT('',(-1.,4.8,-2.7));
#4710 = VECTOR('',#4711,1.);
#4711 = DIRECTION('',(-0.,-0.,-1.));
#4712 = ORIENTED_EDGE('',*,*,#4713,.F.);
#4713 = EDGE_CURVE('',#4494,#4706,#4714,.T.);
#4714 = LINE('',#4715,#4716);
#4715 = CARTESIAN_POINT('',(-1.,4.8,-1.9));
#4716 = VECTOR('',#4717,1.);
#4717 = DIRECTION('',(-1.,-0.,-0.));
#4718 = PLANE('',#4719);
#4719 = AXIS2_PLACEMENT_3D('',#4720,#4721,#4722);
#4720 = CARTESIAN_POINT('',(0.,4.8,0.));
#4721 = DIRECTION('',(0.,-1.,0.));
#4722 = DIRECTION('',(0.,-0.,-1.));
#4723 = ADVANCED_FACE('',(#4724),#4750,.F.);
#4724 = FACE_BOUND('',#4725,.F.);
#4725 = EDGE_LOOP('',(#4726,#4737,#4743,#4744));
#4726 = ORIENTED_EDGE('',*,*,#4727,.F.);
#4727 = EDGE_CURVE('',#4728,#4730,#4732,.T.);
#4728 = VERTEX_POINT('',#4729);
#4729 = CARTESIAN_POINT('',(-4.990991885387,0.,-0.3));
#4730 = VERTEX_POINT('',#4731);
#4731 = CARTESIAN_POINT('',(-0.3,0.,-4.990991885387));
#4732 = CIRCLE('',#4733,5.);
#4733 = AXIS2_PLACEMENT_3D('',#4734,#4735,#4736);
#4734 = CARTESIAN_POINT('',(0.,0.,0.));
#4735 = DIRECTION('',(0.,-1.,0.));
#4736 = DIRECTION('',(0.,0.,-1.));
#4737 = ORIENTED_EDGE('',*,*,#4738,.T.);
#4738 = EDGE_CURVE('',#4728,#4673,#4739,.T.);
#4739 = LINE('',#4740,#4741);
#4740 = CARTESIAN_POINT('',(-4.990991885387,-2.376972864801,-0.3));
#4741 = VECTOR('',#4742,1.);
#4742 = DIRECTION('',(-0.,1.,-0.));
#4743 = ORIENTED_EDGE('',*,*,#4680,.T.);
#4744 = ORIENTED_EDGE('',*,*,#4745,.F.);
#4745 = EDGE_CURVE('',#4730,#4681,#4746,.T.);
#4746 = LINE('',#4747,#4748);
#4747 = CARTESIAN_POINT('',(-0.3,-2.376972864801,-4.990991885387));
#4748 = VECTOR('',#4749,1.);
#4749 = DIRECTION('',(-0.,1.,-0.));
#4750 = CYLINDRICAL_SURFACE('',#4751,5.);
#4751 = AXIS2_PLACEMENT_3D('',#4752,#4753,#4754);
#4752 = CARTESIAN_POINT('',(0.,4.8,0.));
#4753 = DIRECTION('',(-0.,-1.,-0.));
#4754 = DIRECTION('',(0.,0.,-1.));
#4755 = ADVANCED_FACE('',(#4756),#4782,.F.);
#4756 = FACE_BOUND('',#4757,.F.);
#4757 = EDGE_LOOP('',(#4758,#4759,#4767,#4776));
#4758 = ORIENTED_EDGE('',*,*,#4517,.T.);
#4759 = ORIENTED_EDGE('',*,*,#4760,.F.);
#4760 = EDGE_CURVE('',#4761,#4518,#4763,.T.);
#4761 = VERTEX_POINT('',#4762);
#4762 = CARTESIAN_POINT('',(4.990991885387,0.,-0.3));
#4763 = LINE('',#4764,#4765);
#4764 = CARTESIAN_POINT('',(4.990991885387,-2.376972864801,-0.3));
#4765 = VECTOR('',#4766,1.);
#4766 = DIRECTION('',(-0.,1.,-0.));
#4767 = ORIENTED_EDGE('',*,*,#4768,.F.);
#4768 = EDGE_CURVE('',#4769,#4761,#4771,.T.);
#4769 = VERTEX_POINT('',#4770);
#4770 = CARTESIAN_POINT('',(0.3,0.,-4.990991885387));
#4771 = CIRCLE('',#4772,5.);
#4772 = AXIS2_PLACEMENT_3D('',#4773,#4774,#4775);
#4773 = CARTESIAN_POINT('',(0.,0.,0.));
#4774 = DIRECTION('',(0.,-1.,0.));
#4775 = DIRECTION('',(0.,0.,-1.));
#4776 = ORIENTED_EDGE('',*,*,#4777,.T.);
#4777 = EDGE_CURVE('',#4769,#4510,#4778,.T.);
#4778 = LINE('',#4779,#4780);
#4779 = CARTESIAN_POINT('',(0.3,-2.376972864801,-4.990991885387));
#4780 = VECTOR('',#4781,1.);
#4781 = DIRECTION('',(-0.,1.,-0.));
#4782 = CYLINDRICAL_SURFACE('',#4783,5.);
#4783 = AXIS2_PLACEMENT_3D('',#4784,#4785,#4786);
#4784 = CARTESIAN_POINT('',(0.,4.8,0.));
#4785 = DIRECTION('',(-0.,-1.,-0.));
#4786 = DIRECTION('',(0.,0.,-1.));
#4787 = ADVANCED_FACE('',(#4788),#4814,.F.);
#4788 = FACE_BOUND('',#4789,.F.);
#4789 = EDGE_LOOP('',(#4790,#4801,#4807,#4808));
#4790 = ORIENTED_EDGE('',*,*,#4791,.F.);
#4791 = EDGE_CURVE('',#4792,#4794,#4796,.T.);
#4792 = VERTEX_POINT('',#4793);
#4793 = CARTESIAN_POINT('',(4.990991885387,0.,0.3));
#4794 = VERTEX_POINT('',#4795);
#4795 = CARTESIAN_POINT('',(0.3,0.,4.990991885387));
#4796 = CIRCLE('',#4797,5.);
#4797 = AXIS2_PLACEMENT_3D('',#4798,#4799,#4800);
#4798 = CARTESIAN_POINT('',(0.,0.,0.));
#4799 = DIRECTION('',(0.,-1.,0.));
#4800 = DIRECTION('',(0.,0.,-1.));
#4801 = ORIENTED_EDGE('',*,*,#4802,.T.);
#4802 = EDGE_CURVE('',#4792,#4552,#4803,.T.);
#4803 = LINE('',#4804,#4805);
#4804 = CARTESIAN_POINT('',(4.990991885387,-2.376972864801,0.3));
#4805 = VECTOR('',#4806,1.);
#4806 = DIRECTION('',(-0.,1.,-0.));
#4807 = ORIENTED_EDGE('',*,*,#4559,.T.);
#4808 = ORIENTED_EDGE('',*,*,#4809,.F.);
#4809 = EDGE_CURVE('',#4794,#4560,#4810,.T.);
#4810 = LINE('',#4811,#4812);
#4811 = CARTESIAN_POINT('',(0.3,-2.376972864801,4.990991885387));
#4812 = VECTOR('',#4813,1.);
#4813 = DIRECTION('',(-0.,1.,-0.));
#4814 = CYLINDRICAL_SURFACE('',#4815,5.);
#4815 = AXIS2_PLACEMENT_3D('',#4816,#4817,#4818);
#4816 = CARTESIAN_POINT('',(0.,4.8,0.));
#4817 = DIRECTION('',(-0.,-1.,-0.));
#4818 = DIRECTION('',(0.,0.,-1.));
#4819 = ADVANCED_FACE('',(#4820),#4846,.F.);
#4820 = FACE_BOUND('',#4821,.F.);
#4821 = EDGE_LOOP('',(#4822,#4823,#4831,#4840));
#4822 = ORIENTED_EDGE('',*,*,#4624,.T.);
#4823 = ORIENTED_EDGE('',*,*,#4824,.F.);
#4824 = EDGE_CURVE('',#4825,#4625,#4827,.T.);
#4825 = VERTEX_POINT('',#4826);
#4826 = CARTESIAN_POINT('',(-4.990991885387,0.,0.3));
#4827 = LINE('',#4828,#4829);
#4828 = CARTESIAN_POINT('',(-4.990991885387,-2.376972864801,0.3));
#4829 = VECTOR('',#4830,1.);
#4830 = DIRECTION('',(-0.,1.,-0.));
#4831 = ORIENTED_EDGE('',*,*,#4832,.F.);
#4832 = EDGE_CURVE('',#4833,#4825,#4835,.T.);
#4833 = VERTEX_POINT('',#4834);
#4834 = CARTESIAN_POINT('',(-0.3,0.,4.990991885387));
#4835 = CIRCLE('',#4836,5.);
#4836 = AXIS2_PLACEMENT_3D('',#4837,#4838,#4839);
#4837 = CARTESIAN_POINT('',(0.,0.,0.));
#4838 = DIRECTION('',(0.,-1.,0.));
#4839 = DIRECTION('',(0.,0.,-1.));
#4840 = ORIENTED_EDGE('',*,*,#4841,.T.);
#4841 = EDGE_CURVE('',#4833,#4617,#4842,.T.);
#4842 = LINE('',#4843,#4844);
#4843 = CARTESIAN_POINT('',(-0.3,-2.376972864801,4.990991885387));
#4844 = VECTOR('',#4845,1.);
#4845 = DIRECTION('',(-0.,1.,-0.));
#4846 = CYLINDRICAL_SURFACE('',#4847,5.);
#4847 = AXIS2_PLACEMENT_3D('',#4848,#4849,#4850);
#4848 = CARTESIAN_POINT('',(0.,4.8,0.));
#4849 = DIRECTION('',(-0.,-1.,-0.));
#4850 = DIRECTION('',(0.,0.,-1.));
#4851 = ADVANCED_FACE('',(#4852),#4870,.T.);
#4852 = FACE_BOUND('',#4853,.T.);
#4853 = EDGE_LOOP('',(#4854,#4855,#4862,#4863));
#4854 = ORIENTED_EDGE('',*,*,#4246,.F.);
#4855 = ORIENTED_EDGE('',*,*,#4856,.T.);
#4856 = EDGE_CURVE('',#4086,#4084,#4857,.T.);
#4857 = CIRCLE('',#4858,6.5);
#4858 = AXIS2_PLACEMENT_3D('',#4859,#4860,#4861);
#4859 = CARTESIAN_POINT('',(0.,1.3,0.));
#4860 = DIRECTION('',(0.,-1.,0.));
#4861 = DIRECTION('',(0.,0.,1.));
#4862 = ORIENTED_EDGE('',*,*,#4263,.T.);
#4863 = ORIENTED_EDGE('',*,*,#4864,.T.);
#4864 = EDGE_CURVE('',#4255,#4247,#4865,.T.);
#4865 = CIRCLE('',#4866,6.5);
#4866 = AXIS2_PLACEMENT_3D('',#4867,#4868,#4869);
#4867 = CARTESIAN_POINT('',(0.,0.,0.));
#4868 = DIRECTION('',(0.,1.,0.));
#4869 = DIRECTION('',(0.,-0.,1.));
#4870 = CYLINDRICAL_SURFACE('',#4871,6.5);
#4871 = AXIS2_PLACEMENT_3D('',#4872,#4873,#4874);
#4872 = CARTESIAN_POINT('',(0.,1.5,0.));
#4873 = DIRECTION('',(-0.,-1.,-0.));
#4874 = DIRECTION('',(0.,0.,-1.));
#4875 = ADVANCED_FACE('',(#4876,#4886),#4896,.T.);
#4876 = FACE_BOUND('',#4877,.T.);
#4877 = EDGE_LOOP('',(#4878,#4879));
#4878 = ORIENTED_EDGE('',*,*,#4103,.T.);
#4879 = ORIENTED_EDGE('',*,*,#4880,.T.);
#4880 = EDGE_CURVE('',#4095,#4104,#4881,.T.);
#4881 = CIRCLE('',#4882,6.3);
#4882 = AXIS2_PLACEMENT_3D('',#4883,#4884,#4885);
#4883 = CARTESIAN_POINT('',(0.,1.5,0.));
#4884 = DIRECTION('',(0.,1.,0.));
#4885 = DIRECTION('',(0.,-0.,1.));
#4886 = FACE_BOUND('',#4887,.T.);
#4887 = EDGE_LOOP('',(#4888,#4895));
#4888 = ORIENTED_EDGE('',*,*,#4889,.F.);
#4889 = EDGE_CURVE('',#4223,#4215,#4890,.T.);
#4890 = CIRCLE('',#4891,5.8);
#4891 = AXIS2_PLACEMENT_3D('',#4892,#4893,#4894);
#4892 = CARTESIAN_POINT('',(0.,1.5,0.));
#4893 = DIRECTION('',(0.,1.,0.));
#4894 = DIRECTION('',(0.,-0.,1.));
#4895 = ORIENTED_EDGE('',*,*,#4222,.F.);
#4896 = PLANE('',#4897);
#4897 = AXIS2_PLACEMENT_3D('',#4898,#4899,#4900);
#4898 = CARTESIAN_POINT('',(0.,1.5,0.));
#4899 = DIRECTION('',(0.,1.,0.));
#4900 = DIRECTION('',(0.,-0.,1.));
#4901 = ADVANCED_FACE('',(#4902,#4996),#5000,.F.);
#4902 = FACE_BOUND('',#4903,.T.);
#4903 = EDGE_LOOP('',(#4904,#4905,#4913,#4921,#4927,#4928,#4936,#4944,
    #4950,#4951,#4959,#4967,#4973,#4974,#4982,#4990));
#4904 = ORIENTED_EDGE('',*,*,#4727,.F.);
#4905 = ORIENTED_EDGE('',*,*,#4906,.F.);
#4906 = EDGE_CURVE('',#4907,#4728,#4909,.T.);
#4907 = VERTEX_POINT('',#4908);
#4908 = CARTESIAN_POINT('',(-2.9,0.,-0.3));
#4909 = LINE('',#4910,#4911);
#4910 = CARTESIAN_POINT('',(-4.990991885387,0.,-0.3));
#4911 = VECTOR('',#4912,1.);
#4912 = DIRECTION('',(-1.,0.,-0.));
#4913 = ORIENTED_EDGE('',*,*,#4914,.F.);
#4914 = EDGE_CURVE('',#4915,#4907,#4917,.T.);
#4915 = VERTEX_POINT('',#4916);
#4916 = CARTESIAN_POINT('',(-2.9,0.,0.3));
#4917 = LINE('',#4918,#4919);
#4918 = CARTESIAN_POINT('',(-2.9,0.,0.3));
#4919 = VECTOR('',#4920,1.);
#4920 = DIRECTION('',(0.,0.,-1.));
#4921 = ORIENTED_EDGE('',*,*,#4922,.F.);
#4922 = EDGE_CURVE('',#4825,#4915,#4923,.T.);
#4923 = LINE('',#4924,#4925);
#4924 = CARTESIAN_POINT('',(-4.990991885387,0.,0.3));
#4925 = VECTOR('',#4926,1.);
#4926 = DIRECTION('',(1.,-0.,0.));
#4927 = ORIENTED_EDGE('',*,*,#4832,.F.);
#4928 = ORIENTED_EDGE('',*,*,#4929,.F.);
#4929 = EDGE_CURVE('',#4930,#4833,#4932,.T.);
#4930 = VERTEX_POINT('',#4931);
#4931 = CARTESIAN_POINT('',(-0.3,0.,2.7));
#4932 = LINE('',#4933,#4934);
#4933 = CARTESIAN_POINT('',(-0.3,0.,4.990991885387));
#4934 = VECTOR('',#4935,1.);
#4935 = DIRECTION('',(-2.129605873903E-16,0.,1.));
#4936 = ORIENTED_EDGE('',*,*,#4937,.F.);
#4937 = EDGE_CURVE('',#4938,#4930,#4940,.T.);
#4938 = VERTEX_POINT('',#4939);
#4939 = CARTESIAN_POINT('',(0.3,0.,2.7));
#4940 = LINE('',#4941,#4942);
#4941 = CARTESIAN_POINT('',(0.3,0.,2.7));
#4942 = VECTOR('',#4943,1.);
#4943 = DIRECTION('',(-1.,0.,0.));
#4944 = ORIENTED_EDGE('',*,*,#4945,.F.);
#4945 = EDGE_CURVE('',#4794,#4938,#4946,.T.);
#4946 = LINE('',#4947,#4948);
#4947 = CARTESIAN_POINT('',(0.3,0.,4.990991885387));
#4948 = VECTOR('',#4949,1.);
#4949 = DIRECTION('',(1.183114374391E-16,0.,-1.));
#4950 = ORIENTED_EDGE('',*,*,#4791,.F.);
#4951 = ORIENTED_EDGE('',*,*,#4952,.F.);
#4952 = EDGE_CURVE('',#4953,#4792,#4955,.T.);
#4953 = VERTEX_POINT('',#4954);
#4954 = CARTESIAN_POINT('',(2.9,0.,0.3));
#4955 = LINE('',#4956,#4957);
#4956 = CARTESIAN_POINT('',(4.990991885387,0.,0.3));
#4957 = VECTOR('',#4958,1.);
#4958 = DIRECTION('',(1.,0.,0.));
#4959 = ORIENTED_EDGE('',*,*,#4960,.F.);
#4960 = EDGE_CURVE('',#4961,#4953,#4963,.T.);
#4961 = VERTEX_POINT('',#4962);
#4962 = CARTESIAN_POINT('',(2.9,0.,-0.3));
#4963 = LINE('',#4964,#4965);
#4964 = CARTESIAN_POINT('',(2.9,0.,0.3));
#4965 = VECTOR('',#4966,1.);
#4966 = DIRECTION('',(0.,0.,1.));
#4967 = ORIENTED_EDGE('',*,*,#4968,.F.);
#4968 = EDGE_CURVE('',#4761,#4961,#4969,.T.);
#4969 = LINE('',#4970,#4971);
#4970 = CARTESIAN_POINT('',(4.990991885387,0.,-0.3));
#4971 = VECTOR('',#4972,1.);
#4972 = DIRECTION('',(-1.,0.,0.));
#4973 = ORIENTED_EDGE('',*,*,#4768,.F.);
#4974 = ORIENTED_EDGE('',*,*,#4975,.F.);
#4975 = EDGE_CURVE('',#4976,#4769,#4978,.T.);
#4976 = VERTEX_POINT('',#4977);
#4977 = CARTESIAN_POINT('',(0.3,0.,-2.7));
#4978 = LINE('',#4979,#4980);
#4979 = CARTESIAN_POINT('',(0.3,0.,-4.990991885387));
#4980 = VECTOR('',#4981,1.);
#4981 = DIRECTION('',(-9.464914995125E-17,0.,-1.));
#4982 = ORIENTED_EDGE('',*,*,#4983,.F.);
#4983 = EDGE_CURVE('',#4984,#4976,#4986,.T.);
#4984 = VERTEX_POINT('',#4985);
#4985 = CARTESIAN_POINT('',(-0.3,0.,-2.7));
#4986 = LINE('',#4987,#4988);
#4987 = CARTESIAN_POINT('',(0.3,0.,-2.7));
#4988 = VECTOR('',#4989,1.);
#4989 = DIRECTION('',(1.,0.,0.));
#4990 = ORIENTED_EDGE('',*,*,#4991,.F.);
#4991 = EDGE_CURVE('',#4730,#4984,#4992,.T.);
#4992 = LINE('',#4993,#4994);
#4993 = CARTESIAN_POINT('',(-0.3,0.,-4.990991885387));
#4994 = VECTOR('',#4995,1.);
#4995 = DIRECTION('',(-6.625440496587E-16,0.,1.));
#4996 = FACE_BOUND('',#4997,.T.);
#4997 = EDGE_LOOP('',(#4998,#4999));
#4998 = ORIENTED_EDGE('',*,*,#4864,.F.);
#4999 = ORIENTED_EDGE('',*,*,#4254,.F.);
#5000 = PLANE('',#5001);
#5001 = AXIS2_PLACEMENT_3D('',#5002,#5003,#5004);
#5002 = CARTESIAN_POINT('',(0.,0.,0.));
#5003 = DIRECTION('',(0.,1.,0.));
#5004 = DIRECTION('',(0.,-0.,1.));
#5005 = ADVANCED_FACE('',(#5006),#5018,.T.);
#5006 = FACE_BOUND('',#5007,.T.);
#5007 = EDGE_LOOP('',(#5008,#5009,#5016,#5017));
#5008 = ORIENTED_EDGE('',*,*,#4214,.F.);
#5009 = ORIENTED_EDGE('',*,*,#5010,.T.);
#5010 = EDGE_CURVE('',#4172,#4170,#5011,.T.);
#5011 = CIRCLE('',#5012,5.8);
#5012 = AXIS2_PLACEMENT_3D('',#5013,#5014,#5015);
#5013 = CARTESIAN_POINT('',(0.,5.4,0.));
#5014 = DIRECTION('',(0.,-1.,0.));
#5015 = DIRECTION('',(0.,0.,1.));
#5016 = ORIENTED_EDGE('',*,*,#4231,.T.);
#5017 = ORIENTED_EDGE('',*,*,#4889,.T.);
#5018 = CYLINDRICAL_SURFACE('',#5019,5.8);
#5019 = AXIS2_PLACEMENT_3D('',#5020,#5021,#5022);
#5020 = CARTESIAN_POINT('',(0.,5.8,0.));
#5021 = DIRECTION('',(-0.,-1.,-0.));
#5022 = DIRECTION('',(0.,0.,-1.));
#5023 = ADVANCED_FACE('',(#5024),#5034,.T.);
#5024 = FACE_BOUND('',#5025,.T.);
#5025 = EDGE_LOOP('',(#5026,#5027));
#5026 = ORIENTED_EDGE('',*,*,#4189,.T.);
#5027 = ORIENTED_EDGE('',*,*,#5028,.T.);
#5028 = EDGE_CURVE('',#4181,#4190,#5029,.T.);
#5029 = CIRCLE('',#5030,5.4);
#5030 = AXIS2_PLACEMENT_3D('',#5031,#5032,#5033);
#5031 = CARTESIAN_POINT('',(0.,5.8,0.));
#5032 = DIRECTION('',(0.,1.,0.));
#5033 = DIRECTION('',(0.,-0.,1.));
#5034 = PLANE('',#5035);
#5035 = AXIS2_PLACEMENT_3D('',#5036,#5037,#5038);
#5036 = CARTESIAN_POINT('',(0.,5.8,0.));
#5037 = DIRECTION('',(0.,1.,0.));
#5038 = DIRECTION('',(0.,-0.,1.));
#5039 = ADVANCED_FACE('',(#5040),#5046,.T.);
#5040 = FACE_BOUND('',#5041,.T.);
#5041 = EDGE_LOOP('',(#5042,#5043,#5044,#5045));
#5042 = ORIENTED_EDGE('',*,*,#4180,.F.);
#5043 = ORIENTED_EDGE('',*,*,#5010,.F.);
#5044 = ORIENTED_EDGE('',*,*,#4198,.T.);
#5045 = ORIENTED_EDGE('',*,*,#5028,.F.);
#5046 = TOROIDAL_SURFACE('',#5047,5.4,0.4);
#5047 = AXIS2_PLACEMENT_3D('',#5048,#5049,#5050);
#5048 = CARTESIAN_POINT('',(0.,5.4,0.));
#5049 = DIRECTION('',(0.,1.,0.));
#5050 = DIRECTION('',(0.,-0.,1.));
#5051 = ADVANCED_FACE('',(#5052),#5063,.F.);
#5052 = FACE_BOUND('',#5053,.T.);
#5053 = EDGE_LOOP('',(#5054,#5055,#5056,#5062));
#5054 = ORIENTED_EDGE('',*,*,#4824,.F.);
#5055 = ORIENTED_EDGE('',*,*,#4922,.T.);
#5056 = ORIENTED_EDGE('',*,*,#5057,.T.);
#5057 = EDGE_CURVE('',#4915,#4634,#5058,.T.);
#5058 = LINE('',#5059,#5060);
#5059 = CARTESIAN_POINT('',(-2.9,-2.376972864801,0.3));
#5060 = VECTOR('',#5061,1.);
#5061 = DIRECTION('',(-0.,1.,-0.));
#5062 = ORIENTED_EDGE('',*,*,#4633,.T.);
#5063 = PLANE('',#5064);
#5064 = AXIS2_PLACEMENT_3D('',#5065,#5066,#5067);
#5065 = CARTESIAN_POINT('',(-4.990991885387,-2.376972864801,0.3));
#5066 = DIRECTION('',(0.,0.,-1.));
#5067 = DIRECTION('',(-1.,0.,-0.));
#5068 = ADVANCED_FACE('',(#5069),#5080,.F.);
#5069 = FACE_BOUND('',#5070,.T.);
#5070 = EDGE_LOOP('',(#5071,#5077,#5078,#5079));
#5071 = ORIENTED_EDGE('',*,*,#5072,.F.);
#5072 = EDGE_CURVE('',#4907,#4665,#5073,.T.);
#5073 = LINE('',#5074,#5075);
#5074 = CARTESIAN_POINT('',(-2.9,-2.376972864801,-0.3));
#5075 = VECTOR('',#5076,1.);
#5076 = DIRECTION('',(-0.,1.,-0.));
#5077 = ORIENTED_EDGE('',*,*,#4906,.T.);
#5078 = ORIENTED_EDGE('',*,*,#4738,.T.);
#5079 = ORIENTED_EDGE('',*,*,#4672,.T.);
#5080 = PLANE('',#5081);
#5081 = AXIS2_PLACEMENT_3D('',#5082,#5083,#5084);
#5082 = CARTESIAN_POINT('',(-4.990991885387,-2.376972864801,-0.3));
#5083 = DIRECTION('',(-0.,0.,1.));
#5084 = DIRECTION('',(1.,0.,0.));
#5085 = ADVANCED_FACE('',(#5086),#5097,.F.);
#5086 = FACE_BOUND('',#5087,.T.);
#5087 = EDGE_LOOP('',(#5088,#5089,#5090,#5096));
#5088 = ORIENTED_EDGE('',*,*,#4760,.F.);
#5089 = ORIENTED_EDGE('',*,*,#4968,.T.);
#5090 = ORIENTED_EDGE('',*,*,#5091,.T.);
#5091 = EDGE_CURVE('',#4961,#4527,#5092,.T.);
#5092 = LINE('',#5093,#5094);
#5093 = CARTESIAN_POINT('',(2.9,-2.376972864801,-0.3));
#5094 = VECTOR('',#5095,1.);
#5095 = DIRECTION('',(-0.,1.,-0.));
#5096 = ORIENTED_EDGE('',*,*,#4526,.T.);
#5097 = PLANE('',#5098);
#5098 = AXIS2_PLACEMENT_3D('',#5099,#5100,#5101);
#5099 = CARTESIAN_POINT('',(4.990991885387,-2.376972864801,-0.3));
#5100 = DIRECTION('',(0.,0.,1.));
#5101 = DIRECTION('',(1.,0.,-0.));
#5102 = ADVANCED_FACE('',(#5103),#5114,.F.);
#5103 = FACE_BOUND('',#5104,.T.);
#5104 = EDGE_LOOP('',(#5105,#5111,#5112,#5113));
#5105 = ORIENTED_EDGE('',*,*,#5106,.F.);
#5106 = EDGE_CURVE('',#4953,#4544,#5107,.T.);
#5107 = LINE('',#5108,#5109);
#5108 = CARTESIAN_POINT('',(2.9,-2.376972864801,0.3));
#5109 = VECTOR('',#5110,1.);
#5110 = DIRECTION('',(-0.,1.,-0.));
#5111 = ORIENTED_EDGE('',*,*,#4952,.T.);
#5112 = ORIENTED_EDGE('',*,*,#4802,.T.);
#5113 = ORIENTED_EDGE('',*,*,#4551,.T.);
#5114 = PLANE('',#5115);
#5115 = AXIS2_PLACEMENT_3D('',#5116,#5117,#5118);
#5116 = CARTESIAN_POINT('',(4.990991885387,-2.376972864801,0.3));
#5117 = DIRECTION('',(-0.,0.,-1.));
#5118 = DIRECTION('',(-1.,0.,0.));
#5119 = ADVANCED_FACE('',(#5120),#5131,.F.);
#5120 = FACE_BOUND('',#5121,.T.);
#5121 = EDGE_LOOP('',(#5122,#5123,#5124,#5130));
#5122 = ORIENTED_EDGE('',*,*,#4809,.F.);
#5123 = ORIENTED_EDGE('',*,*,#4945,.T.);
#5124 = ORIENTED_EDGE('',*,*,#5125,.T.);
#5125 = EDGE_CURVE('',#4938,#4569,#5126,.T.);
#5126 = LINE('',#5127,#5128);
#5127 = CARTESIAN_POINT('',(0.3,-2.376972864801,2.7));
#5128 = VECTOR('',#5129,1.);
#5129 = DIRECTION('',(-0.,1.,-0.));
#5130 = ORIENTED_EDGE('',*,*,#4568,.T.);
#5131 = PLANE('',#5132);
#5132 = AXIS2_PLACEMENT_3D('',#5133,#5134,#5135);
#5133 = CARTESIAN_POINT('',(0.3,-2.376972864801,4.990991885387));
#5134 = DIRECTION('',(-1.,0.,-1.183114374391E-16));
#5135 = DIRECTION('',(-1.183114374391E-16,0.,1.));
#5136 = ADVANCED_FACE('',(#5137),#5148,.F.);
#5137 = FACE_BOUND('',#5138,.T.);
#5138 = EDGE_LOOP('',(#5139,#5145,#5146,#5147));
#5139 = ORIENTED_EDGE('',*,*,#5140,.F.);
#5140 = EDGE_CURVE('',#4930,#4609,#5141,.T.);
#5141 = LINE('',#5142,#5143);
#5142 = CARTESIAN_POINT('',(-0.3,-2.376972864801,2.7));
#5143 = VECTOR('',#5144,1.);
#5144 = DIRECTION('',(-0.,1.,-0.));
#5145 = ORIENTED_EDGE('',*,*,#4929,.T.);
#5146 = ORIENTED_EDGE('',*,*,#4841,.T.);
#5147 = ORIENTED_EDGE('',*,*,#4616,.T.);
#5148 = PLANE('',#5149);
#5149 = AXIS2_PLACEMENT_3D('',#5150,#5151,#5152);
#5150 = CARTESIAN_POINT('',(-0.3,-2.376972864801,4.990991885387));
#5151 = DIRECTION('',(1.,0.,2.129605873903E-16));
#5152 = DIRECTION('',(2.129605873903E-16,0.,-1.));
#5153 = ADVANCED_FACE('',(#5154),#5165,.F.);
#5154 = FACE_BOUND('',#5155,.T.);
#5155 = EDGE_LOOP('',(#5156,#5157,#5158,#5164));
#5156 = ORIENTED_EDGE('',*,*,#4745,.F.);
#5157 = ORIENTED_EDGE('',*,*,#4991,.T.);
#5158 = ORIENTED_EDGE('',*,*,#5159,.T.);
#5159 = EDGE_CURVE('',#4984,#4690,#5160,.T.);
#5160 = LINE('',#5161,#5162);
#5161 = CARTESIAN_POINT('',(-0.3,-2.376972864801,-2.7));
#5162 = VECTOR('',#5163,1.);
#5163 = DIRECTION('',(-0.,1.,-0.));
#5164 = ORIENTED_EDGE('',*,*,#4689,.T.);
#5165 = PLANE('',#5166);
#5166 = AXIS2_PLACEMENT_3D('',#5167,#5168,#5169);
#5167 = CARTESIAN_POINT('',(-0.3,-2.376972864801,-4.990991885387));
#5168 = DIRECTION('',(1.,0.,6.625440496587E-16));
#5169 = DIRECTION('',(6.625440496587E-16,0.,-1.));
#5170 = ADVANCED_FACE('',(#5171),#5182,.F.);
#5171 = FACE_BOUND('',#5172,.T.);
#5172 = EDGE_LOOP('',(#5173,#5179,#5180,#5181));
#5173 = ORIENTED_EDGE('',*,*,#5174,.F.);
#5174 = EDGE_CURVE('',#4976,#4502,#5175,.T.);
#5175 = LINE('',#5176,#5177);
#5176 = CARTESIAN_POINT('',(0.3,-2.376972864801,-2.7));
#5177 = VECTOR('',#5178,1.);
#5178 = DIRECTION('',(-0.,1.,-0.));
#5179 = ORIENTED_EDGE('',*,*,#4975,.T.);
#5180 = ORIENTED_EDGE('',*,*,#4777,.T.);
#5181 = ORIENTED_EDGE('',*,*,#4509,.T.);
#5182 = PLANE('',#5183);
#5183 = AXIS2_PLACEMENT_3D('',#5184,#5185,#5186);
#5184 = CARTESIAN_POINT('',(0.3,-2.376972864801,-4.990991885387));
#5185 = DIRECTION('',(-1.,0.,9.464914995125E-17));
#5186 = DIRECTION('',(9.464914995125E-17,0.,1.));
#5187 = ADVANCED_FACE('',(#5188),#5217,.F.);
#5188 = FACE_BOUND('',#5189,.T.);
#5189 = EDGE_LOOP('',(#5190,#5191,#5192,#5193,#5194,#5195,#5203,#5211));
#5190 = ORIENTED_EDGE('',*,*,#4576,.T.);
#5191 = ORIENTED_EDGE('',*,*,#5125,.F.);
#5192 = ORIENTED_EDGE('',*,*,#4937,.T.);
#5193 = ORIENTED_EDGE('',*,*,#5140,.T.);
#5194 = ORIENTED_EDGE('',*,*,#4608,.T.);
#5195 = ORIENTED_EDGE('',*,*,#5196,.F.);
#5196 = EDGE_CURVE('',#5197,#4601,#5199,.T.);
#5197 = VERTEX_POINT('',#5198);
#5198 = CARTESIAN_POINT('',(-1.,-2.4,2.7));
#5199 = LINE('',#5200,#5201);
#5200 = CARTESIAN_POINT('',(-1.,-2.4,2.7));
#5201 = VECTOR('',#5202,1.);
#5202 = DIRECTION('',(-0.,1.,-0.));
#5203 = ORIENTED_EDGE('',*,*,#5204,.F.);
#5204 = EDGE_CURVE('',#5205,#5197,#5207,.T.);
#5205 = VERTEX_POINT('',#5206);
#5206 = CARTESIAN_POINT('',(1.,-2.4,2.7));
#5207 = LINE('',#5208,#5209);
#5208 = CARTESIAN_POINT('',(-1.,-2.4,2.7));
#5209 = VECTOR('',#5210,1.);
#5210 = DIRECTION('',(-1.,-0.,-0.));
#5211 = ORIENTED_EDGE('',*,*,#5212,.T.);
#5212 = EDGE_CURVE('',#5205,#4577,#5213,.T.);
#5213 = LINE('',#5214,#5215);
#5214 = CARTESIAN_POINT('',(1.,-2.4,2.7));
#5215 = VECTOR('',#5216,1.);
#5216 = DIRECTION('',(-0.,1.,-0.));
#5217 = PLANE('',#5218);
#5218 = AXIS2_PLACEMENT_3D('',#5219,#5220,#5221);
#5219 = CARTESIAN_POINT('',(-1.,-2.4,2.7));
#5220 = DIRECTION('',(0.,0.,-1.));
#5221 = DIRECTION('',(-1.,0.,-0.));
#5222 = ADVANCED_FACE('',(#5223),#5241,.F.);
#5223 = FACE_BOUND('',#5224,.T.);
#5224 = EDGE_LOOP('',(#5225,#5226,#5234,#5240));
#5225 = ORIENTED_EDGE('',*,*,#4600,.T.);
#5226 = ORIENTED_EDGE('',*,*,#5227,.F.);
#5227 = EDGE_CURVE('',#5228,#4593,#5230,.T.);
#5228 = VERTEX_POINT('',#5229);
#5229 = CARTESIAN_POINT('',(-1.,-2.4,1.9));
#5230 = LINE('',#5231,#5232);
#5231 = CARTESIAN_POINT('',(-1.,-2.4,1.9));
#5232 = VECTOR('',#5233,1.);
#5233 = DIRECTION('',(-0.,1.,-0.));
#5234 = ORIENTED_EDGE('',*,*,#5235,.F.);
#5235 = EDGE_CURVE('',#5197,#5228,#5236,.T.);
#5236 = LINE('',#5237,#5238);
#5237 = CARTESIAN_POINT('',(-1.,-2.4,2.7));
#5238 = VECTOR('',#5239,1.);
#5239 = DIRECTION('',(0.,0.,-1.));
#5240 = ORIENTED_EDGE('',*,*,#5196,.T.);
#5241 = PLANE('',#5242);
#5242 = AXIS2_PLACEMENT_3D('',#5243,#5244,#5245);
#5243 = CARTESIAN_POINT('',(-1.,-2.4,2.7));
#5244 = DIRECTION('',(1.,0.,0.));
#5245 = DIRECTION('',(0.,0.,-1.));
#5246 = ADVANCED_FACE('',(#5247),#5265,.F.);
#5247 = FACE_BOUND('',#5248,.T.);
#5248 = EDGE_LOOP('',(#5249,#5250,#5258,#5264));
#5249 = ORIENTED_EDGE('',*,*,#4592,.T.);
#5250 = ORIENTED_EDGE('',*,*,#5251,.F.);
#5251 = EDGE_CURVE('',#5252,#4585,#5254,.T.);
#5252 = VERTEX_POINT('',#5253);
#5253 = CARTESIAN_POINT('',(1.,-2.4,1.9));
#5254 = LINE('',#5255,#5256);
#5255 = CARTESIAN_POINT('',(1.,-2.4,1.9));
#5256 = VECTOR('',#5257,1.);
#5257 = DIRECTION('',(-0.,1.,-0.));
#5258 = ORIENTED_EDGE('',*,*,#5259,.F.);
#5259 = EDGE_CURVE('',#5228,#5252,#5260,.T.);
#5260 = LINE('',#5261,#5262);
#5261 = CARTESIAN_POINT('',(-1.,-2.4,1.9));
#5262 = VECTOR('',#5263,1.);
#5263 = DIRECTION('',(1.,0.,0.));
#5264 = ORIENTED_EDGE('',*,*,#5227,.T.);
#5265 = PLANE('',#5266);
#5266 = AXIS2_PLACEMENT_3D('',#5267,#5268,#5269);
#5267 = CARTESIAN_POINT('',(-1.,-2.4,1.9));
#5268 = DIRECTION('',(-0.,0.,1.));
#5269 = DIRECTION('',(1.,0.,0.));
#5270 = ADVANCED_FACE('',(#5271),#5282,.F.);
#5271 = FACE_BOUND('',#5272,.T.);
#5272 = EDGE_LOOP('',(#5273,#5274,#5275,#5281));
#5273 = ORIENTED_EDGE('',*,*,#4584,.T.);
#5274 = ORIENTED_EDGE('',*,*,#5212,.F.);
#5275 = ORIENTED_EDGE('',*,*,#5276,.F.);
#5276 = EDGE_CURVE('',#5252,#5205,#5277,.T.);
#5277 = LINE('',#5278,#5279);
#5278 = CARTESIAN_POINT('',(1.,-2.4,2.7));
#5279 = VECTOR('',#5280,1.);
#5280 = DIRECTION('',(-0.,-0.,1.));
#5281 = ORIENTED_EDGE('',*,*,#5251,.T.);
#5282 = PLANE('',#5283);
#5283 = AXIS2_PLACEMENT_3D('',#5284,#5285,#5286);
#5284 = CARTESIAN_POINT('',(1.,-2.4,2.7));
#5285 = DIRECTION('',(-1.,0.,-0.));
#5286 = DIRECTION('',(0.,0.,1.));
#5287 = ADVANCED_FACE('',(#5288),#5294,.T.);
#5288 = FACE_BOUND('',#5289,.T.);
#5289 = EDGE_LOOP('',(#5290,#5291,#5292,#5293));
#5290 = ORIENTED_EDGE('',*,*,#5235,.T.);
#5291 = ORIENTED_EDGE('',*,*,#5259,.T.);
#5292 = ORIENTED_EDGE('',*,*,#5276,.T.);
#5293 = ORIENTED_EDGE('',*,*,#5204,.T.);
#5294 = PLANE('',#5295);
#5295 = AXIS2_PLACEMENT_3D('',#5296,#5297,#5298);
#5296 = CARTESIAN_POINT('',(0.,-2.4,0.));
#5297 = DIRECTION('',(0.,-1.,0.));
#5298 = DIRECTION('',(0.,-0.,-1.));
#5299 = ADVANCED_FACE('',(#5300),#5329,.F.);
#5300 = FACE_BOUND('',#5301,.T.);
#5301 = EDGE_LOOP('',(#5302,#5303,#5304,#5305,#5306,#5307,#5315,#5323));
#5302 = ORIENTED_EDGE('',*,*,#4641,.T.);
#5303 = ORIENTED_EDGE('',*,*,#5057,.F.);
#5304 = ORIENTED_EDGE('',*,*,#4914,.T.);
#5305 = ORIENTED_EDGE('',*,*,#5072,.T.);
#5306 = ORIENTED_EDGE('',*,*,#4664,.T.);
#5307 = ORIENTED_EDGE('',*,*,#5308,.F.);
#5308 = EDGE_CURVE('',#5309,#4657,#5311,.T.);
#5309 = VERTEX_POINT('',#5310);
#5310 = CARTESIAN_POINT('',(-2.9,-2.4,-1.9));
#5311 = LINE('',#5312,#5313);
#5312 = CARTESIAN_POINT('',(-2.9,-2.4,-1.9));
#5313 = VECTOR('',#5314,1.);
#5314 = DIRECTION('',(-0.,1.,-0.));
#5315 = ORIENTED_EDGE('',*,*,#5316,.F.);
#5316 = EDGE_CURVE('',#5317,#5309,#5319,.T.);
#5317 = VERTEX_POINT('',#5318);
#5318 = CARTESIAN_POINT('',(-2.9,-2.4,1.9));
#5319 = LINE('',#5320,#5321);
#5320 = CARTESIAN_POINT('',(-2.9,-2.4,1.9));
#5321 = VECTOR('',#5322,1.);
#5322 = DIRECTION('',(0.,0.,-1.));
#5323 = ORIENTED_EDGE('',*,*,#5324,.T.);
#5324 = EDGE_CURVE('',#5317,#4642,#5325,.T.);
#5325 = LINE('',#5326,#5327);
#5326 = CARTESIAN_POINT('',(-2.9,-2.4,1.9));
#5327 = VECTOR('',#5328,1.);
#5328 = DIRECTION('',(-0.,1.,-0.));
#5329 = PLANE('',#5330);
#5330 = AXIS2_PLACEMENT_3D('',#5331,#5332,#5333);
#5331 = CARTESIAN_POINT('',(-2.9,-2.4,1.9));
#5332 = DIRECTION('',(1.,0.,0.));
#5333 = DIRECTION('',(0.,0.,-1.));
#5334 = ADVANCED_FACE('',(#5335),#5370,.F.);
#5335 = FACE_BOUND('',#5336,.T.);
#5336 = EDGE_LOOP('',(#5337,#5345,#5352,#5353,#5361,#5367,#5368,#5369));
#5337 = ORIENTED_EDGE('',*,*,#5338,.F.);
#5338 = EDGE_CURVE('',#5339,#4278,#5341,.T.);
#5339 = VERTEX_POINT('',#5340);
#5340 = CARTESIAN_POINT('',(-1.675581683959,-1.624418316041,-1.9));
#5341 = LINE('',#5342,#5343);
#5342 = CARTESIAN_POINT('',(-1.65,-1.65,-1.9));
#5343 = VECTOR('',#5344,1.);
#5344 = DIRECTION('',(-0.707106781187,0.707106781187,0.));
#5345 = ORIENTED_EDGE('',*,*,#5346,.T.);
#5346 = EDGE_CURVE('',#5339,#4128,#5347,.T.);
#5347 = CIRCLE('',#5348,0.1);
#5348 = AXIS2_PLACEMENT_3D('',#5349,#5350,#5351);
#5349 = CARTESIAN_POINT('',(-1.746292362078,-1.695128994159,-1.9));
#5350 = DIRECTION('',(0.,0.,-1.));
#5351 = DIRECTION('',(1.,0.,0.));
#5352 = ORIENTED_EDGE('',*,*,#4127,.T.);
#5353 = ORIENTED_EDGE('',*,*,#5354,.F.);
#5354 = EDGE_CURVE('',#5355,#4130,#5357,.T.);
#5355 = VERTEX_POINT('',#5356);
#5356 = CARTESIAN_POINT('',(-2.4,-2.4,-1.9));
#5357 = LINE('',#5358,#5359);
#5358 = CARTESIAN_POINT('',(0.148672566372,-0.169911504425,-1.9));
#5359 = VECTOR('',#5360,1.);
#5360 = DIRECTION('',(0.752576694707,0.658504607869,0.));
#5361 = ORIENTED_EDGE('',*,*,#5362,.F.);
#5362 = EDGE_CURVE('',#5309,#5355,#5363,.T.);
#5363 = LINE('',#5364,#5365);
#5364 = CARTESIAN_POINT('',(-2.9,-2.4,-1.9));
#5365 = VECTOR('',#5366,1.);
#5366 = DIRECTION('',(1.,0.,0.));
#5367 = ORIENTED_EDGE('',*,*,#5308,.T.);
#5368 = ORIENTED_EDGE('',*,*,#4656,.T.);
#5369 = ORIENTED_EDGE('',*,*,#4287,.F.);
#5370 = PLANE('',#5371);
#5371 = AXIS2_PLACEMENT_3D('',#5372,#5373,#5374);
#5372 = CARTESIAN_POINT('',(-2.9,-2.4,-1.9));
#5373 = DIRECTION('',(-0.,0.,1.));
#5374 = DIRECTION('',(1.,0.,0.));
#5375 = ADVANCED_FACE('',(#5376),#5411,.F.);
#5376 = FACE_BOUND('',#5377,.T.);
#5377 = EDGE_LOOP('',(#5378,#5386,#5387,#5396,#5402,#5403,#5404,#5405));
#5378 = ORIENTED_EDGE('',*,*,#5379,.F.);
#5379 = EDGE_CURVE('',#4147,#5380,#5382,.T.);
#5380 = VERTEX_POINT('',#5381);
#5381 = CARTESIAN_POINT('',(-2.4,-2.4,1.9));
#5382 = LINE('',#5383,#5384);
#5383 = CARTESIAN_POINT('',(0.148672566372,-0.169911504425,1.9));
#5384 = VECTOR('',#5385,1.);
#5385 = DIRECTION('',(-0.752576694707,-0.658504607869,0.));
#5386 = ORIENTED_EDGE('',*,*,#4146,.T.);
#5387 = ORIENTED_EDGE('',*,*,#5388,.T.);
#5388 = EDGE_CURVE('',#4139,#5389,#5391,.T.);
#5389 = VERTEX_POINT('',#5390);
#5390 = CARTESIAN_POINT('',(-1.675581683959,-1.624418316041,1.9));
#5391 = CIRCLE('',#5392,0.1);
#5392 = AXIS2_PLACEMENT_3D('',#5393,#5394,#5395);
#5393 = CARTESIAN_POINT('',(-1.746292362078,-1.695128994159,1.9));
#5394 = DIRECTION('',(0.,-0.,1.));
#5395 = DIRECTION('',(-1.,0.,0.));
#5396 = ORIENTED_EDGE('',*,*,#5397,.F.);
#5397 = EDGE_CURVE('',#4280,#5389,#5398,.T.);
#5398 = LINE('',#5399,#5400);
#5399 = CARTESIAN_POINT('',(-1.65,-1.65,1.9));
#5400 = VECTOR('',#5401,1.);
#5401 = DIRECTION('',(0.707106781187,-0.707106781187,0.));
#5402 = ORIENTED_EDGE('',*,*,#4303,.T.);
#5403 = ORIENTED_EDGE('',*,*,#4649,.T.);
#5404 = ORIENTED_EDGE('',*,*,#5324,.F.);
#5405 = ORIENTED_EDGE('',*,*,#5406,.F.);
#5406 = EDGE_CURVE('',#5380,#5317,#5407,.T.);
#5407 = LINE('',#5408,#5409);
#5408 = CARTESIAN_POINT('',(-2.9,-2.4,1.9));
#5409 = VECTOR('',#5410,1.);
#5410 = DIRECTION('',(-1.,-0.,-0.));
#5411 = PLANE('',#5412);
#5412 = AXIS2_PLACEMENT_3D('',#5413,#5414,#5415);
#5413 = CARTESIAN_POINT('',(-2.9,-2.4,1.9));
#5414 = DIRECTION('',(0.,0.,-1.));
#5415 = DIRECTION('',(-1.,0.,-0.));
#5416 = ADVANCED_FACE('',(#5417),#5428,.T.);
#5417 = FACE_BOUND('',#5418,.T.);
#5418 = EDGE_LOOP('',(#5419,#5425,#5426,#5427));
#5419 = ORIENTED_EDGE('',*,*,#5420,.T.);
#5420 = EDGE_CURVE('',#5355,#5380,#5421,.T.);
#5421 = LINE('',#5422,#5423);
#5422 = CARTESIAN_POINT('',(-2.4,-2.4,-6.501));
#5423 = VECTOR('',#5424,1.);
#5424 = DIRECTION('',(-0.,-0.,1.));
#5425 = ORIENTED_EDGE('',*,*,#5406,.T.);
#5426 = ORIENTED_EDGE('',*,*,#5316,.T.);
#5427 = ORIENTED_EDGE('',*,*,#5362,.T.);
#5428 = PLANE('',#5429);
#5429 = AXIS2_PLACEMENT_3D('',#5430,#5431,#5432);
#5430 = CARTESIAN_POINT('',(0.,-2.4,0.));
#5431 = DIRECTION('',(0.,-1.,0.));
#5432 = DIRECTION('',(0.,-0.,-1.));
#5433 = ADVANCED_FACE('',(#5434),#5444,.F.);
#5434 = FACE_BOUND('',#5435,.T.);
#5435 = EDGE_LOOP('',(#5436,#5437,#5438,#5439,#5440,#5441,#5442,#5443));
#5436 = ORIENTED_EDGE('',*,*,#4534,.T.);
#5437 = ORIENTED_EDGE('',*,*,#5091,.F.);
#5438 = ORIENTED_EDGE('',*,*,#4960,.T.);
#5439 = ORIENTED_EDGE('',*,*,#5106,.T.);
#5440 = ORIENTED_EDGE('',*,*,#4543,.T.);
#5441 = ORIENTED_EDGE('',*,*,#4352,.F.);
#5442 = ORIENTED_EDGE('',*,*,#4477,.F.);
#5443 = ORIENTED_EDGE('',*,*,#4447,.T.);
#5444 = PLANE('',#5445);
#5445 = AXIS2_PLACEMENT_3D('',#5446,#5447,#5448);
#5446 = CARTESIAN_POINT('',(2.9,-2.4,1.9));
#5447 = DIRECTION('',(-1.,0.,-0.));
#5448 = DIRECTION('',(0.,0.,1.));
#5449 = ADVANCED_FACE('',(#5450),#5479,.F.);
#5450 = FACE_BOUND('',#5451,.T.);
#5451 = EDGE_LOOP('',(#5452,#5453,#5454,#5455,#5456,#5457,#5465,#5473));
#5452 = ORIENTED_EDGE('',*,*,#4697,.T.);
#5453 = ORIENTED_EDGE('',*,*,#5159,.F.);
#5454 = ORIENTED_EDGE('',*,*,#4983,.T.);
#5455 = ORIENTED_EDGE('',*,*,#5174,.T.);
#5456 = ORIENTED_EDGE('',*,*,#4501,.T.);
#5457 = ORIENTED_EDGE('',*,*,#5458,.F.);
#5458 = EDGE_CURVE('',#5459,#4492,#5461,.T.);
#5459 = VERTEX_POINT('',#5460);
#5460 = CARTESIAN_POINT('',(1.,-2.4,-2.7));
#5461 = LINE('',#5462,#5463);
#5462 = CARTESIAN_POINT('',(1.,-2.4,-2.7));
#5463 = VECTOR('',#5464,1.);
#5464 = DIRECTION('',(-0.,1.,-0.));
#5465 = ORIENTED_EDGE('',*,*,#5466,.F.);
#5466 = EDGE_CURVE('',#5467,#5459,#5469,.T.);
#5467 = VERTEX_POINT('',#5468);
#5468 = CARTESIAN_POINT('',(-1.,-2.4,-2.7));
#5469 = LINE('',#5470,#5471);
#5470 = CARTESIAN_POINT('',(-1.,-2.4,-2.7));
#5471 = VECTOR('',#5472,1.);
#5472 = DIRECTION('',(1.,0.,0.));
#5473 = ORIENTED_EDGE('',*,*,#5474,.T.);
#5474 = EDGE_CURVE('',#5467,#4698,#5475,.T.);
#5475 = LINE('',#5476,#5477);
#5476 = CARTESIAN_POINT('',(-1.,-2.4,-2.7));
#5477 = VECTOR('',#5478,1.);
#5478 = DIRECTION('',(-0.,1.,-0.));
#5479 = PLANE('',#5480);
#5480 = AXIS2_PLACEMENT_3D('',#5481,#5482,#5483);
#5481 = CARTESIAN_POINT('',(-1.,-2.4,-2.7));
#5482 = DIRECTION('',(-0.,0.,1.));
#5483 = DIRECTION('',(1.,0.,0.));
#5484 = ADVANCED_FACE('',(#5485),#5503,.F.);
#5485 = FACE_BOUND('',#5486,.T.);
#5486 = EDGE_LOOP('',(#5487,#5488,#5496,#5502));
#5487 = ORIENTED_EDGE('',*,*,#4491,.T.);
#5488 = ORIENTED_EDGE('',*,*,#5489,.F.);
#5489 = EDGE_CURVE('',#5490,#4494,#5492,.T.);
#5490 = VERTEX_POINT('',#5491);
#5491 = CARTESIAN_POINT('',(1.,-2.4,-1.9));
#5492 = LINE('',#5493,#5494);
#5493 = CARTESIAN_POINT('',(1.,-2.4,-1.9));
#5494 = VECTOR('',#5495,1.);
#5495 = DIRECTION('',(-0.,1.,-0.));
#5496 = ORIENTED_EDGE('',*,*,#5497,.F.);
#5497 = EDGE_CURVE('',#5459,#5490,#5498,.T.);
#5498 = LINE('',#5499,#5500);
#5499 = CARTESIAN_POINT('',(1.,-2.4,-2.7));
#5500 = VECTOR('',#5501,1.);
#5501 = DIRECTION('',(0.,0.,1.));
#5502 = ORIENTED_EDGE('',*,*,#5458,.T.);
#5503 = PLANE('',#5504);
#5504 = AXIS2_PLACEMENT_3D('',#5505,#5506,#5507);
#5505 = CARTESIAN_POINT('',(1.,-2.4,-2.7));
#5506 = DIRECTION('',(-1.,0.,0.));
#5507 = DIRECTION('',(0.,0.,1.));
#5508 = ADVANCED_FACE('',(#5509),#5527,.F.);
#5509 = FACE_BOUND('',#5510,.T.);
#5510 = EDGE_LOOP('',(#5511,#5512,#5520,#5526));
#5511 = ORIENTED_EDGE('',*,*,#4713,.T.);
#5512 = ORIENTED_EDGE('',*,*,#5513,.F.);
#5513 = EDGE_CURVE('',#5514,#4706,#5516,.T.);
#5514 = VERTEX_POINT('',#5515);
#5515 = CARTESIAN_POINT('',(-1.,-2.4,-1.9));
#5516 = LINE('',#5517,#5518);
#5517 = CARTESIAN_POINT('',(-1.,-2.4,-1.9));
#5518 = VECTOR('',#5519,1.);
#5519 = DIRECTION('',(-0.,1.,-0.));
#5520 = ORIENTED_EDGE('',*,*,#5521,.F.);
#5521 = EDGE_CURVE('',#5490,#5514,#5522,.T.);
#5522 = LINE('',#5523,#5524);
#5523 = CARTESIAN_POINT('',(-1.,-2.4,-1.9));
#5524 = VECTOR('',#5525,1.);
#5525 = DIRECTION('',(-1.,-0.,-0.));
#5526 = ORIENTED_EDGE('',*,*,#5489,.T.);
#5527 = PLANE('',#5528);
#5528 = AXIS2_PLACEMENT_3D('',#5529,#5530,#5531);
#5529 = CARTESIAN_POINT('',(-1.,-2.4,-1.9));
#5530 = DIRECTION('',(0.,0.,-1.));
#5531 = DIRECTION('',(-1.,0.,-0.));
#5532 = ADVANCED_FACE('',(#5533),#5544,.F.);
#5533 = FACE_BOUND('',#5534,.T.);
#5534 = EDGE_LOOP('',(#5535,#5536,#5537,#5543));
#5535 = ORIENTED_EDGE('',*,*,#4705,.T.);
#5536 = ORIENTED_EDGE('',*,*,#5474,.F.);
#5537 = ORIENTED_EDGE('',*,*,#5538,.F.);
#5538 = EDGE_CURVE('',#5514,#5467,#5539,.T.);
#5539 = LINE('',#5540,#5541);
#5540 = CARTESIAN_POINT('',(-1.,-2.4,-2.7));
#5541 = VECTOR('',#5542,1.);
#5542 = DIRECTION('',(-0.,-0.,-1.));
#5543 = ORIENTED_EDGE('',*,*,#5513,.T.);
#5544 = PLANE('',#5545);
#5545 = AXIS2_PLACEMENT_3D('',#5546,#5547,#5548);
#5546 = CARTESIAN_POINT('',(-1.,-2.4,-2.7));
#5547 = DIRECTION('',(1.,0.,-0.));
#5548 = DIRECTION('',(-0.,0.,-1.));
#5549 = ADVANCED_FACE('',(#5550),#5556,.T.);
#5550 = FACE_BOUND('',#5551,.T.);
#5551 = EDGE_LOOP('',(#5552,#5553,#5554,#5555));
#5552 = ORIENTED_EDGE('',*,*,#5466,.T.);
#5553 = ORIENTED_EDGE('',*,*,#5497,.T.);
#5554 = ORIENTED_EDGE('',*,*,#5521,.T.);
#5555 = ORIENTED_EDGE('',*,*,#5538,.T.);
#5556 = PLANE('',#5557);
#5557 = AXIS2_PLACEMENT_3D('',#5558,#5559,#5560);
#5558 = CARTESIAN_POINT('',(0.,-2.4,0.));
#5559 = DIRECTION('',(0.,-1.,0.));
#5560 = DIRECTION('',(0.,-0.,-1.));
#5561 = ADVANCED_FACE('',(#5562),#5573,.T.);
#5562 = FACE_BOUND('',#5563,.T.);
#5563 = EDGE_LOOP('',(#5564,#5565,#5571,#5572));
#5564 = ORIENTED_EDGE('',*,*,#4336,.F.);
#5565 = ORIENTED_EDGE('',*,*,#5566,.T.);
#5566 = EDGE_CURVE('',#4328,#4416,#5567,.T.);
#5567 = LINE('',#5568,#5569);
#5568 = CARTESIAN_POINT('',(1.680441901291,-1.77038666363,-6.501));
#5569 = VECTOR('',#5570,1.);
#5570 = DIRECTION('',(-0.,-0.,-1.));
#5571 = ORIENTED_EDGE('',*,*,#4413,.F.);
#5572 = ORIENTED_EDGE('',*,*,#4470,.T.);
#5573 = PLANE('',#5574);
#5574 = AXIS2_PLACEMENT_3D('',#5575,#5576,#5577);
#5575 = CARTESIAN_POINT('',(-0.148672566372,-0.169911504425,-6.501));
#5576 = DIRECTION('',(-0.658504607869,-0.752576694707,0.));
#5577 = DIRECTION('',(0.752576694707,-0.658504607869,0.));
#5578 = ADVANCED_FACE('',(#5579),#5585,.F.);
#5579 = FACE_BOUND('',#5580,.T.);
#5580 = EDGE_LOOP('',(#5581,#5582,#5583,#5584));
#5581 = ORIENTED_EDGE('',*,*,#5354,.T.);
#5582 = ORIENTED_EDGE('',*,*,#4155,.T.);
#5583 = ORIENTED_EDGE('',*,*,#5379,.T.);
#5584 = ORIENTED_EDGE('',*,*,#5420,.F.);
#5585 = PLANE('',#5586);
#5586 = AXIS2_PLACEMENT_3D('',#5587,#5588,#5589);
#5587 = CARTESIAN_POINT('',(0.148672566372,-0.169911504425,-6.501));
#5588 = DIRECTION('',(-0.658504607869,0.752576694707,0.));
#5589 = DIRECTION('',(-0.752576694707,-0.658504607869,0.));
#5590 = ADVANCED_FACE('',(#5591),#5602,.F.);
#5591 = FACE_BOUND('',#5592,.T.);
#5592 = EDGE_LOOP('',(#5593,#5594,#5600,#5601));
#5593 = ORIENTED_EDGE('',*,*,#5397,.T.);
#5594 = ORIENTED_EDGE('',*,*,#5595,.T.);
#5595 = EDGE_CURVE('',#5389,#5339,#5596,.T.);
#5596 = LINE('',#5597,#5598);
#5597 = CARTESIAN_POINT('',(-1.675581683959,-1.624418316041,-2.5375));
#5598 = VECTOR('',#5599,1.);
#5599 = DIRECTION('',(-0.,-0.,-1.));
#5600 = ORIENTED_EDGE('',*,*,#5338,.T.);
#5601 = ORIENTED_EDGE('',*,*,#4277,.T.);
#5602 = PLANE('',#5603);
#5603 = AXIS2_PLACEMENT_3D('',#5604,#5605,#5606);
#5604 = CARTESIAN_POINT('',(-1.65,-1.65,-2.5375));
#5605 = DIRECTION('',(-0.707106781187,-0.707106781187,0.));
#5606 = DIRECTION('',(0.707106781187,-0.707106781187,0.));
#5607 = ADVANCED_FACE('',(#5608),#5619,.T.);
#5608 = FACE_BOUND('',#5609,.T.);
#5609 = EDGE_LOOP('',(#5610,#5611,#5617,#5618));
#5610 = ORIENTED_EDGE('',*,*,#4432,.F.);
#5611 = ORIENTED_EDGE('',*,*,#5612,.T.);
#5612 = EDGE_CURVE('',#4424,#4320,#5613,.T.);
#5613 = LINE('',#5614,#5615);
#5614 = CARTESIAN_POINT('',(1.675581683959,-1.624418316041,-2.5375));
#5615 = VECTOR('',#5616,1.);
#5616 = DIRECTION('',(0.,0.,1.));
#5617 = ORIENTED_EDGE('',*,*,#4317,.F.);
#5618 = ORIENTED_EDGE('',*,*,#4392,.F.);
#5619 = PLANE('',#5620);
#5620 = AXIS2_PLACEMENT_3D('',#5621,#5622,#5623);
#5621 = CARTESIAN_POINT('',(1.65,-1.65,-2.5375));
#5622 = DIRECTION('',(-0.707106781187,0.707106781187,0.));
#5623 = DIRECTION('',(-0.707106781187,-0.707106781187,0.));
#5624 = ADVANCED_FACE('',(#5625),#5631,.T.);
#5625 = FACE_BOUND('',#5626,.T.);
#5626 = EDGE_LOOP('',(#5627,#5628,#5629,#5630));
#5627 = ORIENTED_EDGE('',*,*,#4423,.F.);
#5628 = ORIENTED_EDGE('',*,*,#5566,.F.);
#5629 = ORIENTED_EDGE('',*,*,#4327,.F.);
#5630 = ORIENTED_EDGE('',*,*,#5612,.F.);
#5631 = CYLINDRICAL_SURFACE('',#5632,0.1);
#5632 = AXIS2_PLACEMENT_3D('',#5633,#5634,#5635);
#5633 = CARTESIAN_POINT('',(1.746292362078,-1.695128994159,-2.5375));
#5634 = DIRECTION('',(0.,0.,1.));
#5635 = DIRECTION('',(1.,0.,-0.));
#5636 = ADVANCED_FACE('',(#5637),#5643,.T.);
#5637 = FACE_BOUND('',#5638,.T.);
#5638 = EDGE_LOOP('',(#5639,#5640,#5641,#5642));
#5639 = ORIENTED_EDGE('',*,*,#4138,.F.);
#5640 = ORIENTED_EDGE('',*,*,#5346,.F.);
#5641 = ORIENTED_EDGE('',*,*,#5595,.F.);
#5642 = ORIENTED_EDGE('',*,*,#5388,.F.);
#5643 = CYLINDRICAL_SURFACE('',#5644,0.1);
#5644 = AXIS2_PLACEMENT_3D('',#5645,#5646,#5647);
#5645 = CARTESIAN_POINT('',(-1.746292362078,-1.695128994159,-6.501));
#5646 = DIRECTION('',(0.,0.,1.));
#5647 = DIRECTION('',(1.,0.,-0.));
#5648 = ADVANCED_FACE('',(#5649),#5655,.T.);
#5649 = FACE_BOUND('',#5650,.T.);
#5650 = EDGE_LOOP('',(#5651,#5652,#5653,#5654));
#5651 = ORIENTED_EDGE('',*,*,#4094,.F.);
#5652 = ORIENTED_EDGE('',*,*,#4856,.F.);
#5653 = ORIENTED_EDGE('',*,*,#4112,.T.);
#5654 = ORIENTED_EDGE('',*,*,#4880,.F.);
#5655 = TOROIDAL_SURFACE('',#5656,6.3,0.2);
#5656 = AXIS2_PLACEMENT_3D('',#5657,#5658,#5659);
#5657 = CARTESIAN_POINT('',(0.,1.3,0.));
#5658 = DIRECTION('',(0.,1.,0.));
#5659 = DIRECTION('',(0.,-0.,1.));
#5660 = ( GEOMETRIC_REPRESENTATION_CONTEXT(3) 
GLOBAL_UNCERTAINTY_ASSIGNED_CONTEXT((#5664)) 
GLOBAL_UNIT_ASSIGNED_CONTEXT((#5661,#5662,#5663)) REPRESENTATION_CONTEXT
('Context #1','3D Context with UNIT and UNCERTAINTY') );
#5661 = ( LENGTH_UNIT() NAMED_UNIT(*) SI_UNIT(.MILLI.,.METRE.) );
#5662 = ( NAMED_UNIT(*) PLANE_ANGLE_UNIT() SI_UNIT($,.RADIAN.) );
#5663 = ( NAMED_UNIT(*) SI_UNIT($,.STERADIAN.) SOLID_ANGLE_UNIT() );
#5664 = UNCERTAINTY_MEASURE_WITH_UNIT(LENGTH_MEASURE(1.E-07),#5661,
  'distance_accuracy_value','confusion accuracy');
#5665 = CONTEXT_DEPENDENT_SHAPE_REPRESENTATION(#5666,#5668);
#5666 = ( REPRESENTATION_RELATIONSHIP('','',#4076,#10) 
REPRESENTATION_RELATIONSHIP_WITH_TRANSFORMATION(#5667) 
SHAPE_REPRESENTATION_RELATIONSHIP() );
#5667 = ITEM_DEFINED_TRANSFORMATION('','',#11,#19);
#5668 = PRODUCT_DEFINITION_SHAPE('Placement','Placement of an item',
  #5669);
#5669 = NEXT_ASSEMBLY_USAGE_OCCURRENCE('36','12mm Push Button Cap','',#5
  ,#4071,$);
#5670 = PRODUCT_RELATED_PRODUCT_CATEGORY('part',$,(#4073));
#5671 = MECHANICAL_DESIGN_GEOMETRIC_PRESENTATION_REPRESENTATION('',(
    #5672),#1547);
#5672 = STYLED_ITEM('color',(#5673),#1197);
#5673 = PRESENTATION_STYLE_ASSIGNMENT((#5674,#5680));
#5674 = SURFACE_STYLE_USAGE(.BOTH.,#5675);
#5675 = SURFACE_SIDE_STYLE('',(#5676));
#5676 = SURFACE_STYLE_FILL_AREA(#5677);
#5677 = FILL_AREA_STYLE('',(#5678));
#5678 = FILL_AREA_STYLE_COLOUR('',#5679);
#5679 = COLOUR_RGB('',0.647058850868,0.619607810787,0.588235317929);
#5680 = CURVE_STYLE('',#5681,POSITIVE_LENGTH_MEASURE(0.1),#5682);
#5681 = DRAUGHTING_PRE_DEFINED_CURVE_FONT('continuous');
#5682 = COLOUR_RGB('',9.803921802644E-02,9.803921802644E-02,
  9.803921802644E-02);
#5683 = MECHANICAL_DESIGN_GEOMETRIC_PRESENTATION_REPRESENTATION('',(
    #5684),#1916);
#5684 = STYLED_ITEM('color',(#5685),#1566);
#5685 = PRESENTATION_STYLE_ASSIGNMENT((#5686,#5691));
#5686 = SURFACE_STYLE_USAGE(.BOTH.,#5687);
#5687 = SURFACE_SIDE_STYLE('',(#5688));
#5688 = SURFACE_STYLE_FILL_AREA(#5689);
#5689 = FILL_AREA_STYLE('',(#5690));
#5690 = FILL_AREA_STYLE_COLOUR('',#5679);
#5691 = CURVE_STYLE('',#5692,POSITIVE_LENGTH_MEASURE(0.1),#5682);
#5692 = DRAUGHTING_PRE_DEFINED_CURVE_FONT('continuous');
#5693 = MECHANICAL_DESIGN_GEOMETRIC_PRESENTATION_REPRESENTATION('',(
    #5694),#809);
#5694 = STYLED_ITEM('color',(#5695),#459);
#5695 = PRESENTATION_STYLE_ASSIGNMENT((#5696,#5701));
#5696 = SURFACE_STYLE_USAGE(.BOTH.,#5697);
#5697 = SURFACE_SIDE_STYLE('',(#5698));
#5698 = SURFACE_STYLE_FILL_AREA(#5699);
#5699 = FILL_AREA_STYLE('',(#5700));
#5700 = FILL_AREA_STYLE_COLOUR('',#5679);
#5701 = CURVE_STYLE('',#5702,POSITIVE_LENGTH_MEASURE(0.1),#5682);
#5702 = DRAUGHTING_PRE_DEFINED_CURVE_FONT('continuous');
#5703 = MECHANICAL_DESIGN_GEOMETRIC_PRESENTATION_REPRESENTATION('',(
    #5704),#1178);
#5704 = STYLED_ITEM('color',(#5705),#828);
#5705 = PRESENTATION_STYLE_ASSIGNMENT((#5706,#5711));
#5706 = SURFACE_STYLE_USAGE(.BOTH.,#5707);
#5707 = SURFACE_SIDE_STYLE('',(#5708));
#5708 = SURFACE_STYLE_FILL_AREA(#5709);
#5709 = FILL_AREA_STYLE('',(#5710));
#5710 = FILL_AREA_STYLE_COLOUR('',#5679);
#5711 = CURVE_STYLE('',#5712,POSITIVE_LENGTH_MEASURE(0.1),#5682);
#5712 = DRAUGHTING_PRE_DEFINED_CURVE_FONT('continuous');
#5713 = MECHANICAL_DESIGN_GEOMETRIC_PRESENTATION_REPRESENTATION('',(
    #5714),#5660);
#5714 = STYLED_ITEM('color',(#5715),#4077);
#5715 = PRESENTATION_STYLE_ASSIGNMENT((#5716,#5722));
#5716 = SURFACE_STYLE_USAGE(.BOTH.,#5717);
#5717 = SURFACE_SIDE_STYLE('',(#5718));
#5718 = SURFACE_STYLE_FILL_AREA(#5719);
#5719 = FILL_AREA_STYLE('',(#5720));
#5720 = FILL_AREA_STYLE_COLOUR('',#5721);
#5721 = COLOUR_RGB('',0.976470577825,0.941176459967,0.419607846511);
#5722 = CURVE_STYLE('',#5723,POSITIVE_LENGTH_MEASURE(0.1),#5682);
#5723 = DRAUGHTING_PRE_DEFINED_CURVE_FONT('continuous');
#5724 = MECHANICAL_DESIGN_GEOMETRIC_PRESENTATION_REPRESENTATION('',(
    #5725),#2387);
#5725 = STYLED_ITEM('color',(#5726),#1935);
#5726 = PRESENTATION_STYLE_ASSIGNMENT((#5727,#5733));
#5727 = SURFACE_STYLE_USAGE(.BOTH.,#5728);
#5728 = SURFACE_SIDE_STYLE('',(#5729));
#5729 = SURFACE_STYLE_FILL_AREA(#5730);
#5730 = FILL_AREA_STYLE('',(#5731));
#5731 = FILL_AREA_STYLE_COLOUR('',#5732);
#5732 = COLOUR_RGB('',0.101960784187,0.101960784187,0.101960784187);
#5733 = CURVE_STYLE('',#5734,POSITIVE_LENGTH_MEASURE(0.1),#5682);
#5734 = DRAUGHTING_PRE_DEFINED_CURVE_FONT('continuous');
#5735 = MECHANICAL_DESIGN_GEOMETRIC_PRESENTATION_REPRESENTATION('',(
    #5736),#440);
#5736 = STYLED_ITEM('color',(#5737),#84);
#5737 = PRESENTATION_STYLE_ASSIGNMENT((#5738,#5743));
#5738 = SURFACE_STYLE_USAGE(.BOTH.,#5739);
#5739 = SURFACE_SIDE_STYLE('',(#5740));
#5740 = SURFACE_STYLE_FILL_AREA(#5741);
#5741 = FILL_AREA_STYLE('',(#5742));
#5742 = FILL_AREA_STYLE_COLOUR('',#5679);
#5743 = CURVE_STYLE('',#5744,POSITIVE_LENGTH_MEASURE(0.1),#5682);
#5744 = DRAUGHTING_PRE_DEFINED_CURVE_FONT('continuous');
#5745 = MECHANICAL_DESIGN_GEOMETRIC_PRESENTATION_REPRESENTATION('',(
    #5746),#4058);
#5746 = STYLED_ITEM('color',(#5747),#2406);
#5747 = PRESENTATION_STYLE_ASSIGNMENT((#5748,#5753));
#5748 = SURFACE_STYLE_USAGE(.BOTH.,#5749);
#5749 = SURFACE_SIDE_STYLE('',(#5750));
#5750 = SURFACE_STYLE_FILL_AREA(#5751);
#5751 = FILL_AREA_STYLE('',(#5752));
#5752 = FILL_AREA_STYLE_COLOUR('',#5732);
#5753 = CURVE_STYLE('',#5754,POSITIVE_LENGTH_MEASURE(0.1),#5682);
#5754 = DRAUGHTING_PRE_DEFINED_CURVE_FONT('continuous');
ENDSEC;
END-ISO-10303-21;
