ISO-10303-21;
HEADER;
/* Generated by software containing ST-Developer
 * from STEP Tools, Inc. (www.steptools.com) 
 */

FILE_DESCRIPTION(
/* description */ (''),
/* implementation_level */ '2;1');

FILE_NAME(
/* name */ 'Arduino MP3 DFPlayer micro SD card MP3 player.step',
/* time_stamp */ '2025-11-19T19:10:51+09:00',
/* author */ (''),
/* organization */ (''),
/* preprocessor_version */ 'ST-DEVELOPER v20.1',
/* originating_system */ 'Autodesk Translation Framework v14.21.0.0',
/* authorisation */ '');

FILE_SCHEMA (('AUTOMOTIVE_DESIGN { 1 0 10303 214 3 1 1 }'));
ENDSEC;

DATA;
#10=MECHANICAL_DESIGN_GEOMETRIC_PRESENTATION_REPRESENTATION('',(#13,#14,
#15,#16,#17,#18,#19,#20,#21,#22,#23,#24,#25,#26,#27,#28,#29,#30,#31,#32,
#33,#34,#35,#36,#37,#38,#39,#40,#41,#42,#43,#44,#45,#46,#47,#48),#12439);
#11=SHAPE_REPRESENTATION_RELATIONSHIP('SRR','None',#12446,#12);
#12=ADVANCED_BREP_SHAPE_REPRESENTATION('',(#49,#50,#51,#52,#53,#54,#55,
#56,#57,#58,#59,#60,#61,#62,#63,#64,#65,#66,#67,#68,#69,#70,#71,#72,#73,
#74,#75,#76,#77,#78,#79,#80,#81,#82,#83,#84),#12438);
#13=STYLED_ITEM('',(#12456),#49);
#14=STYLED_ITEM('',(#12457),#50);
#15=STYLED_ITEM('',(#12457),#51);
#16=STYLED_ITEM('',(#12457),#52);
#17=STYLED_ITEM('',(#12457),#53);
#18=STYLED_ITEM('',(#12457),#54);
#19=STYLED_ITEM('',(#12457),#55);
#20=STYLED_ITEM('',(#12457),#56);
#21=STYLED_ITEM('',(#12457),#57);
#22=STYLED_ITEM('',(#12457),#58);
#23=STYLED_ITEM('',(#12457),#59);
#24=STYLED_ITEM('',(#12457),#60);
#25=STYLED_ITEM('',(#12457),#61);
#26=STYLED_ITEM('',(#12457),#62);
#27=STYLED_ITEM('',(#12457),#63);
#28=STYLED_ITEM('',(#12457),#64);
#29=STYLED_ITEM('',(#12457),#65);
#30=STYLED_ITEM('',(#12456),#66);
#31=STYLED_ITEM('',(#12456),#67);
#32=STYLED_ITEM('',(#12456),#68);
#33=STYLED_ITEM('',(#12456),#69);
#34=STYLED_ITEM('',(#12457),#70);
#35=STYLED_ITEM('',(#12456),#71);
#36=STYLED_ITEM('',(#12456),#72);
#37=STYLED_ITEM('',(#12456),#73);
#38=STYLED_ITEM('',(#12456),#74);
#39=STYLED_ITEM('',(#12456),#75);
#40=STYLED_ITEM('',(#12456),#76);
#41=STYLED_ITEM('',(#12456),#77);
#42=STYLED_ITEM('',(#12456),#78);
#43=STYLED_ITEM('',(#12456),#79);
#44=STYLED_ITEM('',(#12456),#80);
#45=STYLED_ITEM('',(#12456),#81);
#46=STYLED_ITEM('',(#12456),#82);
#47=STYLED_ITEM('',(#12456),#83);
#48=STYLED_ITEM('',(#12456),#84);
#49=MANIFOLD_SOLID_BREP('\X2\BCF8CCB4\X0\1',#7644);
#50=MANIFOLD_SOLID_BREP('\X2\BCF8CCB4\X0\2',#7645);
#51=MANIFOLD_SOLID_BREP('\X2\BCF8CCB4\X0\3',#7646);
#52=MANIFOLD_SOLID_BREP('\X2\BCF8CCB4\X0\4',#7647);
#53=MANIFOLD_SOLID_BREP('\X2\BCF8CCB4\X0\5',#7648);
#54=MANIFOLD_SOLID_BREP('\X2\BCF8CCB4\X0\6',#7649);
#55=MANIFOLD_SOLID_BREP('\X2\BCF8CCB4\X0\7',#7650);
#56=MANIFOLD_SOLID_BREP('\X2\BCF8CCB4\X0\8',#7651);
#57=MANIFOLD_SOLID_BREP('\X2\BCF8CCB4\X0\9',#7652);
#58=MANIFOLD_SOLID_BREP('\X2\BCF8CCB4\X0\10',#7653);
#59=MANIFOLD_SOLID_BREP('\X2\BCF8CCB4\X0\11',#7654);
#60=MANIFOLD_SOLID_BREP('\X2\BCF8CCB4\X0\12',#7655);
#61=MANIFOLD_SOLID_BREP('\X2\BCF8CCB4\X0\13',#7656);
#62=MANIFOLD_SOLID_BREP('\X2\BCF8CCB4\X0\14',#7657);
#63=MANIFOLD_SOLID_BREP('\X2\BCF8CCB4\X0\15',#7658);
#64=MANIFOLD_SOLID_BREP('\X2\BCF8CCB4\X0\16',#7659);
#65=MANIFOLD_SOLID_BREP('\X2\BCF8CCB4\X0\17',#7660);
#66=MANIFOLD_SOLID_BREP('\X2\BCF8CCB4\X0\18',#7661);
#67=MANIFOLD_SOLID_BREP('\X2\BCF8CCB4\X0\19',#7662);
#68=MANIFOLD_SOLID_BREP('\X2\BCF8CCB4\X0\20',#7663);
#69=MANIFOLD_SOLID_BREP('\X2\BCF8CCB4\X0\21',#7664);
#70=MANIFOLD_SOLID_BREP('\X2\BCF8CCB4\X0\22',#7665);
#71=MANIFOLD_SOLID_BREP('\X2\BCF8CCB4\X0\23',#7666);
#72=MANIFOLD_SOLID_BREP('\X2\BCF8CCB4\X0\24',#7667);
#73=MANIFOLD_SOLID_BREP('\X2\BCF8CCB4\X0\25',#7668);
#74=MANIFOLD_SOLID_BREP('\X2\BCF8CCB4\X0\26',#7669);
#75=MANIFOLD_SOLID_BREP('\X2\BCF8CCB4\X0\27',#7670);
#76=MANIFOLD_SOLID_BREP('\X2\BCF8CCB4\X0\28',#7671);
#77=MANIFOLD_SOLID_BREP('\X2\BCF8CCB4\X0\29',#7672);
#78=MANIFOLD_SOLID_BREP('\X2\BCF8CCB4\X0\30',#7673);
#79=MANIFOLD_SOLID_BREP('\X2\BCF8CCB4\X0\31',#7674);
#80=MANIFOLD_SOLID_BREP('\X2\BCF8CCB4\X0\32',#7675);
#81=MANIFOLD_SOLID_BREP('\X2\BCF8CCB4\X0\33',#7676);
#82=MANIFOLD_SOLID_BREP('\X2\BCF8CCB4\X0\34',#7677);
#83=MANIFOLD_SOLID_BREP('\X2\BCF8CCB4\X0\35',#7678);
#84=MANIFOLD_SOLID_BREP('\X2\BCF8CCB4\X0\36',#7679);
#85=FACE_BOUND('',#855,.T.);
#86=FACE_BOUND('',#856,.T.);
#87=FACE_BOUND('',#857,.T.);
#88=FACE_BOUND('',#858,.T.);
#89=FACE_BOUND('',#859,.T.);
#90=FACE_BOUND('',#860,.T.);
#91=FACE_BOUND('',#861,.T.);
#92=FACE_BOUND('',#862,.T.);
#93=FACE_BOUND('',#863,.T.);
#94=FACE_BOUND('',#864,.T.);
#95=FACE_BOUND('',#865,.T.);
#96=FACE_BOUND('',#866,.T.);
#97=FACE_BOUND('',#867,.T.);
#98=FACE_BOUND('',#868,.T.);
#99=FACE_BOUND('',#869,.T.);
#100=FACE_BOUND('',#870,.T.);
#101=FACE_BOUND('',#872,.T.);
#102=FACE_BOUND('',#873,.T.);
#103=FACE_BOUND('',#874,.T.);
#104=FACE_BOUND('',#875,.T.);
#105=FACE_BOUND('',#876,.T.);
#106=FACE_BOUND('',#877,.T.);
#107=FACE_BOUND('',#878,.T.);
#108=FACE_BOUND('',#879,.T.);
#109=FACE_BOUND('',#880,.T.);
#110=FACE_BOUND('',#881,.T.);
#111=FACE_BOUND('',#882,.T.);
#112=FACE_BOUND('',#883,.T.);
#113=FACE_BOUND('',#884,.T.);
#114=FACE_BOUND('',#885,.T.);
#115=FACE_BOUND('',#886,.T.);
#116=FACE_BOUND('',#887,.T.);
#117=FACE_BOUND('',#986,.T.);
#118=FACE_BOUND('',#998,.T.);
#119=FACE_BOUND('',#1002,.T.);
#120=FACE_BOUND('',#1014,.T.);
#121=FACE_BOUND('',#1045,.T.);
#122=FACE_BOUND('',#1057,.T.);
#123=FACE_BOUND('',#1062,.T.);
#124=FACE_BOUND('',#1065,.T.);
#125=FACE_BOUND('',#1077,.T.);
#126=FACE_BOUND('',#1085,.T.);
#127=FACE_BOUND('',#1093,.T.);
#128=FACE_BOUND('',#1105,.T.);
#129=FACE_BOUND('',#1110,.T.);
#130=FACE_BOUND('',#1115,.T.);
#131=FACE_BOUND('',#1126,.T.);
#132=FACE_BOUND('',#1133,.T.);
#133=FACE_BOUND('',#1142,.T.);
#134=FACE_BOUND('',#1148,.T.);
#135=FACE_BOUND('',#1158,.T.);
#136=FACE_BOUND('',#1170,.T.);
#137=FACE_BOUND('',#1174,.T.);
#138=FACE_BOUND('',#1178,.T.);
#139=FACE_BOUND('',#1190,.T.);
#140=FACE_BOUND('',#1194,.T.);
#141=FACE_BOUND('',#1206,.T.);
#142=FACE_BOUND('',#1210,.T.);
#143=FACE_BOUND('',#1221,.T.);
#144=FACE_BOUND('',#1227,.T.);
#145=FACE_BOUND('',#1238,.T.);
#146=FACE_BOUND('',#1241,.T.);
#147=FACE_BOUND('',#1254,.T.);
#148=FACE_BOUND('',#1261,.T.);
#149=CIRCLE('',#7760,1.);
#150=CIRCLE('',#7761,1.);
#151=CIRCLE('',#7864,0.4);
#152=CIRCLE('',#7865,0.4);
#153=CIRCLE('',#7867,0.4);
#154=CIRCLE('',#7868,0.4);
#155=CIRCLE('',#7869,0.4);
#156=CIRCLE('',#7872,0.4);
#157=CIRCLE('',#7874,0.4);
#158=CIRCLE('',#7877,0.4);
#159=CIRCLE('',#7886,0.4);
#160=CIRCLE('',#7887,0.4);
#161=CIRCLE('',#7889,0.4);
#162=CIRCLE('',#7890,0.4);
#163=CIRCLE('',#7891,0.4);
#164=CIRCLE('',#7894,0.4);
#165=CIRCLE('',#7896,0.4);
#166=CIRCLE('',#7899,0.4);
#167=CIRCLE('',#7908,0.2);
#168=CIRCLE('',#7909,0.2);
#169=CIRCLE('',#7911,0.2);
#170=CIRCLE('',#7914,0.2);
#171=CIRCLE('',#7920,0.2);
#172=CIRCLE('',#7921,0.2);
#173=CIRCLE('',#7923,0.2);
#174=CIRCLE('',#7926,0.2);
#175=CIRCLE('',#7932,0.3);
#176=CIRCLE('',#7933,0.3);
#177=CIRCLE('',#7935,14.581);
#178=CIRCLE('',#7937,0.3);
#179=CIRCLE('',#7939,0.3);
#180=CIRCLE('',#7943,14.581);
#181=CIRCLE('',#7949,0.4);
#182=CIRCLE('',#7950,0.4);
#183=CIRCLE('',#7952,0.4);
#184=CIRCLE('',#7953,0.4);
#185=CIRCLE('',#7954,0.4);
#186=CIRCLE('',#7957,0.4);
#187=CIRCLE('',#7959,0.4);
#188=CIRCLE('',#7962,0.4);
#189=CIRCLE('',#7971,0.4);
#190=CIRCLE('',#7972,0.4);
#191=CIRCLE('',#7975,0.4);
#192=CIRCLE('',#7976,0.4);
#193=CIRCLE('',#7977,0.4);
#194=CIRCLE('',#7979,0.4);
#195=CIRCLE('',#7981,0.4);
#196=CIRCLE('',#7982,0.4);
#197=CIRCLE('',#7993,0.4);
#198=CIRCLE('',#7994,0.4);
#199=CIRCLE('',#7996,0.4);
#200=CIRCLE('',#7997,0.4);
#201=CIRCLE('',#7998,0.4);
#202=CIRCLE('',#8001,0.4);
#203=CIRCLE('',#8003,0.4);
#204=CIRCLE('',#8006,0.4);
#205=CIRCLE('',#8015,0.4);
#206=CIRCLE('',#8016,0.4);
#207=CIRCLE('',#8018,0.4);
#208=CIRCLE('',#8019,0.4);
#209=CIRCLE('',#8020,0.4);
#210=CIRCLE('',#8023,0.4);
#211=CIRCLE('',#8025,0.4);
#212=CIRCLE('',#8028,0.4);
#213=CIRCLE('',#8037,0.4);
#214=CIRCLE('',#8038,0.4);
#215=CIRCLE('',#8041,0.4);
#216=CIRCLE('',#8042,0.4);
#217=CIRCLE('',#8043,0.4);
#218=CIRCLE('',#8045,0.4);
#219=CIRCLE('',#8048,0.4);
#220=CIRCLE('',#8050,0.4);
#221=CIRCLE('',#8059,0.4);
#222=CIRCLE('',#8060,0.4);
#223=CIRCLE('',#8063,0.4);
#224=CIRCLE('',#8064,0.4);
#225=CIRCLE('',#8065,0.4);
#226=CIRCLE('',#8067,0.4);
#227=CIRCLE('',#8070,0.4);
#228=CIRCLE('',#8072,0.4);
#229=CIRCLE('',#8081,0.4);
#230=CIRCLE('',#8082,0.4);
#231=CIRCLE('',#8085,0.4);
#232=CIRCLE('',#8086,0.4);
#233=CIRCLE('',#8087,0.4);
#234=CIRCLE('',#8089,0.4);
#235=CIRCLE('',#8092,0.4);
#236=CIRCLE('',#8094,0.4);
#237=CIRCLE('',#8103,0.4);
#238=CIRCLE('',#8104,0.4);
#239=CIRCLE('',#8107,0.4);
#240=CIRCLE('',#8108,0.4);
#241=CIRCLE('',#8109,0.4);
#242=CIRCLE('',#8111,0.4);
#243=CIRCLE('',#8114,0.4);
#244=CIRCLE('',#8117,0.4);
#245=CIRCLE('',#8125,0.4);
#246=CIRCLE('',#8126,0.4);
#247=CIRCLE('',#8129,0.4);
#248=CIRCLE('',#8130,0.4);
#249=CIRCLE('',#8131,0.4);
#250=CIRCLE('',#8133,0.4);
#251=CIRCLE('',#8136,0.4);
#252=CIRCLE('',#8137,0.4);
#253=CIRCLE('',#8147,0.4);
#254=CIRCLE('',#8148,0.4);
#255=CIRCLE('',#8151,0.4);
#256=CIRCLE('',#8152,0.4);
#257=CIRCLE('',#8153,0.4);
#258=CIRCLE('',#8155,0.4);
#259=CIRCLE('',#8158,0.4);
#260=CIRCLE('',#8159,0.4);
#261=CIRCLE('',#8169,0.4);
#262=CIRCLE('',#8170,0.4);
#263=CIRCLE('',#8173,0.4);
#264=CIRCLE('',#8174,0.4);
#265=CIRCLE('',#8175,0.4);
#266=CIRCLE('',#8177,0.4);
#267=CIRCLE('',#8180,0.4);
#268=CIRCLE('',#8181,0.4);
#269=CIRCLE('',#8191,0.4);
#270=CIRCLE('',#8192,0.4);
#271=CIRCLE('',#8194,0.4);
#272=CIRCLE('',#8195,0.4);
#273=CIRCLE('',#8196,0.4);
#274=CIRCLE('',#8199,0.4);
#275=CIRCLE('',#8201,0.4);
#276=CIRCLE('',#8204,0.4);
#277=CIRCLE('',#8213,0.4);
#278=CIRCLE('',#8214,0.4);
#279=CIRCLE('',#8217,0.4);
#280=CIRCLE('',#8218,0.4);
#281=CIRCLE('',#8219,0.4);
#282=CIRCLE('',#8221,0.4);
#283=CIRCLE('',#8223,0.4);
#284=CIRCLE('',#8224,0.4);
#285=CIRCLE('',#8235,0.4);
#286=CIRCLE('',#8236,0.4);
#287=CIRCLE('',#8239,0.4);
#288=CIRCLE('',#8240,0.4);
#289=CIRCLE('',#8241,0.4);
#290=CIRCLE('',#8243,0.4);
#291=CIRCLE('',#8246,0.4);
#292=CIRCLE('',#8248,0.4);
#293=CYLINDRICAL_SURFACE('',#7759,1.);
#294=CYLINDRICAL_SURFACE('',#7863,0.4);
#295=CYLINDRICAL_SURFACE('',#7871,0.4);
#296=CYLINDRICAL_SURFACE('',#7873,0.4);
#297=CYLINDRICAL_SURFACE('',#7876,0.4);
#298=CYLINDRICAL_SURFACE('',#7885,0.4);
#299=CYLINDRICAL_SURFACE('',#7893,0.4);
#300=CYLINDRICAL_SURFACE('',#7895,0.4);
#301=CYLINDRICAL_SURFACE('',#7898,0.4);
#302=CYLINDRICAL_SURFACE('',#7907,0.2);
#303=CYLINDRICAL_SURFACE('',#7913,0.2);
#304=CYLINDRICAL_SURFACE('',#7919,0.2);
#305=CYLINDRICAL_SURFACE('',#7925,0.2);
#306=CYLINDRICAL_SURFACE('',#7931,0.3);
#307=CYLINDRICAL_SURFACE('',#7938,0.3);
#308=CYLINDRICAL_SURFACE('',#7942,14.581);
#309=CYLINDRICAL_SURFACE('',#7948,0.4);
#310=CYLINDRICAL_SURFACE('',#7956,0.4);
#311=CYLINDRICAL_SURFACE('',#7958,0.4);
#312=CYLINDRICAL_SURFACE('',#7961,0.4);
#313=CYLINDRICAL_SURFACE('',#7970,0.4);
#314=CYLINDRICAL_SURFACE('',#7978,0.4);
#315=CYLINDRICAL_SURFACE('',#7984,0.4);
#316=CYLINDRICAL_SURFACE('',#7985,0.4);
#317=CYLINDRICAL_SURFACE('',#7992,0.4);
#318=CYLINDRICAL_SURFACE('',#8000,0.4);
#319=CYLINDRICAL_SURFACE('',#8002,0.4);
#320=CYLINDRICAL_SURFACE('',#8005,0.4);
#321=CYLINDRICAL_SURFACE('',#8014,0.4);
#322=CYLINDRICAL_SURFACE('',#8022,0.4);
#323=CYLINDRICAL_SURFACE('',#8024,0.4);
#324=CYLINDRICAL_SURFACE('',#8027,0.4);
#325=CYLINDRICAL_SURFACE('',#8036,0.4);
#326=CYLINDRICAL_SURFACE('',#8044,0.4);
#327=CYLINDRICAL_SURFACE('',#8047,0.4);
#328=CYLINDRICAL_SURFACE('',#8051,0.4);
#329=CYLINDRICAL_SURFACE('',#8058,0.4);
#330=CYLINDRICAL_SURFACE('',#8066,0.4);
#331=CYLINDRICAL_SURFACE('',#8069,0.4);
#332=CYLINDRICAL_SURFACE('',#8071,0.4);
#333=CYLINDRICAL_SURFACE('',#8080,0.4);
#334=CYLINDRICAL_SURFACE('',#8088,0.4);
#335=CYLINDRICAL_SURFACE('',#8091,0.4);
#336=CYLINDRICAL_SURFACE('',#8093,0.4);
#337=CYLINDRICAL_SURFACE('',#8102,0.4);
#338=CYLINDRICAL_SURFACE('',#8110,0.4);
#339=CYLINDRICAL_SURFACE('',#8113,0.4);
#340=CYLINDRICAL_SURFACE('',#8116,0.4);
#341=CYLINDRICAL_SURFACE('',#8124,0.4);
#342=CYLINDRICAL_SURFACE('',#8132,0.4);
#343=CYLINDRICAL_SURFACE('',#8138,0.4);
#344=CYLINDRICAL_SURFACE('',#8140,0.4);
#345=CYLINDRICAL_SURFACE('',#8146,0.4);
#346=CYLINDRICAL_SURFACE('',#8154,0.4);
#347=CYLINDRICAL_SURFACE('',#8160,0.4);
#348=CYLINDRICAL_SURFACE('',#8162,0.4);
#349=CYLINDRICAL_SURFACE('',#8168,0.4);
#350=CYLINDRICAL_SURFACE('',#8176,0.4);
#351=CYLINDRICAL_SURFACE('',#8182,0.4);
#352=CYLINDRICAL_SURFACE('',#8184,0.4);
#353=CYLINDRICAL_SURFACE('',#8190,0.4);
#354=CYLINDRICAL_SURFACE('',#8198,0.4);
#355=CYLINDRICAL_SURFACE('',#8200,0.4);
#356=CYLINDRICAL_SURFACE('',#8205,0.4);
#357=CYLINDRICAL_SURFACE('',#8212,0.4);
#358=CYLINDRICAL_SURFACE('',#8220,0.4);
#359=CYLINDRICAL_SURFACE('',#8226,0.4);
#360=CYLINDRICAL_SURFACE('',#8227,0.4);
#361=CYLINDRICAL_SURFACE('',#8234,0.4);
#362=CYLINDRICAL_SURFACE('',#8242,0.4);
#363=CYLINDRICAL_SURFACE('',#8245,0.4);
#364=CYLINDRICAL_SURFACE('',#8247,0.4);
#365=FACE_OUTER_BOUND('',#784,.T.);
#366=FACE_OUTER_BOUND('',#785,.T.);
#367=FACE_OUTER_BOUND('',#786,.T.);
#368=FACE_OUTER_BOUND('',#787,.T.);
#369=FACE_OUTER_BOUND('',#788,.T.);
#370=FACE_OUTER_BOUND('',#789,.T.);
#371=FACE_OUTER_BOUND('',#790,.T.);
#372=FACE_OUTER_BOUND('',#791,.T.);
#373=FACE_OUTER_BOUND('',#792,.T.);
#374=FACE_OUTER_BOUND('',#793,.T.);
#375=FACE_OUTER_BOUND('',#794,.T.);
#376=FACE_OUTER_BOUND('',#795,.T.);
#377=FACE_OUTER_BOUND('',#796,.T.);
#378=FACE_OUTER_BOUND('',#797,.T.);
#379=FACE_OUTER_BOUND('',#798,.T.);
#380=FACE_OUTER_BOUND('',#799,.T.);
#381=FACE_OUTER_BOUND('',#800,.T.);
#382=FACE_OUTER_BOUND('',#801,.T.);
#383=FACE_OUTER_BOUND('',#802,.T.);
#384=FACE_OUTER_BOUND('',#803,.T.);
#385=FACE_OUTER_BOUND('',#804,.T.);
#386=FACE_OUTER_BOUND('',#805,.T.);
#387=FACE_OUTER_BOUND('',#806,.T.);
#388=FACE_OUTER_BOUND('',#807,.T.);
#389=FACE_OUTER_BOUND('',#808,.T.);
#390=FACE_OUTER_BOUND('',#809,.T.);
#391=FACE_OUTER_BOUND('',#810,.T.);
#392=FACE_OUTER_BOUND('',#811,.T.);
#393=FACE_OUTER_BOUND('',#812,.T.);
#394=FACE_OUTER_BOUND('',#813,.T.);
#395=FACE_OUTER_BOUND('',#814,.T.);
#396=FACE_OUTER_BOUND('',#815,.T.);
#397=FACE_OUTER_BOUND('',#816,.T.);
#398=FACE_OUTER_BOUND('',#817,.T.);
#399=FACE_OUTER_BOUND('',#818,.T.);
#400=FACE_OUTER_BOUND('',#819,.T.);
#401=FACE_OUTER_BOUND('',#820,.T.);
#402=FACE_OUTER_BOUND('',#821,.T.);
#403=FACE_OUTER_BOUND('',#822,.T.);
#404=FACE_OUTER_BOUND('',#823,.T.);
#405=FACE_OUTER_BOUND('',#824,.T.);
#406=FACE_OUTER_BOUND('',#825,.T.);
#407=FACE_OUTER_BOUND('',#826,.T.);
#408=FACE_OUTER_BOUND('',#827,.T.);
#409=FACE_OUTER_BOUND('',#828,.T.);
#410=FACE_OUTER_BOUND('',#829,.T.);
#411=FACE_OUTER_BOUND('',#830,.T.);
#412=FACE_OUTER_BOUND('',#831,.T.);
#413=FACE_OUTER_BOUND('',#832,.T.);
#414=FACE_OUTER_BOUND('',#833,.T.);
#415=FACE_OUTER_BOUND('',#834,.T.);
#416=FACE_OUTER_BOUND('',#835,.T.);
#417=FACE_OUTER_BOUND('',#836,.T.);
#418=FACE_OUTER_BOUND('',#837,.T.);
#419=FACE_OUTER_BOUND('',#838,.T.);
#420=FACE_OUTER_BOUND('',#839,.T.);
#421=FACE_OUTER_BOUND('',#840,.T.);
#422=FACE_OUTER_BOUND('',#841,.T.);
#423=FACE_OUTER_BOUND('',#842,.T.);
#424=FACE_OUTER_BOUND('',#843,.T.);
#425=FACE_OUTER_BOUND('',#844,.T.);
#426=FACE_OUTER_BOUND('',#845,.T.);
#427=FACE_OUTER_BOUND('',#846,.T.);
#428=FACE_OUTER_BOUND('',#847,.T.);
#429=FACE_OUTER_BOUND('',#848,.T.);
#430=FACE_OUTER_BOUND('',#849,.T.);
#431=FACE_OUTER_BOUND('',#850,.T.);
#432=FACE_OUTER_BOUND('',#851,.T.);
#433=FACE_OUTER_BOUND('',#852,.T.);
#434=FACE_OUTER_BOUND('',#853,.T.);
#435=FACE_OUTER_BOUND('',#854,.T.);
#436=FACE_OUTER_BOUND('',#871,.T.);
#437=FACE_OUTER_BOUND('',#888,.T.);
#438=FACE_OUTER_BOUND('',#889,.T.);
#439=FACE_OUTER_BOUND('',#890,.T.);
#440=FACE_OUTER_BOUND('',#891,.T.);
#441=FACE_OUTER_BOUND('',#892,.T.);
#442=FACE_OUTER_BOUND('',#893,.T.);
#443=FACE_OUTER_BOUND('',#894,.T.);
#444=FACE_OUTER_BOUND('',#895,.T.);
#445=FACE_OUTER_BOUND('',#896,.T.);
#446=FACE_OUTER_BOUND('',#897,.T.);
#447=FACE_OUTER_BOUND('',#898,.T.);
#448=FACE_OUTER_BOUND('',#899,.T.);
#449=FACE_OUTER_BOUND('',#900,.T.);
#450=FACE_OUTER_BOUND('',#901,.T.);
#451=FACE_OUTER_BOUND('',#902,.T.);
#452=FACE_OUTER_BOUND('',#903,.T.);
#453=FACE_OUTER_BOUND('',#904,.T.);
#454=FACE_OUTER_BOUND('',#905,.T.);
#455=FACE_OUTER_BOUND('',#906,.T.);
#456=FACE_OUTER_BOUND('',#907,.T.);
#457=FACE_OUTER_BOUND('',#908,.T.);
#458=FACE_OUTER_BOUND('',#909,.T.);
#459=FACE_OUTER_BOUND('',#910,.T.);
#460=FACE_OUTER_BOUND('',#911,.T.);
#461=FACE_OUTER_BOUND('',#912,.T.);
#462=FACE_OUTER_BOUND('',#913,.T.);
#463=FACE_OUTER_BOUND('',#914,.T.);
#464=FACE_OUTER_BOUND('',#915,.T.);
#465=FACE_OUTER_BOUND('',#916,.T.);
#466=FACE_OUTER_BOUND('',#917,.T.);
#467=FACE_OUTER_BOUND('',#918,.T.);
#468=FACE_OUTER_BOUND('',#919,.T.);
#469=FACE_OUTER_BOUND('',#920,.T.);
#470=FACE_OUTER_BOUND('',#921,.T.);
#471=FACE_OUTER_BOUND('',#922,.T.);
#472=FACE_OUTER_BOUND('',#923,.T.);
#473=FACE_OUTER_BOUND('',#924,.T.);
#474=FACE_OUTER_BOUND('',#925,.T.);
#475=FACE_OUTER_BOUND('',#926,.T.);
#476=FACE_OUTER_BOUND('',#927,.T.);
#477=FACE_OUTER_BOUND('',#928,.T.);
#478=FACE_OUTER_BOUND('',#929,.T.);
#479=FACE_OUTER_BOUND('',#930,.T.);
#480=FACE_OUTER_BOUND('',#931,.T.);
#481=FACE_OUTER_BOUND('',#932,.T.);
#482=FACE_OUTER_BOUND('',#933,.T.);
#483=FACE_OUTER_BOUND('',#934,.T.);
#484=FACE_OUTER_BOUND('',#935,.T.);
#485=FACE_OUTER_BOUND('',#936,.T.);
#486=FACE_OUTER_BOUND('',#937,.T.);
#487=FACE_OUTER_BOUND('',#938,.T.);
#488=FACE_OUTER_BOUND('',#939,.T.);
#489=FACE_OUTER_BOUND('',#940,.T.);
#490=FACE_OUTER_BOUND('',#941,.T.);
#491=FACE_OUTER_BOUND('',#942,.T.);
#492=FACE_OUTER_BOUND('',#943,.T.);
#493=FACE_OUTER_BOUND('',#944,.T.);
#494=FACE_OUTER_BOUND('',#945,.T.);
#495=FACE_OUTER_BOUND('',#946,.T.);
#496=FACE_OUTER_BOUND('',#947,.T.);
#497=FACE_OUTER_BOUND('',#948,.T.);
#498=FACE_OUTER_BOUND('',#949,.T.);
#499=FACE_OUTER_BOUND('',#950,.T.);
#500=FACE_OUTER_BOUND('',#951,.T.);
#501=FACE_OUTER_BOUND('',#952,.T.);
#502=FACE_OUTER_BOUND('',#953,.T.);
#503=FACE_OUTER_BOUND('',#954,.T.);
#504=FACE_OUTER_BOUND('',#955,.T.);
#505=FACE_OUTER_BOUND('',#956,.T.);
#506=FACE_OUTER_BOUND('',#957,.T.);
#507=FACE_OUTER_BOUND('',#958,.T.);
#508=FACE_OUTER_BOUND('',#959,.T.);
#509=FACE_OUTER_BOUND('',#960,.T.);
#510=FACE_OUTER_BOUND('',#961,.T.);
#511=FACE_OUTER_BOUND('',#962,.T.);
#512=FACE_OUTER_BOUND('',#963,.T.);
#513=FACE_OUTER_BOUND('',#964,.T.);
#514=FACE_OUTER_BOUND('',#965,.T.);
#515=FACE_OUTER_BOUND('',#966,.T.);
#516=FACE_OUTER_BOUND('',#967,.T.);
#517=FACE_OUTER_BOUND('',#968,.T.);
#518=FACE_OUTER_BOUND('',#969,.T.);
#519=FACE_OUTER_BOUND('',#970,.T.);
#520=FACE_OUTER_BOUND('',#971,.T.);
#521=FACE_OUTER_BOUND('',#972,.T.);
#522=FACE_OUTER_BOUND('',#973,.T.);
#523=FACE_OUTER_BOUND('',#974,.T.);
#524=FACE_OUTER_BOUND('',#975,.T.);
#525=FACE_OUTER_BOUND('',#976,.T.);
#526=FACE_OUTER_BOUND('',#977,.T.);
#527=FACE_OUTER_BOUND('',#978,.T.);
#528=FACE_OUTER_BOUND('',#979,.T.);
#529=FACE_OUTER_BOUND('',#980,.T.);
#530=FACE_OUTER_BOUND('',#981,.T.);
#531=FACE_OUTER_BOUND('',#982,.T.);
#532=FACE_OUTER_BOUND('',#983,.T.);
#533=FACE_OUTER_BOUND('',#984,.T.);
#534=FACE_OUTER_BOUND('',#985,.T.);
#535=FACE_OUTER_BOUND('',#987,.T.);
#536=FACE_OUTER_BOUND('',#988,.T.);
#537=FACE_OUTER_BOUND('',#989,.T.);
#538=FACE_OUTER_BOUND('',#990,.T.);
#539=FACE_OUTER_BOUND('',#991,.T.);
#540=FACE_OUTER_BOUND('',#992,.T.);
#541=FACE_OUTER_BOUND('',#993,.T.);
#542=FACE_OUTER_BOUND('',#994,.T.);
#543=FACE_OUTER_BOUND('',#995,.T.);
#544=FACE_OUTER_BOUND('',#996,.T.);
#545=FACE_OUTER_BOUND('',#997,.T.);
#546=FACE_OUTER_BOUND('',#999,.T.);
#547=FACE_OUTER_BOUND('',#1000,.T.);
#548=FACE_OUTER_BOUND('',#1001,.T.);
#549=FACE_OUTER_BOUND('',#1003,.T.);
#550=FACE_OUTER_BOUND('',#1004,.T.);
#551=FACE_OUTER_BOUND('',#1005,.T.);
#552=FACE_OUTER_BOUND('',#1006,.T.);
#553=FACE_OUTER_BOUND('',#1007,.T.);
#554=FACE_OUTER_BOUND('',#1008,.T.);
#555=FACE_OUTER_BOUND('',#1009,.T.);
#556=FACE_OUTER_BOUND('',#1010,.T.);
#557=FACE_OUTER_BOUND('',#1011,.T.);
#558=FACE_OUTER_BOUND('',#1012,.T.);
#559=FACE_OUTER_BOUND('',#1013,.T.);
#560=FACE_OUTER_BOUND('',#1015,.T.);
#561=FACE_OUTER_BOUND('',#1016,.T.);
#562=FACE_OUTER_BOUND('',#1017,.T.);
#563=FACE_OUTER_BOUND('',#1018,.T.);
#564=FACE_OUTER_BOUND('',#1019,.T.);
#565=FACE_OUTER_BOUND('',#1020,.T.);
#566=FACE_OUTER_BOUND('',#1021,.T.);
#567=FACE_OUTER_BOUND('',#1022,.T.);
#568=FACE_OUTER_BOUND('',#1023,.T.);
#569=FACE_OUTER_BOUND('',#1024,.T.);
#570=FACE_OUTER_BOUND('',#1025,.T.);
#571=FACE_OUTER_BOUND('',#1026,.T.);
#572=FACE_OUTER_BOUND('',#1027,.T.);
#573=FACE_OUTER_BOUND('',#1028,.T.);
#574=FACE_OUTER_BOUND('',#1029,.T.);
#575=FACE_OUTER_BOUND('',#1030,.T.);
#576=FACE_OUTER_BOUND('',#1031,.T.);
#577=FACE_OUTER_BOUND('',#1032,.T.);
#578=FACE_OUTER_BOUND('',#1033,.T.);
#579=FACE_OUTER_BOUND('',#1034,.T.);
#580=FACE_OUTER_BOUND('',#1035,.T.);
#581=FACE_OUTER_BOUND('',#1036,.T.);
#582=FACE_OUTER_BOUND('',#1037,.T.);
#583=FACE_OUTER_BOUND('',#1038,.T.);
#584=FACE_OUTER_BOUND('',#1039,.T.);
#585=FACE_OUTER_BOUND('',#1040,.T.);
#586=FACE_OUTER_BOUND('',#1041,.T.);
#587=FACE_OUTER_BOUND('',#1042,.T.);
#588=FACE_OUTER_BOUND('',#1043,.T.);
#589=FACE_OUTER_BOUND('',#1044,.T.);
#590=FACE_OUTER_BOUND('',#1046,.T.);
#591=FACE_OUTER_BOUND('',#1047,.T.);
#592=FACE_OUTER_BOUND('',#1048,.T.);
#593=FACE_OUTER_BOUND('',#1049,.T.);
#594=FACE_OUTER_BOUND('',#1050,.T.);
#595=FACE_OUTER_BOUND('',#1051,.T.);
#596=FACE_OUTER_BOUND('',#1052,.T.);
#597=FACE_OUTER_BOUND('',#1053,.T.);
#598=FACE_OUTER_BOUND('',#1054,.T.);
#599=FACE_OUTER_BOUND('',#1055,.T.);
#600=FACE_OUTER_BOUND('',#1056,.T.);
#601=FACE_OUTER_BOUND('',#1058,.T.);
#602=FACE_OUTER_BOUND('',#1059,.T.);
#603=FACE_OUTER_BOUND('',#1060,.T.);
#604=FACE_OUTER_BOUND('',#1061,.T.);
#605=FACE_OUTER_BOUND('',#1063,.T.);
#606=FACE_OUTER_BOUND('',#1064,.T.);
#607=FACE_OUTER_BOUND('',#1066,.T.);
#608=FACE_OUTER_BOUND('',#1067,.T.);
#609=FACE_OUTER_BOUND('',#1068,.T.);
#610=FACE_OUTER_BOUND('',#1069,.T.);
#611=FACE_OUTER_BOUND('',#1070,.T.);
#612=FACE_OUTER_BOUND('',#1071,.T.);
#613=FACE_OUTER_BOUND('',#1072,.T.);
#614=FACE_OUTER_BOUND('',#1073,.T.);
#615=FACE_OUTER_BOUND('',#1074,.T.);
#616=FACE_OUTER_BOUND('',#1075,.T.);
#617=FACE_OUTER_BOUND('',#1076,.T.);
#618=FACE_OUTER_BOUND('',#1078,.T.);
#619=FACE_OUTER_BOUND('',#1079,.T.);
#620=FACE_OUTER_BOUND('',#1080,.T.);
#621=FACE_OUTER_BOUND('',#1081,.T.);
#622=FACE_OUTER_BOUND('',#1082,.T.);
#623=FACE_OUTER_BOUND('',#1083,.T.);
#624=FACE_OUTER_BOUND('',#1084,.T.);
#625=FACE_OUTER_BOUND('',#1086,.T.);
#626=FACE_OUTER_BOUND('',#1087,.T.);
#627=FACE_OUTER_BOUND('',#1088,.T.);
#628=FACE_OUTER_BOUND('',#1089,.T.);
#629=FACE_OUTER_BOUND('',#1090,.T.);
#630=FACE_OUTER_BOUND('',#1091,.T.);
#631=FACE_OUTER_BOUND('',#1092,.T.);
#632=FACE_OUTER_BOUND('',#1094,.T.);
#633=FACE_OUTER_BOUND('',#1095,.T.);
#634=FACE_OUTER_BOUND('',#1096,.T.);
#635=FACE_OUTER_BOUND('',#1097,.T.);
#636=FACE_OUTER_BOUND('',#1098,.T.);
#637=FACE_OUTER_BOUND('',#1099,.T.);
#638=FACE_OUTER_BOUND('',#1100,.T.);
#639=FACE_OUTER_BOUND('',#1101,.T.);
#640=FACE_OUTER_BOUND('',#1102,.T.);
#641=FACE_OUTER_BOUND('',#1103,.T.);
#642=FACE_OUTER_BOUND('',#1104,.T.);
#643=FACE_OUTER_BOUND('',#1106,.T.);
#644=FACE_OUTER_BOUND('',#1107,.T.);
#645=FACE_OUTER_BOUND('',#1108,.T.);
#646=FACE_OUTER_BOUND('',#1109,.T.);
#647=FACE_OUTER_BOUND('',#1111,.T.);
#648=FACE_OUTER_BOUND('',#1112,.T.);
#649=FACE_OUTER_BOUND('',#1113,.T.);
#650=FACE_OUTER_BOUND('',#1114,.T.);
#651=FACE_OUTER_BOUND('',#1116,.T.);
#652=FACE_OUTER_BOUND('',#1117,.T.);
#653=FACE_OUTER_BOUND('',#1118,.T.);
#654=FACE_OUTER_BOUND('',#1119,.T.);
#655=FACE_OUTER_BOUND('',#1120,.T.);
#656=FACE_OUTER_BOUND('',#1121,.T.);
#657=FACE_OUTER_BOUND('',#1122,.T.);
#658=FACE_OUTER_BOUND('',#1123,.T.);
#659=FACE_OUTER_BOUND('',#1124,.T.);
#660=FACE_OUTER_BOUND('',#1125,.T.);
#661=FACE_OUTER_BOUND('',#1127,.T.);
#662=FACE_OUTER_BOUND('',#1128,.T.);
#663=FACE_OUTER_BOUND('',#1129,.T.);
#664=FACE_OUTER_BOUND('',#1130,.T.);
#665=FACE_OUTER_BOUND('',#1131,.T.);
#666=FACE_OUTER_BOUND('',#1132,.T.);
#667=FACE_OUTER_BOUND('',#1134,.T.);
#668=FACE_OUTER_BOUND('',#1135,.T.);
#669=FACE_OUTER_BOUND('',#1136,.T.);
#670=FACE_OUTER_BOUND('',#1137,.T.);
#671=FACE_OUTER_BOUND('',#1138,.T.);
#672=FACE_OUTER_BOUND('',#1139,.T.);
#673=FACE_OUTER_BOUND('',#1140,.T.);
#674=FACE_OUTER_BOUND('',#1141,.T.);
#675=FACE_OUTER_BOUND('',#1143,.T.);
#676=FACE_OUTER_BOUND('',#1144,.T.);
#677=FACE_OUTER_BOUND('',#1145,.T.);
#678=FACE_OUTER_BOUND('',#1146,.T.);
#679=FACE_OUTER_BOUND('',#1147,.T.);
#680=FACE_OUTER_BOUND('',#1149,.T.);
#681=FACE_OUTER_BOUND('',#1150,.T.);
#682=FACE_OUTER_BOUND('',#1151,.T.);
#683=FACE_OUTER_BOUND('',#1152,.T.);
#684=FACE_OUTER_BOUND('',#1153,.T.);
#685=FACE_OUTER_BOUND('',#1154,.T.);
#686=FACE_OUTER_BOUND('',#1155,.T.);
#687=FACE_OUTER_BOUND('',#1156,.T.);
#688=FACE_OUTER_BOUND('',#1157,.T.);
#689=FACE_OUTER_BOUND('',#1159,.T.);
#690=FACE_OUTER_BOUND('',#1160,.T.);
#691=FACE_OUTER_BOUND('',#1161,.T.);
#692=FACE_OUTER_BOUND('',#1162,.T.);
#693=FACE_OUTER_BOUND('',#1163,.T.);
#694=FACE_OUTER_BOUND('',#1164,.T.);
#695=FACE_OUTER_BOUND('',#1165,.T.);
#696=FACE_OUTER_BOUND('',#1166,.T.);
#697=FACE_OUTER_BOUND('',#1167,.T.);
#698=FACE_OUTER_BOUND('',#1168,.T.);
#699=FACE_OUTER_BOUND('',#1169,.T.);
#700=FACE_OUTER_BOUND('',#1171,.T.);
#701=FACE_OUTER_BOUND('',#1172,.T.);
#702=FACE_OUTER_BOUND('',#1173,.T.);
#703=FACE_OUTER_BOUND('',#1175,.T.);
#704=FACE_OUTER_BOUND('',#1176,.T.);
#705=FACE_OUTER_BOUND('',#1177,.T.);
#706=FACE_OUTER_BOUND('',#1179,.T.);
#707=FACE_OUTER_BOUND('',#1180,.T.);
#708=FACE_OUTER_BOUND('',#1181,.T.);
#709=FACE_OUTER_BOUND('',#1182,.T.);
#710=FACE_OUTER_BOUND('',#1183,.T.);
#711=FACE_OUTER_BOUND('',#1184,.T.);
#712=FACE_OUTER_BOUND('',#1185,.T.);
#713=FACE_OUTER_BOUND('',#1186,.T.);
#714=FACE_OUTER_BOUND('',#1187,.T.);
#715=FACE_OUTER_BOUND('',#1188,.T.);
#716=FACE_OUTER_BOUND('',#1189,.T.);
#717=FACE_OUTER_BOUND('',#1191,.T.);
#718=FACE_OUTER_BOUND('',#1192,.T.);
#719=FACE_OUTER_BOUND('',#1193,.T.);
#720=FACE_OUTER_BOUND('',#1195,.T.);
#721=FACE_OUTER_BOUND('',#1196,.T.);
#722=FACE_OUTER_BOUND('',#1197,.T.);
#723=FACE_OUTER_BOUND('',#1198,.T.);
#724=FACE_OUTER_BOUND('',#1199,.T.);
#725=FACE_OUTER_BOUND('',#1200,.T.);
#726=FACE_OUTER_BOUND('',#1201,.T.);
#727=FACE_OUTER_BOUND('',#1202,.T.);
#728=FACE_OUTER_BOUND('',#1203,.T.);
#729=FACE_OUTER_BOUND('',#1204,.T.);
#730=FACE_OUTER_BOUND('',#1205,.T.);
#731=FACE_OUTER_BOUND('',#1207,.T.);
#732=FACE_OUTER_BOUND('',#1208,.T.);
#733=FACE_OUTER_BOUND('',#1209,.T.);
#734=FACE_OUTER_BOUND('',#1211,.T.);
#735=FACE_OUTER_BOUND('',#1212,.T.);
#736=FACE_OUTER_BOUND('',#1213,.T.);
#737=FACE_OUTER_BOUND('',#1214,.T.);
#738=FACE_OUTER_BOUND('',#1215,.T.);
#739=FACE_OUTER_BOUND('',#1216,.T.);
#740=FACE_OUTER_BOUND('',#1217,.T.);
#741=FACE_OUTER_BOUND('',#1218,.T.);
#742=FACE_OUTER_BOUND('',#1219,.T.);
#743=FACE_OUTER_BOUND('',#1220,.T.);
#744=FACE_OUTER_BOUND('',#1222,.T.);
#745=FACE_OUTER_BOUND('',#1223,.T.);
#746=FACE_OUTER_BOUND('',#1224,.T.);
#747=FACE_OUTER_BOUND('',#1225,.T.);
#748=FACE_OUTER_BOUND('',#1226,.T.);
#749=FACE_OUTER_BOUND('',#1228,.T.);
#750=FACE_OUTER_BOUND('',#1229,.T.);
#751=FACE_OUTER_BOUND('',#1230,.T.);
#752=FACE_OUTER_BOUND('',#1231,.T.);
#753=FACE_OUTER_BOUND('',#1232,.T.);
#754=FACE_OUTER_BOUND('',#1233,.T.);
#755=FACE_OUTER_BOUND('',#1234,.T.);
#756=FACE_OUTER_BOUND('',#1235,.T.);
#757=FACE_OUTER_BOUND('',#1236,.T.);
#758=FACE_OUTER_BOUND('',#1237,.T.);
#759=FACE_OUTER_BOUND('',#1239,.T.);
#760=FACE_OUTER_BOUND('',#1240,.T.);
#761=FACE_OUTER_BOUND('',#1242,.T.);
#762=FACE_OUTER_BOUND('',#1243,.T.);
#763=FACE_OUTER_BOUND('',#1244,.T.);
#764=FACE_OUTER_BOUND('',#1245,.T.);
#765=FACE_OUTER_BOUND('',#1246,.T.);
#766=FACE_OUTER_BOUND('',#1247,.T.);
#767=FACE_OUTER_BOUND('',#1248,.T.);
#768=FACE_OUTER_BOUND('',#1249,.T.);
#769=FACE_OUTER_BOUND('',#1250,.T.);
#770=FACE_OUTER_BOUND('',#1251,.T.);
#771=FACE_OUTER_BOUND('',#1252,.T.);
#772=FACE_OUTER_BOUND('',#1253,.T.);
#773=FACE_OUTER_BOUND('',#1255,.T.);
#774=FACE_OUTER_BOUND('',#1256,.T.);
#775=FACE_OUTER_BOUND('',#1257,.T.);
#776=FACE_OUTER_BOUND('',#1258,.T.);
#777=FACE_OUTER_BOUND('',#1259,.T.);
#778=FACE_OUTER_BOUND('',#1260,.T.);
#779=FACE_OUTER_BOUND('',#1262,.T.);
#780=FACE_OUTER_BOUND('',#1263,.T.);
#781=FACE_OUTER_BOUND('',#1264,.T.);
#782=FACE_OUTER_BOUND('',#1265,.T.);
#783=FACE_OUTER_BOUND('',#1266,.T.);
#784=EDGE_LOOP('',(#4796,#4797,#4798,#4799));
#785=EDGE_LOOP('',(#4800,#4801,#4802,#4803));
#786=EDGE_LOOP('',(#4804,#4805,#4806,#4807));
#787=EDGE_LOOP('',(#4808,#4809,#4810,#4811));
#788=EDGE_LOOP('',(#4812,#4813,#4814,#4815));
#789=EDGE_LOOP('',(#4816,#4817,#4818,#4819));
#790=EDGE_LOOP('',(#4820,#4821,#4822,#4823));
#791=EDGE_LOOP('',(#4824,#4825,#4826,#4827));
#792=EDGE_LOOP('',(#4828,#4829,#4830,#4831));
#793=EDGE_LOOP('',(#4832,#4833,#4834,#4835));
#794=EDGE_LOOP('',(#4836,#4837,#4838,#4839));
#795=EDGE_LOOP('',(#4840,#4841,#4842,#4843));
#796=EDGE_LOOP('',(#4844,#4845,#4846,#4847));
#797=EDGE_LOOP('',(#4848,#4849,#4850,#4851));
#798=EDGE_LOOP('',(#4852,#4853,#4854,#4855));
#799=EDGE_LOOP('',(#4856,#4857,#4858,#4859));
#800=EDGE_LOOP('',(#4860,#4861,#4862,#4863));
#801=EDGE_LOOP('',(#4864,#4865,#4866,#4867));
#802=EDGE_LOOP('',(#4868,#4869,#4870,#4871));
#803=EDGE_LOOP('',(#4872,#4873,#4874,#4875));
#804=EDGE_LOOP('',(#4876,#4877,#4878,#4879));
#805=EDGE_LOOP('',(#4880,#4881,#4882,#4883));
#806=EDGE_LOOP('',(#4884,#4885,#4886,#4887));
#807=EDGE_LOOP('',(#4888,#4889,#4890,#4891));
#808=EDGE_LOOP('',(#4892,#4893,#4894,#4895));
#809=EDGE_LOOP('',(#4896,#4897,#4898,#4899));
#810=EDGE_LOOP('',(#4900,#4901,#4902,#4903));
#811=EDGE_LOOP('',(#4904,#4905,#4906,#4907));
#812=EDGE_LOOP('',(#4908,#4909,#4910,#4911));
#813=EDGE_LOOP('',(#4912,#4913,#4914,#4915));
#814=EDGE_LOOP('',(#4916,#4917,#4918,#4919));
#815=EDGE_LOOP('',(#4920,#4921,#4922,#4923));
#816=EDGE_LOOP('',(#4924,#4925,#4926,#4927));
#817=EDGE_LOOP('',(#4928,#4929,#4930,#4931));
#818=EDGE_LOOP('',(#4932,#4933,#4934,#4935));
#819=EDGE_LOOP('',(#4936,#4937,#4938,#4939));
#820=EDGE_LOOP('',(#4940,#4941,#4942,#4943));
#821=EDGE_LOOP('',(#4944,#4945,#4946,#4947));
#822=EDGE_LOOP('',(#4948,#4949,#4950,#4951));
#823=EDGE_LOOP('',(#4952,#4953,#4954,#4955));
#824=EDGE_LOOP('',(#4956,#4957,#4958,#4959));
#825=EDGE_LOOP('',(#4960,#4961,#4962,#4963));
#826=EDGE_LOOP('',(#4964,#4965,#4966,#4967));
#827=EDGE_LOOP('',(#4968,#4969,#4970,#4971));
#828=EDGE_LOOP('',(#4972,#4973,#4974,#4975));
#829=EDGE_LOOP('',(#4976,#4977,#4978,#4979));
#830=EDGE_LOOP('',(#4980,#4981,#4982,#4983));
#831=EDGE_LOOP('',(#4984,#4985,#4986,#4987));
#832=EDGE_LOOP('',(#4988,#4989,#4990,#4991));
#833=EDGE_LOOP('',(#4992,#4993,#4994,#4995));
#834=EDGE_LOOP('',(#4996,#4997,#4998,#4999));
#835=EDGE_LOOP('',(#5000,#5001,#5002,#5003));
#836=EDGE_LOOP('',(#5004,#5005,#5006,#5007));
#837=EDGE_LOOP('',(#5008,#5009,#5010,#5011));
#838=EDGE_LOOP('',(#5012,#5013,#5014,#5015));
#839=EDGE_LOOP('',(#5016,#5017,#5018,#5019));
#840=EDGE_LOOP('',(#5020,#5021,#5022,#5023));
#841=EDGE_LOOP('',(#5024,#5025,#5026,#5027));
#842=EDGE_LOOP('',(#5028,#5029,#5030,#5031));
#843=EDGE_LOOP('',(#5032,#5033,#5034,#5035));
#844=EDGE_LOOP('',(#5036,#5037,#5038,#5039));
#845=EDGE_LOOP('',(#5040,#5041,#5042,#5043));
#846=EDGE_LOOP('',(#5044,#5045,#5046,#5047));
#847=EDGE_LOOP('',(#5048,#5049,#5050,#5051));
#848=EDGE_LOOP('',(#5052,#5053,#5054,#5055));
#849=EDGE_LOOP('',(#5056,#5057,#5058,#5059));
#850=EDGE_LOOP('',(#5060,#5061,#5062,#5063));
#851=EDGE_LOOP('',(#5064,#5065,#5066,#5067));
#852=EDGE_LOOP('',(#5068,#5069,#5070,#5071));
#853=EDGE_LOOP('',(#5072,#5073,#5074,#5075));
#854=EDGE_LOOP('',(#5076,#5077,#5078,#5079,#5080,#5081));
#855=EDGE_LOOP('',(#5082,#5083,#5084,#5085));
#856=EDGE_LOOP('',(#5086,#5087,#5088,#5089));
#857=EDGE_LOOP('',(#5090,#5091,#5092,#5093));
#858=EDGE_LOOP('',(#5094,#5095,#5096,#5097));
#859=EDGE_LOOP('',(#5098,#5099,#5100,#5101));
#860=EDGE_LOOP('',(#5102,#5103,#5104,#5105));
#861=EDGE_LOOP('',(#5106,#5107,#5108,#5109));
#862=EDGE_LOOP('',(#5110,#5111,#5112,#5113));
#863=EDGE_LOOP('',(#5114,#5115,#5116,#5117));
#864=EDGE_LOOP('',(#5118,#5119,#5120,#5121));
#865=EDGE_LOOP('',(#5122,#5123,#5124,#5125));
#866=EDGE_LOOP('',(#5126,#5127,#5128,#5129));
#867=EDGE_LOOP('',(#5130,#5131,#5132,#5133));
#868=EDGE_LOOP('',(#5134,#5135,#5136,#5137));
#869=EDGE_LOOP('',(#5138,#5139,#5140,#5141));
#870=EDGE_LOOP('',(#5142,#5143,#5144,#5145));
#871=EDGE_LOOP('',(#5146,#5147,#5148,#5149,#5150,#5151));
#872=EDGE_LOOP('',(#5152,#5153,#5154,#5155));
#873=EDGE_LOOP('',(#5156,#5157,#5158,#5159));
#874=EDGE_LOOP('',(#5160,#5161,#5162,#5163));
#875=EDGE_LOOP('',(#5164,#5165,#5166,#5167));
#876=EDGE_LOOP('',(#5168,#5169,#5170,#5171));
#877=EDGE_LOOP('',(#5172,#5173,#5174,#5175));
#878=EDGE_LOOP('',(#5176,#5177,#5178,#5179));
#879=EDGE_LOOP('',(#5180,#5181,#5182,#5183));
#880=EDGE_LOOP('',(#5184,#5185,#5186,#5187));
#881=EDGE_LOOP('',(#5188,#5189,#5190,#5191));
#882=EDGE_LOOP('',(#5192,#5193,#5194,#5195));
#883=EDGE_LOOP('',(#5196,#5197,#5198,#5199));
#884=EDGE_LOOP('',(#5200,#5201,#5202,#5203));
#885=EDGE_LOOP('',(#5204,#5205,#5206,#5207));
#886=EDGE_LOOP('',(#5208,#5209,#5210,#5211));
#887=EDGE_LOOP('',(#5212,#5213,#5214,#5215));
#888=EDGE_LOOP('',(#5216,#5217,#5218,#5219));
#889=EDGE_LOOP('',(#5220,#5221,#5222,#5223));
#890=EDGE_LOOP('',(#5224,#5225,#5226,#5227));
#891=EDGE_LOOP('',(#5228,#5229,#5230,#5231));
#892=EDGE_LOOP('',(#5232,#5233,#5234,#5235));
#893=EDGE_LOOP('',(#5236,#5237,#5238,#5239));
#894=EDGE_LOOP('',(#5240,#5241,#5242,#5243));
#895=EDGE_LOOP('',(#5244,#5245,#5246,#5247));
#896=EDGE_LOOP('',(#5248,#5249,#5250,#5251));
#897=EDGE_LOOP('',(#5252,#5253,#5254,#5255));
#898=EDGE_LOOP('',(#5256,#5257,#5258,#5259));
#899=EDGE_LOOP('',(#5260,#5261,#5262,#5263));
#900=EDGE_LOOP('',(#5264,#5265,#5266,#5267));
#901=EDGE_LOOP('',(#5268,#5269,#5270,#5271));
#902=EDGE_LOOP('',(#5272,#5273,#5274,#5275));
#903=EDGE_LOOP('',(#5276,#5277,#5278,#5279));
#904=EDGE_LOOP('',(#5280,#5281,#5282,#5283));
#905=EDGE_LOOP('',(#5284,#5285,#5286,#5287));
#906=EDGE_LOOP('',(#5288,#5289,#5290,#5291));
#907=EDGE_LOOP('',(#5292,#5293,#5294,#5295));
#908=EDGE_LOOP('',(#5296,#5297,#5298,#5299));
#909=EDGE_LOOP('',(#5300,#5301,#5302,#5303));
#910=EDGE_LOOP('',(#5304,#5305,#5306,#5307));
#911=EDGE_LOOP('',(#5308,#5309,#5310,#5311));
#912=EDGE_LOOP('',(#5312,#5313,#5314,#5315));
#913=EDGE_LOOP('',(#5316,#5317,#5318,#5319));
#914=EDGE_LOOP('',(#5320,#5321,#5322,#5323));
#915=EDGE_LOOP('',(#5324,#5325,#5326,#5327));
#916=EDGE_LOOP('',(#5328,#5329,#5330,#5331));
#917=EDGE_LOOP('',(#5332,#5333,#5334,#5335));
#918=EDGE_LOOP('',(#5336,#5337,#5338,#5339));
#919=EDGE_LOOP('',(#5340,#5341,#5342,#5343));
#920=EDGE_LOOP('',(#5344,#5345,#5346,#5347));
#921=EDGE_LOOP('',(#5348,#5349,#5350,#5351));
#922=EDGE_LOOP('',(#5352,#5353,#5354,#5355));
#923=EDGE_LOOP('',(#5356,#5357,#5358,#5359));
#924=EDGE_LOOP('',(#5360,#5361,#5362,#5363));
#925=EDGE_LOOP('',(#5364,#5365,#5366,#5367));
#926=EDGE_LOOP('',(#5368,#5369,#5370,#5371));
#927=EDGE_LOOP('',(#5372,#5373,#5374,#5375));
#928=EDGE_LOOP('',(#5376,#5377,#5378,#5379));
#929=EDGE_LOOP('',(#5380,#5381,#5382,#5383));
#930=EDGE_LOOP('',(#5384,#5385,#5386,#5387));
#931=EDGE_LOOP('',(#5388,#5389,#5390,#5391));
#932=EDGE_LOOP('',(#5392,#5393,#5394,#5395));
#933=EDGE_LOOP('',(#5396,#5397,#5398,#5399));
#934=EDGE_LOOP('',(#5400,#5401,#5402,#5403));
#935=EDGE_LOOP('',(#5404,#5405,#5406,#5407));
#936=EDGE_LOOP('',(#5408,#5409,#5410,#5411));
#937=EDGE_LOOP('',(#5412,#5413,#5414,#5415));
#938=EDGE_LOOP('',(#5416,#5417,#5418,#5419));
#939=EDGE_LOOP('',(#5420,#5421,#5422,#5423));
#940=EDGE_LOOP('',(#5424,#5425,#5426,#5427));
#941=EDGE_LOOP('',(#5428,#5429,#5430,#5431));
#942=EDGE_LOOP('',(#5432,#5433,#5434,#5435));
#943=EDGE_LOOP('',(#5436,#5437,#5438,#5439));
#944=EDGE_LOOP('',(#5440,#5441,#5442,#5443));
#945=EDGE_LOOP('',(#5444,#5445,#5446,#5447));
#946=EDGE_LOOP('',(#5448,#5449,#5450,#5451));
#947=EDGE_LOOP('',(#5452,#5453,#5454,#5455));
#948=EDGE_LOOP('',(#5456,#5457,#5458,#5459));
#949=EDGE_LOOP('',(#5460,#5461,#5462,#5463));
#950=EDGE_LOOP('',(#5464,#5465,#5466,#5467));
#951=EDGE_LOOP('',(#5468,#5469,#5470,#5471));
#952=EDGE_LOOP('',(#5472,#5473,#5474,#5475));
#953=EDGE_LOOP('',(#5476,#5477,#5478,#5479));
#954=EDGE_LOOP('',(#5480,#5481,#5482,#5483));
#955=EDGE_LOOP('',(#5484,#5485,#5486,#5487));
#956=EDGE_LOOP('',(#5488,#5489,#5490,#5491));
#957=EDGE_LOOP('',(#5492,#5493,#5494,#5495));
#958=EDGE_LOOP('',(#5496,#5497,#5498,#5499));
#959=EDGE_LOOP('',(#5500,#5501,#5502,#5503));
#960=EDGE_LOOP('',(#5504,#5505,#5506,#5507));
#961=EDGE_LOOP('',(#5508,#5509,#5510,#5511));
#962=EDGE_LOOP('',(#5512,#5513,#5514,#5515));
#963=EDGE_LOOP('',(#5516,#5517,#5518,#5519));
#964=EDGE_LOOP('',(#5520,#5521,#5522,#5523));
#965=EDGE_LOOP('',(#5524,#5525,#5526,#5527));
#966=EDGE_LOOP('',(#5528,#5529,#5530,#5531));
#967=EDGE_LOOP('',(#5532,#5533,#5534,#5535));
#968=EDGE_LOOP('',(#5536,#5537,#5538,#5539));
#969=EDGE_LOOP('',(#5540,#5541,#5542,#5543));
#970=EDGE_LOOP('',(#5544,#5545,#5546,#5547));
#971=EDGE_LOOP('',(#5548,#5549,#5550,#5551));
#972=EDGE_LOOP('',(#5552,#5553,#5554,#5555));
#973=EDGE_LOOP('',(#5556,#5557,#5558,#5559));
#974=EDGE_LOOP('',(#5560,#5561,#5562,#5563));
#975=EDGE_LOOP('',(#5564,#5565,#5566,#5567));
#976=EDGE_LOOP('',(#5568,#5569,#5570,#5571));
#977=EDGE_LOOP('',(#5572,#5573,#5574,#5575));
#978=EDGE_LOOP('',(#5576,#5577,#5578,#5579));
#979=EDGE_LOOP('',(#5580,#5581,#5582,#5583));
#980=EDGE_LOOP('',(#5584,#5585,#5586,#5587));
#981=EDGE_LOOP('',(#5588,#5589,#5590,#5591));
#982=EDGE_LOOP('',(#5592,#5593,#5594,#5595));
#983=EDGE_LOOP('',(#5596,#5597,#5598,#5599));
#984=EDGE_LOOP('',(#5600,#5601,#5602,#5603));
#985=EDGE_LOOP('',(#5604,#5605,#5606,#5607,#5608,#5609,#5610,#5611));
#986=EDGE_LOOP('',(#5612,#5613,#5614,#5615));
#987=EDGE_LOOP('',(#5616,#5617,#5618,#5619));
#988=EDGE_LOOP('',(#5620,#5621,#5622,#5623));
#989=EDGE_LOOP('',(#5624,#5625,#5626,#5627));
#990=EDGE_LOOP('',(#5628,#5629,#5630,#5631));
#991=EDGE_LOOP('',(#5632,#5633,#5634,#5635));
#992=EDGE_LOOP('',(#5636,#5637,#5638,#5639));
#993=EDGE_LOOP('',(#5640,#5641,#5642,#5643));
#994=EDGE_LOOP('',(#5644,#5645,#5646,#5647));
#995=EDGE_LOOP('',(#5648,#5649,#5650,#5651));
#996=EDGE_LOOP('',(#5652,#5653,#5654,#5655));
#997=EDGE_LOOP('',(#5656,#5657,#5658,#5659,#5660,#5661,#5662,#5663));
#998=EDGE_LOOP('',(#5664,#5665,#5666,#5667));
#999=EDGE_LOOP('',(#5668,#5669,#5670,#5671));
#1000=EDGE_LOOP('',(#5672,#5673,#5674,#5675));
#1001=EDGE_LOOP('',(#5676,#5677,#5678,#5679,#5680,#5681,#5682,#5683));
#1002=EDGE_LOOP('',(#5684,#5685,#5686,#5687));
#1003=EDGE_LOOP('',(#5688,#5689,#5690,#5691));
#1004=EDGE_LOOP('',(#5692,#5693,#5694,#5695));
#1005=EDGE_LOOP('',(#5696,#5697,#5698,#5699));
#1006=EDGE_LOOP('',(#5700,#5701,#5702,#5703));
#1007=EDGE_LOOP('',(#5704,#5705,#5706,#5707));
#1008=EDGE_LOOP('',(#5708,#5709,#5710,#5711));
#1009=EDGE_LOOP('',(#5712,#5713,#5714,#5715));
#1010=EDGE_LOOP('',(#5716,#5717,#5718,#5719));
#1011=EDGE_LOOP('',(#5720,#5721,#5722,#5723));
#1012=EDGE_LOOP('',(#5724,#5725,#5726,#5727));
#1013=EDGE_LOOP('',(#5728,#5729,#5730,#5731,#5732,#5733,#5734,#5735));
#1014=EDGE_LOOP('',(#5736,#5737,#5738,#5739));
#1015=EDGE_LOOP('',(#5740,#5741,#5742,#5743));
#1016=EDGE_LOOP('',(#5744,#5745,#5746,#5747));
#1017=EDGE_LOOP('',(#5748,#5749,#5750,#5751,#5752,#5753));
#1018=EDGE_LOOP('',(#5754,#5755,#5756,#5757));
#1019=EDGE_LOOP('',(#5758,#5759,#5760,#5761));
#1020=EDGE_LOOP('',(#5762,#5763,#5764,#5765,#5766,#5767));
#1021=EDGE_LOOP('',(#5768,#5769,#5770,#5771));
#1022=EDGE_LOOP('',(#5772,#5773,#5774,#5775));
#1023=EDGE_LOOP('',(#5776,#5777,#5778,#5779));
#1024=EDGE_LOOP('',(#5780,#5781,#5782,#5783));
#1025=EDGE_LOOP('',(#5784,#5785,#5786,#5787,#5788,#5789));
#1026=EDGE_LOOP('',(#5790,#5791,#5792,#5793));
#1027=EDGE_LOOP('',(#5794,#5795,#5796,#5797));
#1028=EDGE_LOOP('',(#5798,#5799,#5800,#5801));
#1029=EDGE_LOOP('',(#5802,#5803,#5804,#5805,#5806,#5807));
#1030=EDGE_LOOP('',(#5808,#5809,#5810,#5811));
#1031=EDGE_LOOP('',(#5812,#5813,#5814,#5815));
#1032=EDGE_LOOP('',(#5816,#5817,#5818,#5819));
#1033=EDGE_LOOP('',(#5820,#5821,#5822,#5823,#5824,#5825,#5826));
#1034=EDGE_LOOP('',(#5827,#5828,#5829,#5830,#5831,#5832));
#1035=EDGE_LOOP('',(#5833,#5834,#5835,#5836));
#1036=EDGE_LOOP('',(#5837,#5838,#5839,#5840,#5841));
#1037=EDGE_LOOP('',(#5842,#5843,#5844,#5845));
#1038=EDGE_LOOP('',(#5846,#5847,#5848,#5849));
#1039=EDGE_LOOP('',(#5850,#5851,#5852,#5853));
#1040=EDGE_LOOP('',(#5854,#5855,#5856,#5857));
#1041=EDGE_LOOP('',(#5858,#5859,#5860,#5861,#5862));
#1042=EDGE_LOOP('',(#5863,#5864,#5865,#5866,#5867,#5868,#5869));
#1043=EDGE_LOOP('',(#5870,#5871,#5872,#5873));
#1044=EDGE_LOOP('',(#5874,#5875,#5876,#5877,#5878,#5879,#5880,#5881));
#1045=EDGE_LOOP('',(#5882,#5883,#5884,#5885));
#1046=EDGE_LOOP('',(#5886,#5887,#5888,#5889));
#1047=EDGE_LOOP('',(#5890,#5891,#5892,#5893));
#1048=EDGE_LOOP('',(#5894,#5895,#5896,#5897));
#1049=EDGE_LOOP('',(#5898,#5899,#5900,#5901));
#1050=EDGE_LOOP('',(#5902,#5903,#5904,#5905));
#1051=EDGE_LOOP('',(#5906,#5907,#5908,#5909));
#1052=EDGE_LOOP('',(#5910,#5911,#5912,#5913));
#1053=EDGE_LOOP('',(#5914,#5915,#5916,#5917));
#1054=EDGE_LOOP('',(#5918,#5919,#5920,#5921));
#1055=EDGE_LOOP('',(#5922,#5923,#5924,#5925));
#1056=EDGE_LOOP('',(#5926,#5927,#5928,#5929,#5930,#5931,#5932,#5933));
#1057=EDGE_LOOP('',(#5934,#5935,#5936,#5937));
#1058=EDGE_LOOP('',(#5938,#5939,#5940,#5941));
#1059=EDGE_LOOP('',(#5942,#5943,#5944,#5945));
#1060=EDGE_LOOP('',(#5946,#5947,#5948,#5949));
#1061=EDGE_LOOP('',(#5950,#5951,#5952,#5953,#5954,#5955,#5956,#5957));
#1062=EDGE_LOOP('',(#5958,#5959,#5960,#5961));
#1063=EDGE_LOOP('',(#5962,#5963,#5964,#5965));
#1064=EDGE_LOOP('',(#5966,#5967,#5968,#5969,#5970,#5971,#5972,#5973));
#1065=EDGE_LOOP('',(#5974,#5975,#5976,#5977));
#1066=EDGE_LOOP('',(#5978,#5979,#5980,#5981));
#1067=EDGE_LOOP('',(#5982,#5983,#5984,#5985));
#1068=EDGE_LOOP('',(#5986,#5987,#5988,#5989));
#1069=EDGE_LOOP('',(#5990,#5991,#5992,#5993));
#1070=EDGE_LOOP('',(#5994,#5995,#5996,#5997));
#1071=EDGE_LOOP('',(#5998,#5999,#6000,#6001));
#1072=EDGE_LOOP('',(#6002,#6003,#6004,#6005));
#1073=EDGE_LOOP('',(#6006,#6007,#6008,#6009));
#1074=EDGE_LOOP('',(#6010,#6011,#6012,#6013));
#1075=EDGE_LOOP('',(#6014,#6015,#6016,#6017));
#1076=EDGE_LOOP('',(#6018,#6019,#6020,#6021,#6022,#6023,#6024,#6025));
#1077=EDGE_LOOP('',(#6026,#6027,#6028,#6029));
#1078=EDGE_LOOP('',(#6030,#6031,#6032,#6033));
#1079=EDGE_LOOP('',(#6034,#6035,#6036,#6037));
#1080=EDGE_LOOP('',(#6038,#6039,#6040,#6041));
#1081=EDGE_LOOP('',(#6042,#6043,#6044,#6045));
#1082=EDGE_LOOP('',(#6046,#6047,#6048,#6049));
#1083=EDGE_LOOP('',(#6050,#6051,#6052,#6053));
#1084=EDGE_LOOP('',(#6054,#6055,#6056,#6057,#6058,#6059,#6060,#6061));
#1085=EDGE_LOOP('',(#6062,#6063,#6064,#6065));
#1086=EDGE_LOOP('',(#6066,#6067,#6068,#6069));
#1087=EDGE_LOOP('',(#6070,#6071,#6072,#6073));
#1088=EDGE_LOOP('',(#6074,#6075,#6076,#6077));
#1089=EDGE_LOOP('',(#6078,#6079,#6080,#6081));
#1090=EDGE_LOOP('',(#6082,#6083,#6084,#6085));
#1091=EDGE_LOOP('',(#6086,#6087,#6088,#6089));
#1092=EDGE_LOOP('',(#6090,#6091,#6092,#6093,#6094,#6095,#6096,#6097));
#1093=EDGE_LOOP('',(#6098,#6099,#6100,#6101));
#1094=EDGE_LOOP('',(#6102,#6103,#6104,#6105));
#1095=EDGE_LOOP('',(#6106,#6107,#6108,#6109));
#1096=EDGE_LOOP('',(#6110,#6111,#6112,#6113));
#1097=EDGE_LOOP('',(#6114,#6115,#6116,#6117));
#1098=EDGE_LOOP('',(#6118,#6119,#6120,#6121));
#1099=EDGE_LOOP('',(#6122,#6123,#6124,#6125));
#1100=EDGE_LOOP('',(#6126,#6127,#6128,#6129));
#1101=EDGE_LOOP('',(#6130,#6131,#6132,#6133));
#1102=EDGE_LOOP('',(#6134,#6135,#6136,#6137));
#1103=EDGE_LOOP('',(#6138,#6139,#6140,#6141));
#1104=EDGE_LOOP('',(#6142,#6143,#6144,#6145,#6146,#6147,#6148,#6149));
#1105=EDGE_LOOP('',(#6150,#6151,#6152,#6153));
#1106=EDGE_LOOP('',(#6154,#6155,#6156,#6157));
#1107=EDGE_LOOP('',(#6158,#6159,#6160,#6161));
#1108=EDGE_LOOP('',(#6162,#6163,#6164,#6165));
#1109=EDGE_LOOP('',(#6166,#6167,#6168,#6169,#6170,#6171,#6172,#6173));
#1110=EDGE_LOOP('',(#6174,#6175,#6176,#6177));
#1111=EDGE_LOOP('',(#6178,#6179,#6180,#6181));
#1112=EDGE_LOOP('',(#6182,#6183,#6184,#6185));
#1113=EDGE_LOOP('',(#6186,#6187,#6188,#6189));
#1114=EDGE_LOOP('',(#6190,#6191,#6192,#6193,#6194,#6195,#6196,#6197));
#1115=EDGE_LOOP('',(#6198,#6199,#6200,#6201));
#1116=EDGE_LOOP('',(#6202,#6203,#6204,#6205));
#1117=EDGE_LOOP('',(#6206,#6207,#6208,#6209));
#1118=EDGE_LOOP('',(#6210,#6211,#6212,#6213));
#1119=EDGE_LOOP('',(#6214,#6215,#6216,#6217));
#1120=EDGE_LOOP('',(#6218,#6219,#6220,#6221));
#1121=EDGE_LOOP('',(#6222,#6223,#6224,#6225));
#1122=EDGE_LOOP('',(#6226,#6227,#6228,#6229));
#1123=EDGE_LOOP('',(#6230,#6231,#6232,#6233));
#1124=EDGE_LOOP('',(#6234,#6235,#6236,#6237));
#1125=EDGE_LOOP('',(#6238,#6239,#6240,#6241,#6242,#6243,#6244,#6245));
#1126=EDGE_LOOP('',(#6246,#6247,#6248,#6249));
#1127=EDGE_LOOP('',(#6250,#6251,#6252,#6253));
#1128=EDGE_LOOP('',(#6254,#6255,#6256,#6257));
#1129=EDGE_LOOP('',(#6258,#6259,#6260,#6261));
#1130=EDGE_LOOP('',(#6262,#6263,#6264,#6265));
#1131=EDGE_LOOP('',(#6266,#6267,#6268,#6269));
#1132=EDGE_LOOP('',(#6270,#6271,#6272,#6273,#6274,#6275,#6276,#6277));
#1133=EDGE_LOOP('',(#6278,#6279,#6280,#6281));
#1134=EDGE_LOOP('',(#6282,#6283,#6284,#6285));
#1135=EDGE_LOOP('',(#6286,#6287,#6288,#6289));
#1136=EDGE_LOOP('',(#6290,#6291,#6292,#6293));
#1137=EDGE_LOOP('',(#6294,#6295,#6296,#6297));
#1138=EDGE_LOOP('',(#6298,#6299,#6300,#6301));
#1139=EDGE_LOOP('',(#6302,#6303,#6304,#6305));
#1140=EDGE_LOOP('',(#6306,#6307,#6308,#6309));
#1141=EDGE_LOOP('',(#6310,#6311,#6312,#6313,#6314,#6315,#6316,#6317));
#1142=EDGE_LOOP('',(#6318,#6319,#6320,#6321));
#1143=EDGE_LOOP('',(#6322,#6323,#6324,#6325));
#1144=EDGE_LOOP('',(#6326,#6327,#6328,#6329));
#1145=EDGE_LOOP('',(#6330,#6331,#6332,#6333));
#1146=EDGE_LOOP('',(#6334,#6335,#6336,#6337));
#1147=EDGE_LOOP('',(#6338,#6339,#6340,#6341,#6342,#6343,#6344,#6345));
#1148=EDGE_LOOP('',(#6346,#6347,#6348,#6349));
#1149=EDGE_LOOP('',(#6350,#6351,#6352,#6353));
#1150=EDGE_LOOP('',(#6354,#6355,#6356,#6357));
#1151=EDGE_LOOP('',(#6358,#6359,#6360,#6361));
#1152=EDGE_LOOP('',(#6362,#6363,#6364,#6365));
#1153=EDGE_LOOP('',(#6366,#6367,#6368,#6369));
#1154=EDGE_LOOP('',(#6370,#6371,#6372,#6373));
#1155=EDGE_LOOP('',(#6374,#6375,#6376,#6377));
#1156=EDGE_LOOP('',(#6378,#6379,#6380,#6381));
#1157=EDGE_LOOP('',(#6382,#6383,#6384,#6385,#6386,#6387,#6388,#6389));
#1158=EDGE_LOOP('',(#6390,#6391,#6392,#6393));
#1159=EDGE_LOOP('',(#6394,#6395,#6396,#6397));
#1160=EDGE_LOOP('',(#6398,#6399,#6400,#6401));
#1161=EDGE_LOOP('',(#6402,#6403,#6404,#6405));
#1162=EDGE_LOOP('',(#6406,#6407,#6408,#6409));
#1163=EDGE_LOOP('',(#6410,#6411,#6412,#6413));
#1164=EDGE_LOOP('',(#6414,#6415,#6416,#6417));
#1165=EDGE_LOOP('',(#6418,#6419,#6420,#6421));
#1166=EDGE_LOOP('',(#6422,#6423,#6424,#6425));
#1167=EDGE_LOOP('',(#6426,#6427,#6428,#6429));
#1168=EDGE_LOOP('',(#6430,#6431,#6432,#6433));
#1169=EDGE_LOOP('',(#6434,#6435,#6436,#6437,#6438,#6439,#6440,#6441));
#1170=EDGE_LOOP('',(#6442,#6443,#6444,#6445));
#1171=EDGE_LOOP('',(#6446,#6447,#6448,#6449));
#1172=EDGE_LOOP('',(#6450,#6451,#6452,#6453));
#1173=EDGE_LOOP('',(#6454,#6455,#6456,#6457,#6458,#6459,#6460,#6461));
#1174=EDGE_LOOP('',(#6462,#6463,#6464,#6465));
#1175=EDGE_LOOP('',(#6466,#6467,#6468,#6469));
#1176=EDGE_LOOP('',(#6470,#6471,#6472,#6473));
#1177=EDGE_LOOP('',(#6474,#6475,#6476,#6477,#6478,#6479,#6480,#6481));
#1178=EDGE_LOOP('',(#6482,#6483,#6484,#6485));
#1179=EDGE_LOOP('',(#6486,#6487,#6488,#6489));
#1180=EDGE_LOOP('',(#6490,#6491,#6492,#6493));
#1181=EDGE_LOOP('',(#6494,#6495,#6496,#6497));
#1182=EDGE_LOOP('',(#6498,#6499,#6500,#6501));
#1183=EDGE_LOOP('',(#6502,#6503,#6504,#6505));
#1184=EDGE_LOOP('',(#6506,#6507,#6508,#6509));
#1185=EDGE_LOOP('',(#6510,#6511,#6512,#6513));
#1186=EDGE_LOOP('',(#6514,#6515,#6516,#6517));
#1187=EDGE_LOOP('',(#6518,#6519,#6520,#6521));
#1188=EDGE_LOOP('',(#6522,#6523,#6524,#6525));
#1189=EDGE_LOOP('',(#6526,#6527,#6528,#6529,#6530,#6531,#6532,#6533));
#1190=EDGE_LOOP('',(#6534,#6535,#6536,#6537));
#1191=EDGE_LOOP('',(#6538,#6539,#6540,#6541));
#1192=EDGE_LOOP('',(#6542,#6543,#6544,#6545));
#1193=EDGE_LOOP('',(#6546,#6547,#6548,#6549,#6550,#6551,#6552,#6553));
#1194=EDGE_LOOP('',(#6554,#6555,#6556,#6557));
#1195=EDGE_LOOP('',(#6558,#6559,#6560,#6561));
#1196=EDGE_LOOP('',(#6562,#6563,#6564,#6565));
#1197=EDGE_LOOP('',(#6566,#6567,#6568,#6569));
#1198=EDGE_LOOP('',(#6570,#6571,#6572,#6573));
#1199=EDGE_LOOP('',(#6574,#6575,#6576,#6577));
#1200=EDGE_LOOP('',(#6578,#6579,#6580,#6581));
#1201=EDGE_LOOP('',(#6582,#6583,#6584,#6585));
#1202=EDGE_LOOP('',(#6586,#6587,#6588,#6589));
#1203=EDGE_LOOP('',(#6590,#6591,#6592,#6593));
#1204=EDGE_LOOP('',(#6594,#6595,#6596,#6597));
#1205=EDGE_LOOP('',(#6598,#6599,#6600,#6601,#6602,#6603,#6604,#6605));
#1206=EDGE_LOOP('',(#6606,#6607,#6608,#6609));
#1207=EDGE_LOOP('',(#6610,#6611,#6612,#6613));
#1208=EDGE_LOOP('',(#6614,#6615,#6616,#6617));
#1209=EDGE_LOOP('',(#6618,#6619,#6620,#6621,#6622,#6623,#6624,#6625));
#1210=EDGE_LOOP('',(#6626,#6627,#6628,#6629));
#1211=EDGE_LOOP('',(#6630,#6631,#6632,#6633));
#1212=EDGE_LOOP('',(#6634,#6635,#6636,#6637));
#1213=EDGE_LOOP('',(#6638,#6639,#6640,#6641));
#1214=EDGE_LOOP('',(#6642,#6643,#6644,#6645));
#1215=EDGE_LOOP('',(#6646,#6647,#6648,#6649));
#1216=EDGE_LOOP('',(#6650,#6651,#6652,#6653));
#1217=EDGE_LOOP('',(#6654,#6655,#6656,#6657));
#1218=EDGE_LOOP('',(#6658,#6659,#6660,#6661));
#1219=EDGE_LOOP('',(#6662,#6663,#6664,#6665));
#1220=EDGE_LOOP('',(#6666,#6667,#6668,#6669,#6670,#6671,#6672,#6673));
#1221=EDGE_LOOP('',(#6674,#6675,#6676,#6677));
#1222=EDGE_LOOP('',(#6678,#6679,#6680,#6681));
#1223=EDGE_LOOP('',(#6682,#6683,#6684,#6685));
#1224=EDGE_LOOP('',(#6686,#6687,#6688,#6689));
#1225=EDGE_LOOP('',(#6690,#6691,#6692,#6693));
#1226=EDGE_LOOP('',(#6694,#6695,#6696,#6697,#6698,#6699,#6700,#6701));
#1227=EDGE_LOOP('',(#6702,#6703,#6704,#6705));
#1228=EDGE_LOOP('',(#6706,#6707,#6708,#6709));
#1229=EDGE_LOOP('',(#6710,#6711,#6712,#6713));
#1230=EDGE_LOOP('',(#6714,#6715,#6716,#6717));
#1231=EDGE_LOOP('',(#6718,#6719,#6720,#6721));
#1232=EDGE_LOOP('',(#6722,#6723,#6724,#6725));
#1233=EDGE_LOOP('',(#6726,#6727,#6728,#6729));
#1234=EDGE_LOOP('',(#6730,#6731,#6732,#6733));
#1235=EDGE_LOOP('',(#6734,#6735,#6736,#6737));
#1236=EDGE_LOOP('',(#6738,#6739,#6740,#6741));
#1237=EDGE_LOOP('',(#6742,#6743,#6744,#6745,#6746,#6747,#6748,#6749));
#1238=EDGE_LOOP('',(#6750,#6751,#6752,#6753));
#1239=EDGE_LOOP('',(#6754,#6755,#6756,#6757));
#1240=EDGE_LOOP('',(#6758,#6759,#6760,#6761,#6762,#6763,#6764,#6765));
#1241=EDGE_LOOP('',(#6766,#6767,#6768,#6769));
#1242=EDGE_LOOP('',(#6770,#6771,#6772,#6773));
#1243=EDGE_LOOP('',(#6774,#6775,#6776,#6777));
#1244=EDGE_LOOP('',(#6778,#6779,#6780,#6781));
#1245=EDGE_LOOP('',(#6782,#6783,#6784,#6785));
#1246=EDGE_LOOP('',(#6786,#6787,#6788,#6789));
#1247=EDGE_LOOP('',(#6790,#6791,#6792,#6793));
#1248=EDGE_LOOP('',(#6794,#6795,#6796,#6797));
#1249=EDGE_LOOP('',(#6798,#6799,#6800,#6801));
#1250=EDGE_LOOP('',(#6802,#6803,#6804,#6805));
#1251=EDGE_LOOP('',(#6806,#6807,#6808,#6809));
#1252=EDGE_LOOP('',(#6810,#6811,#6812,#6813));
#1253=EDGE_LOOP('',(#6814,#6815,#6816,#6817,#6818,#6819,#6820,#6821));
#1254=EDGE_LOOP('',(#6822,#6823,#6824,#6825));
#1255=EDGE_LOOP('',(#6826,#6827,#6828,#6829));
#1256=EDGE_LOOP('',(#6830,#6831,#6832,#6833));
#1257=EDGE_LOOP('',(#6834,#6835,#6836,#6837));
#1258=EDGE_LOOP('',(#6838,#6839,#6840,#6841));
#1259=EDGE_LOOP('',(#6842,#6843,#6844,#6845));
#1260=EDGE_LOOP('',(#6846,#6847,#6848,#6849,#6850,#6851,#6852,#6853));
#1261=EDGE_LOOP('',(#6854,#6855,#6856,#6857));
#1262=EDGE_LOOP('',(#6858,#6859,#6860,#6861));
#1263=EDGE_LOOP('',(#6862,#6863,#6864,#6865));
#1264=EDGE_LOOP('',(#6866,#6867,#6868,#6869));
#1265=EDGE_LOOP('',(#6870,#6871,#6872,#6873));
#1266=EDGE_LOOP('',(#6874,#6875,#6876,#6877));
#1267=LINE('',#10285,#2164);
#1268=LINE('',#10287,#2165);
#1269=LINE('',#10289,#2166);
#1270=LINE('',#10290,#2167);
#1271=LINE('',#10293,#2168);
#1272=LINE('',#10295,#2169);
#1273=LINE('',#10296,#2170);
#1274=LINE('',#10299,#2171);
#1275=LINE('',#10301,#2172);
#1276=LINE('',#10302,#2173);
#1277=LINE('',#10304,#2174);
#1278=LINE('',#10305,#2175);
#1279=LINE('',#10309,#2176);
#1280=LINE('',#10311,#2177);
#1281=LINE('',#10313,#2178);
#1282=LINE('',#10314,#2179);
#1283=LINE('',#10317,#2180);
#1284=LINE('',#10319,#2181);
#1285=LINE('',#10320,#2182);
#1286=LINE('',#10323,#2183);
#1287=LINE('',#10325,#2184);
#1288=LINE('',#10326,#2185);
#1289=LINE('',#10328,#2186);
#1290=LINE('',#10329,#2187);
#1291=LINE('',#10333,#2188);
#1292=LINE('',#10335,#2189);
#1293=LINE('',#10337,#2190);
#1294=LINE('',#10338,#2191);
#1295=LINE('',#10341,#2192);
#1296=LINE('',#10343,#2193);
#1297=LINE('',#10344,#2194);
#1298=LINE('',#10347,#2195);
#1299=LINE('',#10349,#2196);
#1300=LINE('',#10350,#2197);
#1301=LINE('',#10352,#2198);
#1302=LINE('',#10353,#2199);
#1303=LINE('',#10357,#2200);
#1304=LINE('',#10359,#2201);
#1305=LINE('',#10361,#2202);
#1306=LINE('',#10362,#2203);
#1307=LINE('',#10365,#2204);
#1308=LINE('',#10367,#2205);
#1309=LINE('',#10368,#2206);
#1310=LINE('',#10371,#2207);
#1311=LINE('',#10373,#2208);
#1312=LINE('',#10374,#2209);
#1313=LINE('',#10376,#2210);
#1314=LINE('',#10377,#2211);
#1315=LINE('',#10381,#2212);
#1316=LINE('',#10383,#2213);
#1317=LINE('',#10385,#2214);
#1318=LINE('',#10386,#2215);
#1319=LINE('',#10389,#2216);
#1320=LINE('',#10391,#2217);
#1321=LINE('',#10392,#2218);
#1322=LINE('',#10395,#2219);
#1323=LINE('',#10397,#2220);
#1324=LINE('',#10398,#2221);
#1325=LINE('',#10400,#2222);
#1326=LINE('',#10401,#2223);
#1327=LINE('',#10405,#2224);
#1328=LINE('',#10407,#2225);
#1329=LINE('',#10409,#2226);
#1330=LINE('',#10410,#2227);
#1331=LINE('',#10413,#2228);
#1332=LINE('',#10415,#2229);
#1333=LINE('',#10416,#2230);
#1334=LINE('',#10419,#2231);
#1335=LINE('',#10421,#2232);
#1336=LINE('',#10422,#2233);
#1337=LINE('',#10424,#2234);
#1338=LINE('',#10425,#2235);
#1339=LINE('',#10429,#2236);
#1340=LINE('',#10431,#2237);
#1341=LINE('',#10433,#2238);
#1342=LINE('',#10434,#2239);
#1343=LINE('',#10437,#2240);
#1344=LINE('',#10439,#2241);
#1345=LINE('',#10440,#2242);
#1346=LINE('',#10443,#2243);
#1347=LINE('',#10445,#2244);
#1348=LINE('',#10446,#2245);
#1349=LINE('',#10448,#2246);
#1350=LINE('',#10449,#2247);
#1351=LINE('',#10453,#2248);
#1352=LINE('',#10455,#2249);
#1353=LINE('',#10457,#2250);
#1354=LINE('',#10458,#2251);
#1355=LINE('',#10461,#2252);
#1356=LINE('',#10463,#2253);
#1357=LINE('',#10464,#2254);
#1358=LINE('',#10467,#2255);
#1359=LINE('',#10469,#2256);
#1360=LINE('',#10470,#2257);
#1361=LINE('',#10472,#2258);
#1362=LINE('',#10473,#2259);
#1363=LINE('',#10477,#2260);
#1364=LINE('',#10479,#2261);
#1365=LINE('',#10481,#2262);
#1366=LINE('',#10482,#2263);
#1367=LINE('',#10485,#2264);
#1368=LINE('',#10487,#2265);
#1369=LINE('',#10488,#2266);
#1370=LINE('',#10491,#2267);
#1371=LINE('',#10493,#2268);
#1372=LINE('',#10494,#2269);
#1373=LINE('',#10496,#2270);
#1374=LINE('',#10497,#2271);
#1375=LINE('',#10501,#2272);
#1376=LINE('',#10503,#2273);
#1377=LINE('',#10505,#2274);
#1378=LINE('',#10506,#2275);
#1379=LINE('',#10509,#2276);
#1380=LINE('',#10511,#2277);
#1381=LINE('',#10512,#2278);
#1382=LINE('',#10515,#2279);
#1383=LINE('',#10517,#2280);
#1384=LINE('',#10518,#2281);
#1385=LINE('',#10520,#2282);
#1386=LINE('',#10521,#2283);
#1387=LINE('',#10525,#2284);
#1388=LINE('',#10527,#2285);
#1389=LINE('',#10529,#2286);
#1390=LINE('',#10530,#2287);
#1391=LINE('',#10533,#2288);
#1392=LINE('',#10535,#2289);
#1393=LINE('',#10536,#2290);
#1394=LINE('',#10539,#2291);
#1395=LINE('',#10541,#2292);
#1396=LINE('',#10542,#2293);
#1397=LINE('',#10544,#2294);
#1398=LINE('',#10545,#2295);
#1399=LINE('',#10549,#2296);
#1400=LINE('',#10551,#2297);
#1401=LINE('',#10553,#2298);
#1402=LINE('',#10554,#2299);
#1403=LINE('',#10557,#2300);
#1404=LINE('',#10559,#2301);
#1405=LINE('',#10560,#2302);
#1406=LINE('',#10563,#2303);
#1407=LINE('',#10565,#2304);
#1408=LINE('',#10566,#2305);
#1409=LINE('',#10568,#2306);
#1410=LINE('',#10569,#2307);
#1411=LINE('',#10573,#2308);
#1412=LINE('',#10575,#2309);
#1413=LINE('',#10577,#2310);
#1414=LINE('',#10578,#2311);
#1415=LINE('',#10581,#2312);
#1416=LINE('',#10583,#2313);
#1417=LINE('',#10584,#2314);
#1418=LINE('',#10587,#2315);
#1419=LINE('',#10589,#2316);
#1420=LINE('',#10590,#2317);
#1421=LINE('',#10592,#2318);
#1422=LINE('',#10593,#2319);
#1423=LINE('',#10597,#2320);
#1424=LINE('',#10599,#2321);
#1425=LINE('',#10601,#2322);
#1426=LINE('',#10602,#2323);
#1427=LINE('',#10605,#2324);
#1428=LINE('',#10607,#2325);
#1429=LINE('',#10608,#2326);
#1430=LINE('',#10611,#2327);
#1431=LINE('',#10613,#2328);
#1432=LINE('',#10614,#2329);
#1433=LINE('',#10616,#2330);
#1434=LINE('',#10617,#2331);
#1435=LINE('',#10621,#2332);
#1436=LINE('',#10623,#2333);
#1437=LINE('',#10625,#2334);
#1438=LINE('',#10626,#2335);
#1439=LINE('',#10629,#2336);
#1440=LINE('',#10631,#2337);
#1441=LINE('',#10632,#2338);
#1442=LINE('',#10635,#2339);
#1443=LINE('',#10637,#2340);
#1444=LINE('',#10638,#2341);
#1445=LINE('',#10640,#2342);
#1446=LINE('',#10641,#2343);
#1447=LINE('',#10645,#2344);
#1448=LINE('',#10647,#2345);
#1449=LINE('',#10649,#2346);
#1450=LINE('',#10650,#2347);
#1451=LINE('',#10653,#2348);
#1452=LINE('',#10655,#2349);
#1453=LINE('',#10656,#2350);
#1454=LINE('',#10659,#2351);
#1455=LINE('',#10661,#2352);
#1456=LINE('',#10662,#2353);
#1457=LINE('',#10664,#2354);
#1458=LINE('',#10665,#2355);
#1459=LINE('',#10669,#2356);
#1460=LINE('',#10671,#2357);
#1461=LINE('',#10673,#2358);
#1462=LINE('',#10674,#2359);
#1463=LINE('',#10677,#2360);
#1464=LINE('',#10679,#2361);
#1465=LINE('',#10680,#2362);
#1466=LINE('',#10686,#2363);
#1467=LINE('',#10689,#2364);
#1468=LINE('',#10691,#2365);
#1469=LINE('',#10692,#2366);
#1470=LINE('',#10695,#2367);
#1471=LINE('',#10697,#2368);
#1472=LINE('',#10698,#2369);
#1473=LINE('',#10700,#2370);
#1474=LINE('',#10701,#2371);
#1475=LINE('',#10707,#2372);
#1476=LINE('',#10709,#2373);
#1477=LINE('',#10711,#2374);
#1478=LINE('',#10712,#2375);
#1479=LINE('',#10715,#2376);
#1480=LINE('',#10717,#2377);
#1481=LINE('',#10718,#2378);
#1482=LINE('',#10721,#2379);
#1483=LINE('',#10722,#2380);
#1484=LINE('',#10725,#2381);
#1485=LINE('',#10726,#2382);
#1486=LINE('',#10728,#2383);
#1487=LINE('',#10733,#2384);
#1488=LINE('',#10735,#2385);
#1489=LINE('',#10737,#2386);
#1490=LINE('',#10738,#2387);
#1491=LINE('',#10741,#2388);
#1492=LINE('',#10743,#2389);
#1493=LINE('',#10744,#2390);
#1494=LINE('',#10747,#2391);
#1495=LINE('',#10748,#2392);
#1496=LINE('',#10751,#2393);
#1497=LINE('',#10752,#2394);
#1498=LINE('',#10754,#2395);
#1499=LINE('',#10759,#2396);
#1500=LINE('',#10761,#2397);
#1501=LINE('',#10763,#2398);
#1502=LINE('',#10764,#2399);
#1503=LINE('',#10767,#2400);
#1504=LINE('',#10769,#2401);
#1505=LINE('',#10770,#2402);
#1506=LINE('',#10773,#2403);
#1507=LINE('',#10774,#2404);
#1508=LINE('',#10777,#2405);
#1509=LINE('',#10778,#2406);
#1510=LINE('',#10780,#2407);
#1511=LINE('',#10785,#2408);
#1512=LINE('',#10787,#2409);
#1513=LINE('',#10789,#2410);
#1514=LINE('',#10790,#2411);
#1515=LINE('',#10793,#2412);
#1516=LINE('',#10795,#2413);
#1517=LINE('',#10796,#2414);
#1518=LINE('',#10799,#2415);
#1519=LINE('',#10800,#2416);
#1520=LINE('',#10803,#2417);
#1521=LINE('',#10804,#2418);
#1522=LINE('',#10806,#2419);
#1523=LINE('',#10811,#2420);
#1524=LINE('',#10813,#2421);
#1525=LINE('',#10815,#2422);
#1526=LINE('',#10816,#2423);
#1527=LINE('',#10819,#2424);
#1528=LINE('',#10821,#2425);
#1529=LINE('',#10822,#2426);
#1530=LINE('',#10825,#2427);
#1531=LINE('',#10826,#2428);
#1532=LINE('',#10829,#2429);
#1533=LINE('',#10830,#2430);
#1534=LINE('',#10832,#2431);
#1535=LINE('',#10837,#2432);
#1536=LINE('',#10839,#2433);
#1537=LINE('',#10841,#2434);
#1538=LINE('',#10842,#2435);
#1539=LINE('',#10845,#2436);
#1540=LINE('',#10847,#2437);
#1541=LINE('',#10848,#2438);
#1542=LINE('',#10851,#2439);
#1543=LINE('',#10852,#2440);
#1544=LINE('',#10855,#2441);
#1545=LINE('',#10856,#2442);
#1546=LINE('',#10858,#2443);
#1547=LINE('',#10863,#2444);
#1548=LINE('',#10865,#2445);
#1549=LINE('',#10867,#2446);
#1550=LINE('',#10868,#2447);
#1551=LINE('',#10871,#2448);
#1552=LINE('',#10873,#2449);
#1553=LINE('',#10874,#2450);
#1554=LINE('',#10877,#2451);
#1555=LINE('',#10878,#2452);
#1556=LINE('',#10881,#2453);
#1557=LINE('',#10882,#2454);
#1558=LINE('',#10884,#2455);
#1559=LINE('',#10889,#2456);
#1560=LINE('',#10891,#2457);
#1561=LINE('',#10893,#2458);
#1562=LINE('',#10894,#2459);
#1563=LINE('',#10897,#2460);
#1564=LINE('',#10899,#2461);
#1565=LINE('',#10900,#2462);
#1566=LINE('',#10903,#2463);
#1567=LINE('',#10904,#2464);
#1568=LINE('',#10907,#2465);
#1569=LINE('',#10908,#2466);
#1570=LINE('',#10910,#2467);
#1571=LINE('',#10915,#2468);
#1572=LINE('',#10917,#2469);
#1573=LINE('',#10919,#2470);
#1574=LINE('',#10920,#2471);
#1575=LINE('',#10923,#2472);
#1576=LINE('',#10925,#2473);
#1577=LINE('',#10926,#2474);
#1578=LINE('',#10929,#2475);
#1579=LINE('',#10930,#2476);
#1580=LINE('',#10933,#2477);
#1581=LINE('',#10934,#2478);
#1582=LINE('',#10936,#2479);
#1583=LINE('',#10941,#2480);
#1584=LINE('',#10943,#2481);
#1585=LINE('',#10945,#2482);
#1586=LINE('',#10946,#2483);
#1587=LINE('',#10949,#2484);
#1588=LINE('',#10951,#2485);
#1589=LINE('',#10952,#2486);
#1590=LINE('',#10955,#2487);
#1591=LINE('',#10956,#2488);
#1592=LINE('',#10959,#2489);
#1593=LINE('',#10960,#2490);
#1594=LINE('',#10962,#2491);
#1595=LINE('',#10967,#2492);
#1596=LINE('',#10969,#2493);
#1597=LINE('',#10971,#2494);
#1598=LINE('',#10972,#2495);
#1599=LINE('',#10975,#2496);
#1600=LINE('',#10977,#2497);
#1601=LINE('',#10978,#2498);
#1602=LINE('',#10981,#2499);
#1603=LINE('',#10982,#2500);
#1604=LINE('',#10985,#2501);
#1605=LINE('',#10986,#2502);
#1606=LINE('',#10988,#2503);
#1607=LINE('',#10993,#2504);
#1608=LINE('',#10995,#2505);
#1609=LINE('',#10997,#2506);
#1610=LINE('',#10998,#2507);
#1611=LINE('',#11001,#2508);
#1612=LINE('',#11003,#2509);
#1613=LINE('',#11004,#2510);
#1614=LINE('',#11007,#2511);
#1615=LINE('',#11008,#2512);
#1616=LINE('',#11011,#2513);
#1617=LINE('',#11012,#2514);
#1618=LINE('',#11014,#2515);
#1619=LINE('',#11019,#2516);
#1620=LINE('',#11021,#2517);
#1621=LINE('',#11023,#2518);
#1622=LINE('',#11024,#2519);
#1623=LINE('',#11027,#2520);
#1624=LINE('',#11029,#2521);
#1625=LINE('',#11030,#2522);
#1626=LINE('',#11033,#2523);
#1627=LINE('',#11034,#2524);
#1628=LINE('',#11037,#2525);
#1629=LINE('',#11038,#2526);
#1630=LINE('',#11040,#2527);
#1631=LINE('',#11045,#2528);
#1632=LINE('',#11047,#2529);
#1633=LINE('',#11049,#2530);
#1634=LINE('',#11050,#2531);
#1635=LINE('',#11053,#2532);
#1636=LINE('',#11055,#2533);
#1637=LINE('',#11056,#2534);
#1638=LINE('',#11059,#2535);
#1639=LINE('',#11060,#2536);
#1640=LINE('',#11063,#2537);
#1641=LINE('',#11064,#2538);
#1642=LINE('',#11066,#2539);
#1643=LINE('',#11071,#2540);
#1644=LINE('',#11073,#2541);
#1645=LINE('',#11075,#2542);
#1646=LINE('',#11076,#2543);
#1647=LINE('',#11079,#2544);
#1648=LINE('',#11081,#2545);
#1649=LINE('',#11082,#2546);
#1650=LINE('',#11085,#2547);
#1651=LINE('',#11086,#2548);
#1652=LINE('',#11089,#2549);
#1653=LINE('',#11090,#2550);
#1654=LINE('',#11092,#2551);
#1655=LINE('',#11097,#2552);
#1656=LINE('',#11099,#2553);
#1657=LINE('',#11101,#2554);
#1658=LINE('',#11102,#2555);
#1659=LINE('',#11105,#2556);
#1660=LINE('',#11107,#2557);
#1661=LINE('',#11108,#2558);
#1662=LINE('',#11111,#2559);
#1663=LINE('',#11112,#2560);
#1664=LINE('',#11115,#2561);
#1665=LINE('',#11116,#2562);
#1666=LINE('',#11118,#2563);
#1667=LINE('',#11125,#2564);
#1668=LINE('',#11128,#2565);
#1669=LINE('',#11131,#2566);
#1670=LINE('',#11135,#2567);
#1671=LINE('',#11139,#2568);
#1672=LINE('',#11142,#2569);
#1673=LINE('',#11145,#2570);
#1674=LINE('',#11147,#2571);
#1675=LINE('',#11149,#2572);
#1676=LINE('',#11150,#2573);
#1677=LINE('',#11153,#2574);
#1678=LINE('',#11154,#2575);
#1679=LINE('',#11158,#2576);
#1680=LINE('',#11161,#2577);
#1681=LINE('',#11164,#2578);
#1682=LINE('',#11167,#2579);
#1683=LINE('',#11168,#2580);
#1684=LINE('',#11172,#2581);
#1685=LINE('',#11174,#2582);
#1686=LINE('',#11178,#2583);
#1687=LINE('',#11179,#2584);
#1688=LINE('',#11180,#2585);
#1689=LINE('',#11183,#2586);
#1690=LINE('',#11184,#2587);
#1691=LINE('',#11187,#2588);
#1692=LINE('',#11188,#2589);
#1693=LINE('',#11190,#2590);
#1694=LINE('',#11192,#2591);
#1695=LINE('',#11199,#2592);
#1696=LINE('',#11202,#2593);
#1697=LINE('',#11205,#2594);
#1698=LINE('',#11209,#2595);
#1699=LINE('',#11213,#2596);
#1700=LINE('',#11216,#2597);
#1701=LINE('',#11219,#2598);
#1702=LINE('',#11221,#2599);
#1703=LINE('',#11223,#2600);
#1704=LINE('',#11224,#2601);
#1705=LINE('',#11227,#2602);
#1706=LINE('',#11228,#2603);
#1707=LINE('',#11232,#2604);
#1708=LINE('',#11237,#2605);
#1709=LINE('',#11238,#2606);
#1710=LINE('',#11241,#2607);
#1711=LINE('',#11242,#2608);
#1712=LINE('',#11246,#2609);
#1713=LINE('',#11248,#2610);
#1714=LINE('',#11251,#2611);
#1715=LINE('',#11253,#2612);
#1716=LINE('',#11254,#2613);
#1717=LINE('',#11257,#2614);
#1718=LINE('',#11258,#2615);
#1719=LINE('',#11261,#2616);
#1720=LINE('',#11262,#2617);
#1721=LINE('',#11264,#2618);
#1722=LINE('',#11266,#2619);
#1723=LINE('',#11273,#2620);
#1724=LINE('',#11276,#2621);
#1725=LINE('',#11279,#2622);
#1726=LINE('',#11283,#2623);
#1727=LINE('',#11285,#2624);
#1728=LINE('',#11286,#2625);
#1729=LINE('',#11289,#2626);
#1730=LINE('',#11290,#2627);
#1731=LINE('',#11294,#2628);
#1732=LINE('',#11297,#2629);
#1733=LINE('',#11299,#2630);
#1734=LINE('',#11300,#2631);
#1735=LINE('',#11302,#2632);
#1736=LINE('',#11304,#2633);
#1737=LINE('',#11311,#2634);
#1738=LINE('',#11314,#2635);
#1739=LINE('',#11317,#2636);
#1740=LINE('',#11321,#2637);
#1741=LINE('',#11323,#2638);
#1742=LINE('',#11324,#2639);
#1743=LINE('',#11327,#2640);
#1744=LINE('',#11328,#2641);
#1745=LINE('',#11332,#2642);
#1746=LINE('',#11335,#2643);
#1747=LINE('',#11336,#2644);
#1748=LINE('',#11339,#2645);
#1749=LINE('',#11340,#2646);
#1750=LINE('',#11342,#2647);
#1751=LINE('',#11349,#2648);
#1752=LINE('',#11352,#2649);
#1753=LINE('',#11355,#2650);
#1754=LINE('',#11357,#2651);
#1755=LINE('',#11359,#2652);
#1756=LINE('',#11363,#2653);
#1757=LINE('',#11364,#2654);
#1758=LINE('',#11367,#2655);
#1759=LINE('',#11369,#2656);
#1760=LINE('',#11371,#2657);
#1761=LINE('',#11376,#2658);
#1762=LINE('',#11379,#2659);
#1763=LINE('',#11381,#2660);
#1764=LINE('',#11382,#2661);
#1765=LINE('',#11384,#2662);
#1766=LINE('',#11388,#2663);
#1767=LINE('',#11391,#2664);
#1768=LINE('',#11392,#2665);
#1769=LINE('',#11395,#2666);
#1770=LINE('',#11396,#2667);
#1771=LINE('',#11398,#2668);
#1772=LINE('',#11405,#2669);
#1773=LINE('',#11408,#2670);
#1774=LINE('',#11411,#2671);
#1775=LINE('',#11415,#2672);
#1776=LINE('',#11419,#2673);
#1777=LINE('',#11422,#2674);
#1778=LINE('',#11425,#2675);
#1779=LINE('',#11427,#2676);
#1780=LINE('',#11429,#2677);
#1781=LINE('',#11430,#2678);
#1782=LINE('',#11433,#2679);
#1783=LINE('',#11434,#2680);
#1784=LINE('',#11438,#2681);
#1785=LINE('',#11441,#2682);
#1786=LINE('',#11444,#2683);
#1787=LINE('',#11447,#2684);
#1788=LINE('',#11448,#2685);
#1789=LINE('',#11452,#2686);
#1790=LINE('',#11454,#2687);
#1791=LINE('',#11458,#2688);
#1792=LINE('',#11459,#2689);
#1793=LINE('',#11460,#2690);
#1794=LINE('',#11463,#2691);
#1795=LINE('',#11464,#2692);
#1796=LINE('',#11467,#2693);
#1797=LINE('',#11468,#2694);
#1798=LINE('',#11470,#2695);
#1799=LINE('',#11472,#2696);
#1800=LINE('',#11479,#2697);
#1801=LINE('',#11482,#2698);
#1802=LINE('',#11485,#2699);
#1803=LINE('',#11487,#2700);
#1804=LINE('',#11488,#2701);
#1805=LINE('',#11491,#2702);
#1806=LINE('',#11495,#2703);
#1807=LINE('',#11499,#2704);
#1808=LINE('',#11503,#2705);
#1809=LINE('',#11505,#2706);
#1810=LINE('',#11507,#2707);
#1811=LINE('',#11508,#2708);
#1812=LINE('',#11511,#2709);
#1813=LINE('',#11514,#2710);
#1814=LINE('',#11518,#2711);
#1815=LINE('',#11520,#2712);
#1816=LINE('',#11523,#2713);
#1817=LINE('',#11526,#2714);
#1818=LINE('',#11528,#2715);
#1819=LINE('',#11530,#2716);
#1820=LINE('',#11531,#2717);
#1821=LINE('',#11533,#2718);
#1822=LINE('',#11535,#2719);
#1823=LINE('',#11537,#2720);
#1824=LINE('',#11540,#2721);
#1825=LINE('',#11541,#2722);
#1826=LINE('',#11543,#2723);
#1827=LINE('',#11545,#2724);
#1828=LINE('',#11553,#2725);
#1829=LINE('',#11556,#2726);
#1830=LINE('',#11559,#2727);
#1831=LINE('',#11563,#2728);
#1832=LINE('',#11567,#2729);
#1833=LINE('',#11570,#2730);
#1834=LINE('',#11573,#2731);
#1835=LINE('',#11575,#2732);
#1836=LINE('',#11577,#2733);
#1837=LINE('',#11578,#2734);
#1838=LINE('',#11581,#2735);
#1839=LINE('',#11582,#2736);
#1840=LINE('',#11586,#2737);
#1841=LINE('',#11591,#2738);
#1842=LINE('',#11592,#2739);
#1843=LINE('',#11595,#2740);
#1844=LINE('',#11596,#2741);
#1845=LINE('',#11600,#2742);
#1846=LINE('',#11602,#2743);
#1847=LINE('',#11604,#2744);
#1848=LINE('',#11607,#2745);
#1849=LINE('',#11609,#2746);
#1850=LINE('',#11611,#2747);
#1851=LINE('',#11612,#2748);
#1852=LINE('',#11614,#2749);
#1853=LINE('',#11615,#2750);
#1854=LINE('',#11617,#2751);
#1855=LINE('',#11619,#2752);
#1856=LINE('',#11627,#2753);
#1857=LINE('',#11630,#2754);
#1858=LINE('',#11633,#2755);
#1859=LINE('',#11637,#2756);
#1860=LINE('',#11641,#2757);
#1861=LINE('',#11644,#2758);
#1862=LINE('',#11647,#2759);
#1863=LINE('',#11649,#2760);
#1864=LINE('',#11651,#2761);
#1865=LINE('',#11652,#2762);
#1866=LINE('',#11655,#2763);
#1867=LINE('',#11656,#2764);
#1868=LINE('',#11660,#2765);
#1869=LINE('',#11663,#2766);
#1870=LINE('',#11666,#2767);
#1871=LINE('',#11669,#2768);
#1872=LINE('',#11670,#2769);
#1873=LINE('',#11674,#2770);
#1874=LINE('',#11676,#2771);
#1875=LINE('',#11680,#2772);
#1876=LINE('',#11681,#2773);
#1877=LINE('',#11682,#2774);
#1878=LINE('',#11685,#2775);
#1879=LINE('',#11686,#2776);
#1880=LINE('',#11689,#2777);
#1881=LINE('',#11690,#2778);
#1882=LINE('',#11692,#2779);
#1883=LINE('',#11694,#2780);
#1884=LINE('',#11701,#2781);
#1885=LINE('',#11704,#2782);
#1886=LINE('',#11707,#2783);
#1887=LINE('',#11709,#2784);
#1888=LINE('',#11710,#2785);
#1889=LINE('',#11713,#2786);
#1890=LINE('',#11717,#2787);
#1891=LINE('',#11721,#2788);
#1892=LINE('',#11725,#2789);
#1893=LINE('',#11727,#2790);
#1894=LINE('',#11729,#2791);
#1895=LINE('',#11730,#2792);
#1896=LINE('',#11735,#2793);
#1897=LINE('',#11736,#2794);
#1898=LINE('',#11739,#2795);
#1899=LINE('',#11740,#2796);
#1900=LINE('',#11744,#2797);
#1901=LINE('',#11746,#2798);
#1902=LINE('',#11749,#2799);
#1903=LINE('',#11752,#2800);
#1904=LINE('',#11754,#2801);
#1905=LINE('',#11756,#2802);
#1906=LINE('',#11757,#2803);
#1907=LINE('',#11759,#2804);
#1908=LINE('',#11762,#2805);
#1909=LINE('',#11763,#2806);
#1910=LINE('',#11765,#2807);
#1911=LINE('',#11767,#2808);
#1912=LINE('',#11775,#2809);
#1913=LINE('',#11778,#2810);
#1914=LINE('',#11781,#2811);
#1915=LINE('',#11783,#2812);
#1916=LINE('',#11784,#2813);
#1917=LINE('',#11787,#2814);
#1918=LINE('',#11791,#2815);
#1919=LINE('',#11795,#2816);
#1920=LINE('',#11799,#2817);
#1921=LINE('',#11801,#2818);
#1922=LINE('',#11803,#2819);
#1923=LINE('',#11804,#2820);
#1924=LINE('',#11807,#2821);
#1925=LINE('',#11810,#2822);
#1926=LINE('',#11813,#2823);
#1927=LINE('',#11814,#2824);
#1928=LINE('',#11818,#2825);
#1929=LINE('',#11822,#2826);
#1930=LINE('',#11824,#2827);
#1931=LINE('',#11826,#2828);
#1932=LINE('',#11829,#2829);
#1933=LINE('',#11831,#2830);
#1934=LINE('',#11833,#2831);
#1935=LINE('',#11834,#2832);
#1936=LINE('',#11836,#2833);
#1937=LINE('',#11837,#2834);
#1938=LINE('',#11839,#2835);
#1939=LINE('',#11841,#2836);
#1940=LINE('',#11849,#2837);
#1941=LINE('',#11852,#2838);
#1942=LINE('',#11855,#2839);
#1943=LINE('',#11857,#2840);
#1944=LINE('',#11858,#2841);
#1945=LINE('',#11861,#2842);
#1946=LINE('',#11865,#2843);
#1947=LINE('',#11869,#2844);
#1948=LINE('',#11873,#2845);
#1949=LINE('',#11875,#2846);
#1950=LINE('',#11877,#2847);
#1951=LINE('',#11878,#2848);
#1952=LINE('',#11883,#2849);
#1953=LINE('',#11884,#2850);
#1954=LINE('',#11887,#2851);
#1955=LINE('',#11888,#2852);
#1956=LINE('',#11892,#2853);
#1957=LINE('',#11895,#2854);
#1958=LINE('',#11898,#2855);
#1959=LINE('',#11899,#2856);
#1960=LINE('',#11902,#2857);
#1961=LINE('',#11904,#2858);
#1962=LINE('',#11906,#2859);
#1963=LINE('',#11907,#2860);
#1964=LINE('',#11910,#2861);
#1965=LINE('',#11911,#2862);
#1966=LINE('',#11913,#2863);
#1967=LINE('',#11915,#2864);
#1968=LINE('',#11923,#2865);
#1969=LINE('',#11926,#2866);
#1970=LINE('',#11929,#2867);
#1971=LINE('',#11931,#2868);
#1972=LINE('',#11932,#2869);
#1973=LINE('',#11935,#2870);
#1974=LINE('',#11939,#2871);
#1975=LINE('',#11943,#2872);
#1976=LINE('',#11947,#2873);
#1977=LINE('',#11949,#2874);
#1978=LINE('',#11951,#2875);
#1979=LINE('',#11952,#2876);
#1980=LINE('',#11956,#2877);
#1981=LINE('',#11959,#2878);
#1982=LINE('',#11960,#2879);
#1983=LINE('',#11964,#2880);
#1984=LINE('',#11967,#2881);
#1985=LINE('',#11968,#2882);
#1986=LINE('',#11971,#2883);
#1987=LINE('',#11974,#2884);
#1988=LINE('',#11977,#2885);
#1989=LINE('',#11979,#2886);
#1990=LINE('',#11980,#2887);
#1991=LINE('',#11983,#2888);
#1992=LINE('',#11984,#2889);
#1993=LINE('',#11987,#2890);
#1994=LINE('',#11988,#2891);
#1995=LINE('',#11990,#2892);
#1996=LINE('',#11997,#2893);
#1997=LINE('',#12000,#2894);
#1998=LINE('',#12003,#2895);
#1999=LINE('',#12005,#2896);
#2000=LINE('',#12006,#2897);
#2001=LINE('',#12009,#2898);
#2002=LINE('',#12013,#2899);
#2003=LINE('',#12017,#2900);
#2004=LINE('',#12021,#2901);
#2005=LINE('',#12023,#2902);
#2006=LINE('',#12025,#2903);
#2007=LINE('',#12026,#2904);
#2008=LINE('',#12029,#2905);
#2009=LINE('',#12032,#2906);
#2010=LINE('',#12035,#2907);
#2011=LINE('',#12036,#2908);
#2012=LINE('',#12041,#2909);
#2013=LINE('',#12043,#2910);
#2014=LINE('',#12046,#2911);
#2015=LINE('',#12048,#2912);
#2016=LINE('',#12050,#2913);
#2017=LINE('',#12051,#2914);
#2018=LINE('',#12053,#2915);
#2019=LINE('',#12055,#2916);
#2020=LINE('',#12058,#2917);
#2021=LINE('',#12059,#2918);
#2022=LINE('',#12061,#2919);
#2023=LINE('',#12063,#2920);
#2024=LINE('',#12071,#2921);
#2025=LINE('',#12074,#2922);
#2026=LINE('',#12077,#2923);
#2027=LINE('',#12079,#2924);
#2028=LINE('',#12080,#2925);
#2029=LINE('',#12083,#2926);
#2030=LINE('',#12087,#2927);
#2031=LINE('',#12091,#2928);
#2032=LINE('',#12095,#2929);
#2033=LINE('',#12097,#2930);
#2034=LINE('',#12099,#2931);
#2035=LINE('',#12100,#2932);
#2036=LINE('',#12103,#2933);
#2037=LINE('',#12106,#2934);
#2038=LINE('',#12109,#2935);
#2039=LINE('',#12110,#2936);
#2040=LINE('',#12115,#2937);
#2041=LINE('',#12117,#2938);
#2042=LINE('',#12120,#2939);
#2043=LINE('',#12122,#2940);
#2044=LINE('',#12124,#2941);
#2045=LINE('',#12125,#2942);
#2046=LINE('',#12127,#2943);
#2047=LINE('',#12129,#2944);
#2048=LINE('',#12132,#2945);
#2049=LINE('',#12133,#2946);
#2050=LINE('',#12135,#2947);
#2051=LINE('',#12137,#2948);
#2052=LINE('',#12145,#2949);
#2053=LINE('',#12148,#2950);
#2054=LINE('',#12151,#2951);
#2055=LINE('',#12153,#2952);
#2056=LINE('',#12154,#2953);
#2057=LINE('',#12157,#2954);
#2058=LINE('',#12161,#2955);
#2059=LINE('',#12165,#2956);
#2060=LINE('',#12169,#2957);
#2061=LINE('',#12171,#2958);
#2062=LINE('',#12173,#2959);
#2063=LINE('',#12174,#2960);
#2064=LINE('',#12177,#2961);
#2065=LINE('',#12180,#2962);
#2066=LINE('',#12183,#2963);
#2067=LINE('',#12184,#2964);
#2068=LINE('',#12189,#2965);
#2069=LINE('',#12191,#2966);
#2070=LINE('',#12194,#2967);
#2071=LINE('',#12196,#2968);
#2072=LINE('',#12198,#2969);
#2073=LINE('',#12199,#2970);
#2074=LINE('',#12201,#2971);
#2075=LINE('',#12203,#2972);
#2076=LINE('',#12207,#2973);
#2077=LINE('',#12208,#2974);
#2078=LINE('',#12210,#2975);
#2079=LINE('',#12212,#2976);
#2080=LINE('',#12219,#2977);
#2081=LINE('',#12222,#2978);
#2082=LINE('',#12225,#2979);
#2083=LINE('',#12229,#2980);
#2084=LINE('',#12233,#2981);
#2085=LINE('',#12236,#2982);
#2086=LINE('',#12239,#2983);
#2087=LINE('',#12241,#2984);
#2088=LINE('',#12243,#2985);
#2089=LINE('',#12244,#2986);
#2090=LINE('',#12247,#2987);
#2091=LINE('',#12248,#2988);
#2092=LINE('',#12252,#2989);
#2093=LINE('',#12255,#2990);
#2094=LINE('',#12258,#2991);
#2095=LINE('',#12261,#2992);
#2096=LINE('',#12262,#2993);
#2097=LINE('',#12265,#2994);
#2098=LINE('',#12267,#2995);
#2099=LINE('',#12270,#2996);
#2100=LINE('',#12272,#2997);
#2101=LINE('',#12274,#2998);
#2102=LINE('',#12275,#2999);
#2103=LINE('',#12277,#3000);
#2104=LINE('',#12280,#3001);
#2105=LINE('',#12281,#3002);
#2106=LINE('',#12283,#3003);
#2107=LINE('',#12285,#3004);
#2108=LINE('',#12293,#3005);
#2109=LINE('',#12296,#3006);
#2110=LINE('',#12299,#3007);
#2111=LINE('',#12301,#3008);
#2112=LINE('',#12302,#3009);
#2113=LINE('',#12305,#3010);
#2114=LINE('',#12309,#3011);
#2115=LINE('',#12313,#3012);
#2116=LINE('',#12317,#3013);
#2117=LINE('',#12319,#3014);
#2118=LINE('',#12321,#3015);
#2119=LINE('',#12322,#3016);
#2120=LINE('',#12325,#3017);
#2121=LINE('',#12328,#3018);
#2122=LINE('',#12332,#3019);
#2123=LINE('',#12334,#3020);
#2124=LINE('',#12337,#3021);
#2125=LINE('',#12340,#3022);
#2126=LINE('',#12342,#3023);
#2127=LINE('',#12344,#3024);
#2128=LINE('',#12345,#3025);
#2129=LINE('',#12347,#3026);
#2130=LINE('',#12349,#3027);
#2131=LINE('',#12351,#3028);
#2132=LINE('',#12354,#3029);
#2133=LINE('',#12355,#3030);
#2134=LINE('',#12357,#3031);
#2135=LINE('',#12359,#3032);
#2136=LINE('',#12367,#3033);
#2137=LINE('',#12370,#3034);
#2138=LINE('',#12373,#3035);
#2139=LINE('',#12375,#3036);
#2140=LINE('',#12376,#3037);
#2141=LINE('',#12379,#3038);
#2142=LINE('',#12383,#3039);
#2143=LINE('',#12387,#3040);
#2144=LINE('',#12391,#3041);
#2145=LINE('',#12393,#3042);
#2146=LINE('',#12395,#3043);
#2147=LINE('',#12396,#3044);
#2148=LINE('',#12399,#3045);
#2149=LINE('',#12402,#3046);
#2150=LINE('',#12405,#3047);
#2151=LINE('',#12406,#3048);
#2152=LINE('',#12413,#3049);
#2153=LINE('',#12414,#3050);
#2154=LINE('',#12416,#3051);
#2155=LINE('',#12418,#3052);
#2156=LINE('',#12421,#3053);
#2157=LINE('',#12423,#3054);
#2158=LINE('',#12425,#3055);
#2159=LINE('',#12426,#3056);
#2160=LINE('',#12428,#3057);
#2161=LINE('',#12429,#3058);
#2162=LINE('',#12431,#3059);
#2163=LINE('',#12433,#3060);
#2164=VECTOR('',#8260,10.);
#2165=VECTOR('',#8261,10.);
#2166=VECTOR('',#8262,10.);
#2167=VECTOR('',#8263,10.);
#2168=VECTOR('',#8266,10.);
#2169=VECTOR('',#8267,10.);
#2170=VECTOR('',#8268,10.);
#2171=VECTOR('',#8271,10.);
#2172=VECTOR('',#8272,10.);
#2173=VECTOR('',#8273,10.);
#2174=VECTOR('',#8276,10.);
#2175=VECTOR('',#8277,10.);
#2176=VECTOR('',#8280,10.);
#2177=VECTOR('',#8281,10.);
#2178=VECTOR('',#8282,10.);
#2179=VECTOR('',#8283,10.);
#2180=VECTOR('',#8286,10.);
#2181=VECTOR('',#8287,10.);
#2182=VECTOR('',#8288,10.);
#2183=VECTOR('',#8291,10.);
#2184=VECTOR('',#8292,10.);
#2185=VECTOR('',#8293,10.);
#2186=VECTOR('',#8296,10.);
#2187=VECTOR('',#8297,10.);
#2188=VECTOR('',#8300,10.);
#2189=VECTOR('',#8301,10.);
#2190=VECTOR('',#8302,10.);
#2191=VECTOR('',#8303,10.);
#2192=VECTOR('',#8306,10.);
#2193=VECTOR('',#8307,10.);
#2194=VECTOR('',#8308,10.);
#2195=VECTOR('',#8311,10.);
#2196=VECTOR('',#8312,10.);
#2197=VECTOR('',#8313,10.);
#2198=VECTOR('',#8316,10.);
#2199=VECTOR('',#8317,10.);
#2200=VECTOR('',#8320,10.);
#2201=VECTOR('',#8321,10.);
#2202=VECTOR('',#8322,10.);
#2203=VECTOR('',#8323,10.);
#2204=VECTOR('',#8326,10.);
#2205=VECTOR('',#8327,10.);
#2206=VECTOR('',#8328,10.);
#2207=VECTOR('',#8331,10.);
#2208=VECTOR('',#8332,10.);
#2209=VECTOR('',#8333,10.);
#2210=VECTOR('',#8336,10.);
#2211=VECTOR('',#8337,10.);
#2212=VECTOR('',#8340,10.);
#2213=VECTOR('',#8341,10.);
#2214=VECTOR('',#8342,10.);
#2215=VECTOR('',#8343,10.);
#2216=VECTOR('',#8346,10.);
#2217=VECTOR('',#8347,10.);
#2218=VECTOR('',#8348,10.);
#2219=VECTOR('',#8351,10.);
#2220=VECTOR('',#8352,10.);
#2221=VECTOR('',#8353,10.);
#2222=VECTOR('',#8356,10.);
#2223=VECTOR('',#8357,10.);
#2224=VECTOR('',#8360,10.);
#2225=VECTOR('',#8361,10.);
#2226=VECTOR('',#8362,10.);
#2227=VECTOR('',#8363,10.);
#2228=VECTOR('',#8366,10.);
#2229=VECTOR('',#8367,10.);
#2230=VECTOR('',#8368,10.);
#2231=VECTOR('',#8371,10.);
#2232=VECTOR('',#8372,10.);
#2233=VECTOR('',#8373,10.);
#2234=VECTOR('',#8376,10.);
#2235=VECTOR('',#8377,10.);
#2236=VECTOR('',#8380,10.);
#2237=VECTOR('',#8381,10.);
#2238=VECTOR('',#8382,10.);
#2239=VECTOR('',#8383,10.);
#2240=VECTOR('',#8386,10.);
#2241=VECTOR('',#8387,10.);
#2242=VECTOR('',#8388,10.);
#2243=VECTOR('',#8391,10.);
#2244=VECTOR('',#8392,10.);
#2245=VECTOR('',#8393,10.);
#2246=VECTOR('',#8396,10.);
#2247=VECTOR('',#8397,10.);
#2248=VECTOR('',#8400,10.);
#2249=VECTOR('',#8401,10.);
#2250=VECTOR('',#8402,10.);
#2251=VECTOR('',#8403,10.);
#2252=VECTOR('',#8406,10.);
#2253=VECTOR('',#8407,10.);
#2254=VECTOR('',#8408,10.);
#2255=VECTOR('',#8411,10.);
#2256=VECTOR('',#8412,10.);
#2257=VECTOR('',#8413,10.);
#2258=VECTOR('',#8416,10.);
#2259=VECTOR('',#8417,10.);
#2260=VECTOR('',#8420,10.);
#2261=VECTOR('',#8421,10.);
#2262=VECTOR('',#8422,10.);
#2263=VECTOR('',#8423,10.);
#2264=VECTOR('',#8426,10.);
#2265=VECTOR('',#8427,10.);
#2266=VECTOR('',#8428,10.);
#2267=VECTOR('',#8431,10.);
#2268=VECTOR('',#8432,10.);
#2269=VECTOR('',#8433,10.);
#2270=VECTOR('',#8436,10.);
#2271=VECTOR('',#8437,10.);
#2272=VECTOR('',#8440,10.);
#2273=VECTOR('',#8441,10.);
#2274=VECTOR('',#8442,10.);
#2275=VECTOR('',#8443,10.);
#2276=VECTOR('',#8446,10.);
#2277=VECTOR('',#8447,10.);
#2278=VECTOR('',#8448,10.);
#2279=VECTOR('',#8451,10.);
#2280=VECTOR('',#8452,10.);
#2281=VECTOR('',#8453,10.);
#2282=VECTOR('',#8456,10.);
#2283=VECTOR('',#8457,10.);
#2284=VECTOR('',#8460,10.);
#2285=VECTOR('',#8461,10.);
#2286=VECTOR('',#8462,10.);
#2287=VECTOR('',#8463,10.);
#2288=VECTOR('',#8466,10.);
#2289=VECTOR('',#8467,10.);
#2290=VECTOR('',#8468,10.);
#2291=VECTOR('',#8471,10.);
#2292=VECTOR('',#8472,10.);
#2293=VECTOR('',#8473,10.);
#2294=VECTOR('',#8476,10.);
#2295=VECTOR('',#8477,10.);
#2296=VECTOR('',#8480,10.);
#2297=VECTOR('',#8481,10.);
#2298=VECTOR('',#8482,10.);
#2299=VECTOR('',#8483,10.);
#2300=VECTOR('',#8486,10.);
#2301=VECTOR('',#8487,10.);
#2302=VECTOR('',#8488,10.);
#2303=VECTOR('',#8491,10.);
#2304=VECTOR('',#8492,10.);
#2305=VECTOR('',#8493,10.);
#2306=VECTOR('',#8496,10.);
#2307=VECTOR('',#8497,10.);
#2308=VECTOR('',#8500,10.);
#2309=VECTOR('',#8501,10.);
#2310=VECTOR('',#8502,10.);
#2311=VECTOR('',#8503,10.);
#2312=VECTOR('',#8506,10.);
#2313=VECTOR('',#8507,10.);
#2314=VECTOR('',#8508,10.);
#2315=VECTOR('',#8511,10.);
#2316=VECTOR('',#8512,10.);
#2317=VECTOR('',#8513,10.);
#2318=VECTOR('',#8516,10.);
#2319=VECTOR('',#8517,10.);
#2320=VECTOR('',#8520,10.);
#2321=VECTOR('',#8521,10.);
#2322=VECTOR('',#8522,10.);
#2323=VECTOR('',#8523,10.);
#2324=VECTOR('',#8526,10.);
#2325=VECTOR('',#8527,10.);
#2326=VECTOR('',#8528,10.);
#2327=VECTOR('',#8531,10.);
#2328=VECTOR('',#8532,10.);
#2329=VECTOR('',#8533,10.);
#2330=VECTOR('',#8536,10.);
#2331=VECTOR('',#8537,10.);
#2332=VECTOR('',#8540,10.);
#2333=VECTOR('',#8541,10.);
#2334=VECTOR('',#8542,10.);
#2335=VECTOR('',#8543,10.);
#2336=VECTOR('',#8546,10.);
#2337=VECTOR('',#8547,10.);
#2338=VECTOR('',#8548,10.);
#2339=VECTOR('',#8551,10.);
#2340=VECTOR('',#8552,10.);
#2341=VECTOR('',#8553,10.);
#2342=VECTOR('',#8556,10.);
#2343=VECTOR('',#8557,10.);
#2344=VECTOR('',#8560,10.);
#2345=VECTOR('',#8561,10.);
#2346=VECTOR('',#8562,10.);
#2347=VECTOR('',#8563,10.);
#2348=VECTOR('',#8566,10.);
#2349=VECTOR('',#8567,10.);
#2350=VECTOR('',#8568,10.);
#2351=VECTOR('',#8571,10.);
#2352=VECTOR('',#8572,10.);
#2353=VECTOR('',#8573,10.);
#2354=VECTOR('',#8576,10.);
#2355=VECTOR('',#8577,10.);
#2356=VECTOR('',#8580,10.);
#2357=VECTOR('',#8581,10.);
#2358=VECTOR('',#8582,10.);
#2359=VECTOR('',#8583,10.);
#2360=VECTOR('',#8586,10.);
#2361=VECTOR('',#8587,10.);
#2362=VECTOR('',#8588,10.);
#2363=VECTOR('',#8595,10.);
#2364=VECTOR('',#8598,10.);
#2365=VECTOR('',#8599,10.);
#2366=VECTOR('',#8600,10.);
#2367=VECTOR('',#8603,10.);
#2368=VECTOR('',#8604,10.);
#2369=VECTOR('',#8605,10.);
#2370=VECTOR('',#8608,10.);
#2371=VECTOR('',#8609,10.);
#2372=VECTOR('',#8616,10.);
#2373=VECTOR('',#8617,10.);
#2374=VECTOR('',#8618,10.);
#2375=VECTOR('',#8619,10.);
#2376=VECTOR('',#8622,10.);
#2377=VECTOR('',#8623,10.);
#2378=VECTOR('',#8624,10.);
#2379=VECTOR('',#8627,10.);
#2380=VECTOR('',#8628,10.);
#2381=VECTOR('',#8631,10.);
#2382=VECTOR('',#8632,10.);
#2383=VECTOR('',#8635,10.);
#2384=VECTOR('',#8640,10.);
#2385=VECTOR('',#8641,10.);
#2386=VECTOR('',#8642,10.);
#2387=VECTOR('',#8643,10.);
#2388=VECTOR('',#8646,10.);
#2389=VECTOR('',#8647,10.);
#2390=VECTOR('',#8648,10.);
#2391=VECTOR('',#8651,10.);
#2392=VECTOR('',#8652,10.);
#2393=VECTOR('',#8655,10.);
#2394=VECTOR('',#8656,10.);
#2395=VECTOR('',#8659,10.);
#2396=VECTOR('',#8664,10.);
#2397=VECTOR('',#8665,10.);
#2398=VECTOR('',#8666,10.);
#2399=VECTOR('',#8667,10.);
#2400=VECTOR('',#8670,10.);
#2401=VECTOR('',#8671,10.);
#2402=VECTOR('',#8672,10.);
#2403=VECTOR('',#8675,10.);
#2404=VECTOR('',#8676,10.);
#2405=VECTOR('',#8679,10.);
#2406=VECTOR('',#8680,10.);
#2407=VECTOR('',#8683,10.);
#2408=VECTOR('',#8688,10.);
#2409=VECTOR('',#8689,10.);
#2410=VECTOR('',#8690,10.);
#2411=VECTOR('',#8691,10.);
#2412=VECTOR('',#8694,10.);
#2413=VECTOR('',#8695,10.);
#2414=VECTOR('',#8696,10.);
#2415=VECTOR('',#8699,10.);
#2416=VECTOR('',#8700,10.);
#2417=VECTOR('',#8703,10.);
#2418=VECTOR('',#8704,10.);
#2419=VECTOR('',#8707,10.);
#2420=VECTOR('',#8712,10.);
#2421=VECTOR('',#8713,10.);
#2422=VECTOR('',#8714,10.);
#2423=VECTOR('',#8715,10.);
#2424=VECTOR('',#8718,10.);
#2425=VECTOR('',#8719,10.);
#2426=VECTOR('',#8720,10.);
#2427=VECTOR('',#8723,10.);
#2428=VECTOR('',#8724,10.);
#2429=VECTOR('',#8727,10.);
#2430=VECTOR('',#8728,10.);
#2431=VECTOR('',#8731,10.);
#2432=VECTOR('',#8736,10.);
#2433=VECTOR('',#8737,10.);
#2434=VECTOR('',#8738,10.);
#2435=VECTOR('',#8739,10.);
#2436=VECTOR('',#8742,10.);
#2437=VECTOR('',#8743,10.);
#2438=VECTOR('',#8744,10.);
#2439=VECTOR('',#8747,10.);
#2440=VECTOR('',#8748,10.);
#2441=VECTOR('',#8751,10.);
#2442=VECTOR('',#8752,10.);
#2443=VECTOR('',#8755,10.);
#2444=VECTOR('',#8760,10.);
#2445=VECTOR('',#8761,10.);
#2446=VECTOR('',#8762,10.);
#2447=VECTOR('',#8763,10.);
#2448=VECTOR('',#8766,10.);
#2449=VECTOR('',#8767,10.);
#2450=VECTOR('',#8768,10.);
#2451=VECTOR('',#8771,10.);
#2452=VECTOR('',#8772,10.);
#2453=VECTOR('',#8775,10.);
#2454=VECTOR('',#8776,10.);
#2455=VECTOR('',#8779,10.);
#2456=VECTOR('',#8784,10.);
#2457=VECTOR('',#8785,10.);
#2458=VECTOR('',#8786,10.);
#2459=VECTOR('',#8787,10.);
#2460=VECTOR('',#8790,10.);
#2461=VECTOR('',#8791,10.);
#2462=VECTOR('',#8792,10.);
#2463=VECTOR('',#8795,10.);
#2464=VECTOR('',#8796,10.);
#2465=VECTOR('',#8799,10.);
#2466=VECTOR('',#8800,10.);
#2467=VECTOR('',#8803,10.);
#2468=VECTOR('',#8808,10.);
#2469=VECTOR('',#8809,10.);
#2470=VECTOR('',#8810,10.);
#2471=VECTOR('',#8811,10.);
#2472=VECTOR('',#8814,10.);
#2473=VECTOR('',#8815,10.);
#2474=VECTOR('',#8816,10.);
#2475=VECTOR('',#8819,10.);
#2476=VECTOR('',#8820,10.);
#2477=VECTOR('',#8823,10.);
#2478=VECTOR('',#8824,10.);
#2479=VECTOR('',#8827,10.);
#2480=VECTOR('',#8832,10.);
#2481=VECTOR('',#8833,10.);
#2482=VECTOR('',#8834,10.);
#2483=VECTOR('',#8835,10.);
#2484=VECTOR('',#8838,10.);
#2485=VECTOR('',#8839,10.);
#2486=VECTOR('',#8840,10.);
#2487=VECTOR('',#8843,10.);
#2488=VECTOR('',#8844,10.);
#2489=VECTOR('',#8847,10.);
#2490=VECTOR('',#8848,10.);
#2491=VECTOR('',#8851,10.);
#2492=VECTOR('',#8856,10.);
#2493=VECTOR('',#8857,10.);
#2494=VECTOR('',#8858,10.);
#2495=VECTOR('',#8859,10.);
#2496=VECTOR('',#8862,10.);
#2497=VECTOR('',#8863,10.);
#2498=VECTOR('',#8864,10.);
#2499=VECTOR('',#8867,10.);
#2500=VECTOR('',#8868,10.);
#2501=VECTOR('',#8871,10.);
#2502=VECTOR('',#8872,10.);
#2503=VECTOR('',#8875,10.);
#2504=VECTOR('',#8880,10.);
#2505=VECTOR('',#8881,10.);
#2506=VECTOR('',#8882,10.);
#2507=VECTOR('',#8883,10.);
#2508=VECTOR('',#8886,10.);
#2509=VECTOR('',#8887,10.);
#2510=VECTOR('',#8888,10.);
#2511=VECTOR('',#8891,10.);
#2512=VECTOR('',#8892,10.);
#2513=VECTOR('',#8895,10.);
#2514=VECTOR('',#8896,10.);
#2515=VECTOR('',#8899,10.);
#2516=VECTOR('',#8904,10.);
#2517=VECTOR('',#8905,10.);
#2518=VECTOR('',#8906,10.);
#2519=VECTOR('',#8907,10.);
#2520=VECTOR('',#8910,10.);
#2521=VECTOR('',#8911,10.);
#2522=VECTOR('',#8912,10.);
#2523=VECTOR('',#8915,10.);
#2524=VECTOR('',#8916,10.);
#2525=VECTOR('',#8919,10.);
#2526=VECTOR('',#8920,10.);
#2527=VECTOR('',#8923,10.);
#2528=VECTOR('',#8928,10.);
#2529=VECTOR('',#8929,10.);
#2530=VECTOR('',#8930,10.);
#2531=VECTOR('',#8931,10.);
#2532=VECTOR('',#8934,10.);
#2533=VECTOR('',#8935,10.);
#2534=VECTOR('',#8936,10.);
#2535=VECTOR('',#8939,10.);
#2536=VECTOR('',#8940,10.);
#2537=VECTOR('',#8943,10.);
#2538=VECTOR('',#8944,10.);
#2539=VECTOR('',#8947,10.);
#2540=VECTOR('',#8952,10.);
#2541=VECTOR('',#8953,10.);
#2542=VECTOR('',#8954,10.);
#2543=VECTOR('',#8955,10.);
#2544=VECTOR('',#8958,10.);
#2545=VECTOR('',#8959,10.);
#2546=VECTOR('',#8960,10.);
#2547=VECTOR('',#8963,10.);
#2548=VECTOR('',#8964,10.);
#2549=VECTOR('',#8967,10.);
#2550=VECTOR('',#8968,10.);
#2551=VECTOR('',#8971,10.);
#2552=VECTOR('',#8976,10.);
#2553=VECTOR('',#8977,10.);
#2554=VECTOR('',#8978,10.);
#2555=VECTOR('',#8979,10.);
#2556=VECTOR('',#8982,10.);
#2557=VECTOR('',#8983,10.);
#2558=VECTOR('',#8984,10.);
#2559=VECTOR('',#8987,10.);
#2560=VECTOR('',#8988,10.);
#2561=VECTOR('',#8991,10.);
#2562=VECTOR('',#8992,10.);
#2563=VECTOR('',#8995,10.);
#2564=VECTOR('',#9002,10.);
#2565=VECTOR('',#9005,10.);
#2566=VECTOR('',#9008,10.);
#2567=VECTOR('',#9011,10.);
#2568=VECTOR('',#9014,10.);
#2569=VECTOR('',#9017,10.);
#2570=VECTOR('',#9018,10.);
#2571=VECTOR('',#9019,10.);
#2572=VECTOR('',#9020,10.);
#2573=VECTOR('',#9021,10.);
#2574=VECTOR('',#9024,10.);
#2575=VECTOR('',#9025,10.);
#2576=VECTOR('',#9030,10.);
#2577=VECTOR('',#9033,10.);
#2578=VECTOR('',#9036,10.);
#2579=VECTOR('',#9039,10.);
#2580=VECTOR('',#9040,10.);
#2581=VECTOR('',#9045,10.);
#2582=VECTOR('',#9048,10.);
#2583=VECTOR('',#9051,10.);
#2584=VECTOR('',#9052,10.);
#2585=VECTOR('',#9053,10.);
#2586=VECTOR('',#9056,10.);
#2587=VECTOR('',#9057,10.);
#2588=VECTOR('',#9060,10.);
#2589=VECTOR('',#9061,10.);
#2590=VECTOR('',#9064,10.);
#2591=VECTOR('',#9067,10.);
#2592=VECTOR('',#9074,10.);
#2593=VECTOR('',#9077,10.);
#2594=VECTOR('',#9080,10.);
#2595=VECTOR('',#9083,10.);
#2596=VECTOR('',#9086,10.);
#2597=VECTOR('',#9089,10.);
#2598=VECTOR('',#9090,10.);
#2599=VECTOR('',#9091,10.);
#2600=VECTOR('',#9092,10.);
#2601=VECTOR('',#9093,10.);
#2602=VECTOR('',#9096,10.);
#2603=VECTOR('',#9097,10.);
#2604=VECTOR('',#9102,10.);
#2605=VECTOR('',#9107,10.);
#2606=VECTOR('',#9108,10.);
#2607=VECTOR('',#9111,10.);
#2608=VECTOR('',#9112,10.);
#2609=VECTOR('',#9117,10.);
#2610=VECTOR('',#9120,10.);
#2611=VECTOR('',#9123,10.);
#2612=VECTOR('',#9124,10.);
#2613=VECTOR('',#9125,10.);
#2614=VECTOR('',#9128,10.);
#2615=VECTOR('',#9129,10.);
#2616=VECTOR('',#9132,10.);
#2617=VECTOR('',#9133,10.);
#2618=VECTOR('',#9136,10.);
#2619=VECTOR('',#9139,10.);
#2620=VECTOR('',#9146,10.);
#2621=VECTOR('',#9149,10.);
#2622=VECTOR('',#9152,10.);
#2623=VECTOR('',#9155,10.);
#2624=VECTOR('',#9156,10.);
#2625=VECTOR('',#9157,10.);
#2626=VECTOR('',#9160,10.);
#2627=VECTOR('',#9161,10.);
#2628=VECTOR('',#9166,10.);
#2629=VECTOR('',#9169,10.);
#2630=VECTOR('',#9170,10.);
#2631=VECTOR('',#9171,10.);
#2632=VECTOR('',#9174,10.);
#2633=VECTOR('',#9177,10.);
#2634=VECTOR('',#9184,10.);
#2635=VECTOR('',#9187,10.);
#2636=VECTOR('',#9190,10.);
#2637=VECTOR('',#9193,10.);
#2638=VECTOR('',#9194,10.);
#2639=VECTOR('',#9195,10.);
#2640=VECTOR('',#9198,10.);
#2641=VECTOR('',#9199,10.);
#2642=VECTOR('',#9204,10.);
#2643=VECTOR('',#9207,10.);
#2644=VECTOR('',#9208,10.);
#2645=VECTOR('',#9211,10.);
#2646=VECTOR('',#9212,10.);
#2647=VECTOR('',#9215,10.);
#2648=VECTOR('',#9222,10.);
#2649=VECTOR('',#9225,10.);
#2650=VECTOR('',#9228,10.);
#2651=VECTOR('',#9229,10.);
#2652=VECTOR('',#9230,10.);
#2653=VECTOR('',#9233,10.);
#2654=VECTOR('',#9234,10.);
#2655=VECTOR('',#9237,10.);
#2656=VECTOR('',#9238,10.);
#2657=VECTOR('',#9239,10.);
#2658=VECTOR('',#9246,10.);
#2659=VECTOR('',#9249,10.);
#2660=VECTOR('',#9250,10.);
#2661=VECTOR('',#9251,10.);
#2662=VECTOR('',#9254,10.);
#2663=VECTOR('',#9259,10.);
#2664=VECTOR('',#9262,10.);
#2665=VECTOR('',#9263,10.);
#2666=VECTOR('',#9266,10.);
#2667=VECTOR('',#9267,10.);
#2668=VECTOR('',#9270,10.);
#2669=VECTOR('',#9277,10.);
#2670=VECTOR('',#9280,10.);
#2671=VECTOR('',#9283,10.);
#2672=VECTOR('',#9286,10.);
#2673=VECTOR('',#9289,10.);
#2674=VECTOR('',#9292,10.);
#2675=VECTOR('',#9293,10.);
#2676=VECTOR('',#9294,10.);
#2677=VECTOR('',#9295,10.);
#2678=VECTOR('',#9296,10.);
#2679=VECTOR('',#9299,10.);
#2680=VECTOR('',#9300,10.);
#2681=VECTOR('',#9305,10.);
#2682=VECTOR('',#9308,10.);
#2683=VECTOR('',#9311,10.);
#2684=VECTOR('',#9314,10.);
#2685=VECTOR('',#9315,10.);
#2686=VECTOR('',#9320,10.);
#2687=VECTOR('',#9323,10.);
#2688=VECTOR('',#9326,10.);
#2689=VECTOR('',#9327,10.);
#2690=VECTOR('',#9328,10.);
#2691=VECTOR('',#9331,10.);
#2692=VECTOR('',#9332,10.);
#2693=VECTOR('',#9335,10.);
#2694=VECTOR('',#9336,10.);
#2695=VECTOR('',#9339,10.);
#2696=VECTOR('',#9342,10.);
#2697=VECTOR('',#9349,10.);
#2698=VECTOR('',#9352,10.);
#2699=VECTOR('',#9355,10.);
#2700=VECTOR('',#9356,10.);
#2701=VECTOR('',#9357,10.);
#2702=VECTOR('',#9360,10.);
#2703=VECTOR('',#9363,10.);
#2704=VECTOR('',#9366,10.);
#2705=VECTOR('',#9369,10.);
#2706=VECTOR('',#9370,10.);
#2707=VECTOR('',#9371,10.);
#2708=VECTOR('',#9372,10.);
#2709=VECTOR('',#9375,10.);
#2710=VECTOR('',#9378,10.);
#2711=VECTOR('',#9383,10.);
#2712=VECTOR('',#9384,10.);
#2713=VECTOR('',#9387,10.);
#2714=VECTOR('',#9388,10.);
#2715=VECTOR('',#9389,10.);
#2716=VECTOR('',#9390,10.);
#2717=VECTOR('',#9391,10.);
#2718=VECTOR('',#9394,10.);
#2719=VECTOR('',#9397,10.);
#2720=VECTOR('',#9400,10.);
#2721=VECTOR('',#9405,10.);
#2722=VECTOR('',#9406,10.);
#2723=VECTOR('',#9409,10.);
#2724=VECTOR('',#9412,10.);
#2725=VECTOR('',#9421,10.);
#2726=VECTOR('',#9424,10.);
#2727=VECTOR('',#9427,10.);
#2728=VECTOR('',#9430,10.);
#2729=VECTOR('',#9433,10.);
#2730=VECTOR('',#9436,10.);
#2731=VECTOR('',#9437,10.);
#2732=VECTOR('',#9438,10.);
#2733=VECTOR('',#9439,10.);
#2734=VECTOR('',#9440,10.);
#2735=VECTOR('',#9443,10.);
#2736=VECTOR('',#9444,10.);
#2737=VECTOR('',#9449,10.);
#2738=VECTOR('',#9454,10.);
#2739=VECTOR('',#9455,10.);
#2740=VECTOR('',#9458,10.);
#2741=VECTOR('',#9459,10.);
#2742=VECTOR('',#9464,10.);
#2743=VECTOR('',#9467,10.);
#2744=VECTOR('',#9470,10.);
#2745=VECTOR('',#9471,10.);
#2746=VECTOR('',#9472,10.);
#2747=VECTOR('',#9473,10.);
#2748=VECTOR('',#9474,10.);
#2749=VECTOR('',#9477,10.);
#2750=VECTOR('',#9478,10.);
#2751=VECTOR('',#9481,10.);
#2752=VECTOR('',#9484,10.);
#2753=VECTOR('',#9493,10.);
#2754=VECTOR('',#9496,10.);
#2755=VECTOR('',#9499,10.);
#2756=VECTOR('',#9502,10.);
#2757=VECTOR('',#9505,10.);
#2758=VECTOR('',#9508,10.);
#2759=VECTOR('',#9509,10.);
#2760=VECTOR('',#9510,10.);
#2761=VECTOR('',#9511,10.);
#2762=VECTOR('',#9512,10.);
#2763=VECTOR('',#9515,10.);
#2764=VECTOR('',#9516,10.);
#2765=VECTOR('',#9521,10.);
#2766=VECTOR('',#9524,10.);
#2767=VECTOR('',#9527,10.);
#2768=VECTOR('',#9530,10.);
#2769=VECTOR('',#9531,10.);
#2770=VECTOR('',#9536,10.);
#2771=VECTOR('',#9539,10.);
#2772=VECTOR('',#9542,10.);
#2773=VECTOR('',#9543,10.);
#2774=VECTOR('',#9544,10.);
#2775=VECTOR('',#9547,10.);
#2776=VECTOR('',#9548,10.);
#2777=VECTOR('',#9551,10.);
#2778=VECTOR('',#9552,10.);
#2779=VECTOR('',#9555,10.);
#2780=VECTOR('',#9558,10.);
#2781=VECTOR('',#9565,10.);
#2782=VECTOR('',#9568,10.);
#2783=VECTOR('',#9571,10.);
#2784=VECTOR('',#9572,10.);
#2785=VECTOR('',#9573,10.);
#2786=VECTOR('',#9576,10.);
#2787=VECTOR('',#9579,10.);
#2788=VECTOR('',#9582,10.);
#2789=VECTOR('',#9585,10.);
#2790=VECTOR('',#9586,10.);
#2791=VECTOR('',#9587,10.);
#2792=VECTOR('',#9588,10.);
#2793=VECTOR('',#9593,10.);
#2794=VECTOR('',#9594,10.);
#2795=VECTOR('',#9597,10.);
#2796=VECTOR('',#9598,10.);
#2797=VECTOR('',#9603,10.);
#2798=VECTOR('',#9606,10.);
#2799=VECTOR('',#9609,10.);
#2800=VECTOR('',#9610,10.);
#2801=VECTOR('',#9611,10.);
#2802=VECTOR('',#9612,10.);
#2803=VECTOR('',#9613,10.);
#2804=VECTOR('',#9616,10.);
#2805=VECTOR('',#9621,10.);
#2806=VECTOR('',#9622,10.);
#2807=VECTOR('',#9625,10.);
#2808=VECTOR('',#9628,10.);
#2809=VECTOR('',#9637,10.);
#2810=VECTOR('',#9640,10.);
#2811=VECTOR('',#9643,10.);
#2812=VECTOR('',#9644,10.);
#2813=VECTOR('',#9645,10.);
#2814=VECTOR('',#9648,10.);
#2815=VECTOR('',#9651,10.);
#2816=VECTOR('',#9654,10.);
#2817=VECTOR('',#9657,10.);
#2818=VECTOR('',#9658,10.);
#2819=VECTOR('',#9659,10.);
#2820=VECTOR('',#9660,10.);
#2821=VECTOR('',#9663,10.);
#2822=VECTOR('',#9666,10.);
#2823=VECTOR('',#9669,10.);
#2824=VECTOR('',#9670,10.);
#2825=VECTOR('',#9675,10.);
#2826=VECTOR('',#9680,10.);
#2827=VECTOR('',#9683,10.);
#2828=VECTOR('',#9686,10.);
#2829=VECTOR('',#9687,10.);
#2830=VECTOR('',#9688,10.);
#2831=VECTOR('',#9689,10.);
#2832=VECTOR('',#9690,10.);
#2833=VECTOR('',#9693,10.);
#2834=VECTOR('',#9694,10.);
#2835=VECTOR('',#9697,10.);
#2836=VECTOR('',#9700,10.);
#2837=VECTOR('',#9709,10.);
#2838=VECTOR('',#9712,10.);
#2839=VECTOR('',#9715,10.);
#2840=VECTOR('',#9716,10.);
#2841=VECTOR('',#9717,10.);
#2842=VECTOR('',#9720,10.);
#2843=VECTOR('',#9723,10.);
#2844=VECTOR('',#9726,10.);
#2845=VECTOR('',#9729,10.);
#2846=VECTOR('',#9730,10.);
#2847=VECTOR('',#9731,10.);
#2848=VECTOR('',#9732,10.);
#2849=VECTOR('',#9737,10.);
#2850=VECTOR('',#9738,10.);
#2851=VECTOR('',#9741,10.);
#2852=VECTOR('',#9742,10.);
#2853=VECTOR('',#9747,10.);
#2854=VECTOR('',#9750,10.);
#2855=VECTOR('',#9755,10.);
#2856=VECTOR('',#9756,10.);
#2857=VECTOR('',#9757,10.);
#2858=VECTOR('',#9758,10.);
#2859=VECTOR('',#9759,10.);
#2860=VECTOR('',#9760,10.);
#2861=VECTOR('',#9765,10.);
#2862=VECTOR('',#9766,10.);
#2863=VECTOR('',#9769,10.);
#2864=VECTOR('',#9772,10.);
#2865=VECTOR('',#9781,10.);
#2866=VECTOR('',#9784,10.);
#2867=VECTOR('',#9787,10.);
#2868=VECTOR('',#9788,10.);
#2869=VECTOR('',#9789,10.);
#2870=VECTOR('',#9792,10.);
#2871=VECTOR('',#9795,10.);
#2872=VECTOR('',#9798,10.);
#2873=VECTOR('',#9801,10.);
#2874=VECTOR('',#9802,10.);
#2875=VECTOR('',#9803,10.);
#2876=VECTOR('',#9804,10.);
#2877=VECTOR('',#9809,10.);
#2878=VECTOR('',#9812,10.);
#2879=VECTOR('',#9813,10.);
#2880=VECTOR('',#9818,10.);
#2881=VECTOR('',#9821,10.);
#2882=VECTOR('',#9822,10.);
#2883=VECTOR('',#9825,10.);
#2884=VECTOR('',#9830,10.);
#2885=VECTOR('',#9833,10.);
#2886=VECTOR('',#9834,10.);
#2887=VECTOR('',#9835,10.);
#2888=VECTOR('',#9838,10.);
#2889=VECTOR('',#9839,10.);
#2890=VECTOR('',#9842,10.);
#2891=VECTOR('',#9843,10.);
#2892=VECTOR('',#9846,10.);
#2893=VECTOR('',#9853,10.);
#2894=VECTOR('',#9856,10.);
#2895=VECTOR('',#9859,10.);
#2896=VECTOR('',#9860,10.);
#2897=VECTOR('',#9861,10.);
#2898=VECTOR('',#9864,10.);
#2899=VECTOR('',#9867,10.);
#2900=VECTOR('',#9870,10.);
#2901=VECTOR('',#9873,10.);
#2902=VECTOR('',#9874,10.);
#2903=VECTOR('',#9875,10.);
#2904=VECTOR('',#9876,10.);
#2905=VECTOR('',#9879,10.);
#2906=VECTOR('',#9882,10.);
#2907=VECTOR('',#9885,10.);
#2908=VECTOR('',#9886,10.);
#2909=VECTOR('',#9891,10.);
#2910=VECTOR('',#9894,10.);
#2911=VECTOR('',#9895,10.);
#2912=VECTOR('',#9896,10.);
#2913=VECTOR('',#9897,10.);
#2914=VECTOR('',#9898,10.);
#2915=VECTOR('',#9901,10.);
#2916=VECTOR('',#9904,10.);
#2917=VECTOR('',#9909,10.);
#2918=VECTOR('',#9910,10.);
#2919=VECTOR('',#9913,10.);
#2920=VECTOR('',#9916,10.);
#2921=VECTOR('',#9925,10.);
#2922=VECTOR('',#9928,10.);
#2923=VECTOR('',#9931,10.);
#2924=VECTOR('',#9932,10.);
#2925=VECTOR('',#9933,10.);
#2926=VECTOR('',#9936,10.);
#2927=VECTOR('',#9939,10.);
#2928=VECTOR('',#9942,10.);
#2929=VECTOR('',#9945,10.);
#2930=VECTOR('',#9946,10.);
#2931=VECTOR('',#9947,10.);
#2932=VECTOR('',#9948,10.);
#2933=VECTOR('',#9951,10.);
#2934=VECTOR('',#9954,10.);
#2935=VECTOR('',#9957,10.);
#2936=VECTOR('',#9958,10.);
#2937=VECTOR('',#9963,10.);
#2938=VECTOR('',#9966,10.);
#2939=VECTOR('',#9967,10.);
#2940=VECTOR('',#9968,10.);
#2941=VECTOR('',#9969,10.);
#2942=VECTOR('',#9970,10.);
#2943=VECTOR('',#9973,10.);
#2944=VECTOR('',#9976,10.);
#2945=VECTOR('',#9981,10.);
#2946=VECTOR('',#9982,10.);
#2947=VECTOR('',#9985,10.);
#2948=VECTOR('',#9988,10.);
#2949=VECTOR('',#9997,10.);
#2950=VECTOR('',#10000,10.);
#2951=VECTOR('',#10003,10.);
#2952=VECTOR('',#10004,10.);
#2953=VECTOR('',#10005,10.);
#2954=VECTOR('',#10008,10.);
#2955=VECTOR('',#10011,10.);
#2956=VECTOR('',#10014,10.);
#2957=VECTOR('',#10017,10.);
#2958=VECTOR('',#10018,10.);
#2959=VECTOR('',#10019,10.);
#2960=VECTOR('',#10020,10.);
#2961=VECTOR('',#10023,10.);
#2962=VECTOR('',#10026,10.);
#2963=VECTOR('',#10029,10.);
#2964=VECTOR('',#10030,10.);
#2965=VECTOR('',#10035,10.);
#2966=VECTOR('',#10038,10.);
#2967=VECTOR('',#10039,10.);
#2968=VECTOR('',#10040,10.);
#2969=VECTOR('',#10041,10.);
#2970=VECTOR('',#10042,10.);
#2971=VECTOR('',#10045,10.);
#2972=VECTOR('',#10048,10.);
#2973=VECTOR('',#10055,10.);
#2974=VECTOR('',#10056,10.);
#2975=VECTOR('',#10059,10.);
#2976=VECTOR('',#10062,10.);
#2977=VECTOR('',#10069,10.);
#2978=VECTOR('',#10072,10.);
#2979=VECTOR('',#10075,10.);
#2980=VECTOR('',#10078,10.);
#2981=VECTOR('',#10081,10.);
#2982=VECTOR('',#10084,10.);
#2983=VECTOR('',#10085,10.);
#2984=VECTOR('',#10086,10.);
#2985=VECTOR('',#10087,10.);
#2986=VECTOR('',#10088,10.);
#2987=VECTOR('',#10091,10.);
#2988=VECTOR('',#10092,10.);
#2989=VECTOR('',#10097,10.);
#2990=VECTOR('',#10100,10.);
#2991=VECTOR('',#10103,10.);
#2992=VECTOR('',#10106,10.);
#2993=VECTOR('',#10107,10.);
#2994=VECTOR('',#10110,10.);
#2995=VECTOR('',#10113,10.);
#2996=VECTOR('',#10114,10.);
#2997=VECTOR('',#10115,10.);
#2998=VECTOR('',#10116,10.);
#2999=VECTOR('',#10117,10.);
#3000=VECTOR('',#10120,10.);
#3001=VECTOR('',#10125,10.);
#3002=VECTOR('',#10126,10.);
#3003=VECTOR('',#10129,10.);
#3004=VECTOR('',#10132,10.);
#3005=VECTOR('',#10141,10.);
#3006=VECTOR('',#10144,10.);
#3007=VECTOR('',#10147,10.);
#3008=VECTOR('',#10148,10.);
#3009=VECTOR('',#10149,10.);
#3010=VECTOR('',#10152,10.);
#3011=VECTOR('',#10155,10.);
#3012=VECTOR('',#10158,10.);
#3013=VECTOR('',#10161,10.);
#3014=VECTOR('',#10162,10.);
#3015=VECTOR('',#10163,10.);
#3016=VECTOR('',#10164,10.);
#3017=VECTOR('',#10167,10.);
#3018=VECTOR('',#10170,10.);
#3019=VECTOR('',#10175,10.);
#3020=VECTOR('',#10176,10.);
#3021=VECTOR('',#10179,10.);
#3022=VECTOR('',#10180,10.);
#3023=VECTOR('',#10181,10.);
#3024=VECTOR('',#10182,10.);
#3025=VECTOR('',#10183,10.);
#3026=VECTOR('',#10186,10.);
#3027=VECTOR('',#10189,10.);
#3028=VECTOR('',#10192,10.);
#3029=VECTOR('',#10197,10.);
#3030=VECTOR('',#10198,10.);
#3031=VECTOR('',#10201,10.);
#3032=VECTOR('',#10204,10.);
#3033=VECTOR('',#10213,10.);
#3034=VECTOR('',#10216,10.);
#3035=VECTOR('',#10219,10.);
#3036=VECTOR('',#10220,10.);
#3037=VECTOR('',#10221,10.);
#3038=VECTOR('',#10224,10.);
#3039=VECTOR('',#10227,10.);
#3040=VECTOR('',#10230,10.);
#3041=VECTOR('',#10233,10.);
#3042=VECTOR('',#10234,10.);
#3043=VECTOR('',#10235,10.);
#3044=VECTOR('',#10236,10.);
#3045=VECTOR('',#10239,10.);
#3046=VECTOR('',#10242,10.);
#3047=VECTOR('',#10245,10.);
#3048=VECTOR('',#10246,10.);
#3049=VECTOR('',#10255,10.);
#3050=VECTOR('',#10256,10.);
#3051=VECTOR('',#10259,10.);
#3052=VECTOR('',#10262,10.);
#3053=VECTOR('',#10263,10.);
#3054=VECTOR('',#10264,10.);
#3055=VECTOR('',#10265,10.);
#3056=VECTOR('',#10266,10.);
#3057=VECTOR('',#10269,10.);
#3058=VECTOR('',#10270,10.);
#3059=VECTOR('',#10273,10.);
#3060=VECTOR('',#10276,10.);
#3061=VERTEX_POINT('',#10283);
#3062=VERTEX_POINT('',#10284);
#3063=VERTEX_POINT('',#10286);
#3064=VERTEX_POINT('',#10288);
#3065=VERTEX_POINT('',#10292);
#3066=VERTEX_POINT('',#10294);
#3067=VERTEX_POINT('',#10298);
#3068=VERTEX_POINT('',#10300);
#3069=VERTEX_POINT('',#10307);
#3070=VERTEX_POINT('',#10308);
#3071=VERTEX_POINT('',#10310);
#3072=VERTEX_POINT('',#10312);
#3073=VERTEX_POINT('',#10316);
#3074=VERTEX_POINT('',#10318);
#3075=VERTEX_POINT('',#10322);
#3076=VERTEX_POINT('',#10324);
#3077=VERTEX_POINT('',#10331);
#3078=VERTEX_POINT('',#10332);
#3079=VERTEX_POINT('',#10334);
#3080=VERTEX_POINT('',#10336);
#3081=VERTEX_POINT('',#10340);
#3082=VERTEX_POINT('',#10342);
#3083=VERTEX_POINT('',#10346);
#3084=VERTEX_POINT('',#10348);
#3085=VERTEX_POINT('',#10355);
#3086=VERTEX_POINT('',#10356);
#3087=VERTEX_POINT('',#10358);
#3088=VERTEX_POINT('',#10360);
#3089=VERTEX_POINT('',#10364);
#3090=VERTEX_POINT('',#10366);
#3091=VERTEX_POINT('',#10370);
#3092=VERTEX_POINT('',#10372);
#3093=VERTEX_POINT('',#10379);
#3094=VERTEX_POINT('',#10380);
#3095=VERTEX_POINT('',#10382);
#3096=VERTEX_POINT('',#10384);
#3097=VERTEX_POINT('',#10388);
#3098=VERTEX_POINT('',#10390);
#3099=VERTEX_POINT('',#10394);
#3100=VERTEX_POINT('',#10396);
#3101=VERTEX_POINT('',#10403);
#3102=VERTEX_POINT('',#10404);
#3103=VERTEX_POINT('',#10406);
#3104=VERTEX_POINT('',#10408);
#3105=VERTEX_POINT('',#10412);
#3106=VERTEX_POINT('',#10414);
#3107=VERTEX_POINT('',#10418);
#3108=VERTEX_POINT('',#10420);
#3109=VERTEX_POINT('',#10427);
#3110=VERTEX_POINT('',#10428);
#3111=VERTEX_POINT('',#10430);
#3112=VERTEX_POINT('',#10432);
#3113=VERTEX_POINT('',#10436);
#3114=VERTEX_POINT('',#10438);
#3115=VERTEX_POINT('',#10442);
#3116=VERTEX_POINT('',#10444);
#3117=VERTEX_POINT('',#10451);
#3118=VERTEX_POINT('',#10452);
#3119=VERTEX_POINT('',#10454);
#3120=VERTEX_POINT('',#10456);
#3121=VERTEX_POINT('',#10460);
#3122=VERTEX_POINT('',#10462);
#3123=VERTEX_POINT('',#10466);
#3124=VERTEX_POINT('',#10468);
#3125=VERTEX_POINT('',#10475);
#3126=VERTEX_POINT('',#10476);
#3127=VERTEX_POINT('',#10478);
#3128=VERTEX_POINT('',#10480);
#3129=VERTEX_POINT('',#10484);
#3130=VERTEX_POINT('',#10486);
#3131=VERTEX_POINT('',#10490);
#3132=VERTEX_POINT('',#10492);
#3133=VERTEX_POINT('',#10499);
#3134=VERTEX_POINT('',#10500);
#3135=VERTEX_POINT('',#10502);
#3136=VERTEX_POINT('',#10504);
#3137=VERTEX_POINT('',#10508);
#3138=VERTEX_POINT('',#10510);
#3139=VERTEX_POINT('',#10514);
#3140=VERTEX_POINT('',#10516);
#3141=VERTEX_POINT('',#10523);
#3142=VERTEX_POINT('',#10524);
#3143=VERTEX_POINT('',#10526);
#3144=VERTEX_POINT('',#10528);
#3145=VERTEX_POINT('',#10532);
#3146=VERTEX_POINT('',#10534);
#3147=VERTEX_POINT('',#10538);
#3148=VERTEX_POINT('',#10540);
#3149=VERTEX_POINT('',#10547);
#3150=VERTEX_POINT('',#10548);
#3151=VERTEX_POINT('',#10550);
#3152=VERTEX_POINT('',#10552);
#3153=VERTEX_POINT('',#10556);
#3154=VERTEX_POINT('',#10558);
#3155=VERTEX_POINT('',#10562);
#3156=VERTEX_POINT('',#10564);
#3157=VERTEX_POINT('',#10571);
#3158=VERTEX_POINT('',#10572);
#3159=VERTEX_POINT('',#10574);
#3160=VERTEX_POINT('',#10576);
#3161=VERTEX_POINT('',#10580);
#3162=VERTEX_POINT('',#10582);
#3163=VERTEX_POINT('',#10586);
#3164=VERTEX_POINT('',#10588);
#3165=VERTEX_POINT('',#10595);
#3166=VERTEX_POINT('',#10596);
#3167=VERTEX_POINT('',#10598);
#3168=VERTEX_POINT('',#10600);
#3169=VERTEX_POINT('',#10604);
#3170=VERTEX_POINT('',#10606);
#3171=VERTEX_POINT('',#10610);
#3172=VERTEX_POINT('',#10612);
#3173=VERTEX_POINT('',#10619);
#3174=VERTEX_POINT('',#10620);
#3175=VERTEX_POINT('',#10622);
#3176=VERTEX_POINT('',#10624);
#3177=VERTEX_POINT('',#10628);
#3178=VERTEX_POINT('',#10630);
#3179=VERTEX_POINT('',#10634);
#3180=VERTEX_POINT('',#10636);
#3181=VERTEX_POINT('',#10643);
#3182=VERTEX_POINT('',#10644);
#3183=VERTEX_POINT('',#10646);
#3184=VERTEX_POINT('',#10648);
#3185=VERTEX_POINT('',#10652);
#3186=VERTEX_POINT('',#10654);
#3187=VERTEX_POINT('',#10658);
#3188=VERTEX_POINT('',#10660);
#3189=VERTEX_POINT('',#10667);
#3190=VERTEX_POINT('',#10668);
#3191=VERTEX_POINT('',#10670);
#3192=VERTEX_POINT('',#10672);
#3193=VERTEX_POINT('',#10676);
#3194=VERTEX_POINT('',#10678);
#3195=VERTEX_POINT('',#10682);
#3196=VERTEX_POINT('',#10684);
#3197=VERTEX_POINT('',#10688);
#3198=VERTEX_POINT('',#10690);
#3199=VERTEX_POINT('',#10694);
#3200=VERTEX_POINT('',#10696);
#3201=VERTEX_POINT('',#10705);
#3202=VERTEX_POINT('',#10706);
#3203=VERTEX_POINT('',#10708);
#3204=VERTEX_POINT('',#10710);
#3205=VERTEX_POINT('',#10714);
#3206=VERTEX_POINT('',#10716);
#3207=VERTEX_POINT('',#10720);
#3208=VERTEX_POINT('',#10724);
#3209=VERTEX_POINT('',#10731);
#3210=VERTEX_POINT('',#10732);
#3211=VERTEX_POINT('',#10734);
#3212=VERTEX_POINT('',#10736);
#3213=VERTEX_POINT('',#10740);
#3214=VERTEX_POINT('',#10742);
#3215=VERTEX_POINT('',#10746);
#3216=VERTEX_POINT('',#10750);
#3217=VERTEX_POINT('',#10757);
#3218=VERTEX_POINT('',#10758);
#3219=VERTEX_POINT('',#10760);
#3220=VERTEX_POINT('',#10762);
#3221=VERTEX_POINT('',#10766);
#3222=VERTEX_POINT('',#10768);
#3223=VERTEX_POINT('',#10772);
#3224=VERTEX_POINT('',#10776);
#3225=VERTEX_POINT('',#10783);
#3226=VERTEX_POINT('',#10784);
#3227=VERTEX_POINT('',#10786);
#3228=VERTEX_POINT('',#10788);
#3229=VERTEX_POINT('',#10792);
#3230=VERTEX_POINT('',#10794);
#3231=VERTEX_POINT('',#10798);
#3232=VERTEX_POINT('',#10802);
#3233=VERTEX_POINT('',#10809);
#3234=VERTEX_POINT('',#10810);
#3235=VERTEX_POINT('',#10812);
#3236=VERTEX_POINT('',#10814);
#3237=VERTEX_POINT('',#10818);
#3238=VERTEX_POINT('',#10820);
#3239=VERTEX_POINT('',#10824);
#3240=VERTEX_POINT('',#10828);
#3241=VERTEX_POINT('',#10835);
#3242=VERTEX_POINT('',#10836);
#3243=VERTEX_POINT('',#10838);
#3244=VERTEX_POINT('',#10840);
#3245=VERTEX_POINT('',#10844);
#3246=VERTEX_POINT('',#10846);
#3247=VERTEX_POINT('',#10850);
#3248=VERTEX_POINT('',#10854);
#3249=VERTEX_POINT('',#10861);
#3250=VERTEX_POINT('',#10862);
#3251=VERTEX_POINT('',#10864);
#3252=VERTEX_POINT('',#10866);
#3253=VERTEX_POINT('',#10870);
#3254=VERTEX_POINT('',#10872);
#3255=VERTEX_POINT('',#10876);
#3256=VERTEX_POINT('',#10880);
#3257=VERTEX_POINT('',#10887);
#3258=VERTEX_POINT('',#10888);
#3259=VERTEX_POINT('',#10890);
#3260=VERTEX_POINT('',#10892);
#3261=VERTEX_POINT('',#10896);
#3262=VERTEX_POINT('',#10898);
#3263=VERTEX_POINT('',#10902);
#3264=VERTEX_POINT('',#10906);
#3265=VERTEX_POINT('',#10913);
#3266=VERTEX_POINT('',#10914);
#3267=VERTEX_POINT('',#10916);
#3268=VERTEX_POINT('',#10918);
#3269=VERTEX_POINT('',#10922);
#3270=VERTEX_POINT('',#10924);
#3271=VERTEX_POINT('',#10928);
#3272=VERTEX_POINT('',#10932);
#3273=VERTEX_POINT('',#10939);
#3274=VERTEX_POINT('',#10940);
#3275=VERTEX_POINT('',#10942);
#3276=VERTEX_POINT('',#10944);
#3277=VERTEX_POINT('',#10948);
#3278=VERTEX_POINT('',#10950);
#3279=VERTEX_POINT('',#10954);
#3280=VERTEX_POINT('',#10958);
#3281=VERTEX_POINT('',#10965);
#3282=VERTEX_POINT('',#10966);
#3283=VERTEX_POINT('',#10968);
#3284=VERTEX_POINT('',#10970);
#3285=VERTEX_POINT('',#10974);
#3286=VERTEX_POINT('',#10976);
#3287=VERTEX_POINT('',#10980);
#3288=VERTEX_POINT('',#10984);
#3289=VERTEX_POINT('',#10991);
#3290=VERTEX_POINT('',#10992);
#3291=VERTEX_POINT('',#10994);
#3292=VERTEX_POINT('',#10996);
#3293=VERTEX_POINT('',#11000);
#3294=VERTEX_POINT('',#11002);
#3295=VERTEX_POINT('',#11006);
#3296=VERTEX_POINT('',#11010);
#3297=VERTEX_POINT('',#11017);
#3298=VERTEX_POINT('',#11018);
#3299=VERTEX_POINT('',#11020);
#3300=VERTEX_POINT('',#11022);
#3301=VERTEX_POINT('',#11026);
#3302=VERTEX_POINT('',#11028);
#3303=VERTEX_POINT('',#11032);
#3304=VERTEX_POINT('',#11036);
#3305=VERTEX_POINT('',#11043);
#3306=VERTEX_POINT('',#11044);
#3307=VERTEX_POINT('',#11046);
#3308=VERTEX_POINT('',#11048);
#3309=VERTEX_POINT('',#11052);
#3310=VERTEX_POINT('',#11054);
#3311=VERTEX_POINT('',#11058);
#3312=VERTEX_POINT('',#11062);
#3313=VERTEX_POINT('',#11069);
#3314=VERTEX_POINT('',#11070);
#3315=VERTEX_POINT('',#11072);
#3316=VERTEX_POINT('',#11074);
#3317=VERTEX_POINT('',#11078);
#3318=VERTEX_POINT('',#11080);
#3319=VERTEX_POINT('',#11084);
#3320=VERTEX_POINT('',#11088);
#3321=VERTEX_POINT('',#11095);
#3322=VERTEX_POINT('',#11096);
#3323=VERTEX_POINT('',#11098);
#3324=VERTEX_POINT('',#11100);
#3325=VERTEX_POINT('',#11104);
#3326=VERTEX_POINT('',#11106);
#3327=VERTEX_POINT('',#11110);
#3328=VERTEX_POINT('',#11114);
#3329=VERTEX_POINT('',#11121);
#3330=VERTEX_POINT('',#11122);
#3331=VERTEX_POINT('',#11124);
#3332=VERTEX_POINT('',#11126);
#3333=VERTEX_POINT('',#11130);
#3334=VERTEX_POINT('',#11132);
#3335=VERTEX_POINT('',#11134);
#3336=VERTEX_POINT('',#11136);
#3337=VERTEX_POINT('',#11138);
#3338=VERTEX_POINT('',#11140);
#3339=VERTEX_POINT('',#11143);
#3340=VERTEX_POINT('',#11144);
#3341=VERTEX_POINT('',#11146);
#3342=VERTEX_POINT('',#11148);
#3343=VERTEX_POINT('',#11152);
#3344=VERTEX_POINT('',#11156);
#3345=VERTEX_POINT('',#11160);
#3346=VERTEX_POINT('',#11162);
#3347=VERTEX_POINT('',#11166);
#3348=VERTEX_POINT('',#11170);
#3349=VERTEX_POINT('',#11176);
#3350=VERTEX_POINT('',#11177);
#3351=VERTEX_POINT('',#11182);
#3352=VERTEX_POINT('',#11186);
#3353=VERTEX_POINT('',#11195);
#3354=VERTEX_POINT('',#11196);
#3355=VERTEX_POINT('',#11198);
#3356=VERTEX_POINT('',#11200);
#3357=VERTEX_POINT('',#11204);
#3358=VERTEX_POINT('',#11206);
#3359=VERTEX_POINT('',#11208);
#3360=VERTEX_POINT('',#11210);
#3361=VERTEX_POINT('',#11212);
#3362=VERTEX_POINT('',#11214);
#3363=VERTEX_POINT('',#11217);
#3364=VERTEX_POINT('',#11218);
#3365=VERTEX_POINT('',#11220);
#3366=VERTEX_POINT('',#11222);
#3367=VERTEX_POINT('',#11226);
#3368=VERTEX_POINT('',#11230);
#3369=VERTEX_POINT('',#11234);
#3370=VERTEX_POINT('',#11235);
#3371=VERTEX_POINT('',#11240);
#3372=VERTEX_POINT('',#11244);
#3373=VERTEX_POINT('',#11250);
#3374=VERTEX_POINT('',#11252);
#3375=VERTEX_POINT('',#11256);
#3376=VERTEX_POINT('',#11260);
#3377=VERTEX_POINT('',#11269);
#3378=VERTEX_POINT('',#11270);
#3379=VERTEX_POINT('',#11272);
#3380=VERTEX_POINT('',#11274);
#3381=VERTEX_POINT('',#11278);
#3382=VERTEX_POINT('',#11280);
#3383=VERTEX_POINT('',#11282);
#3384=VERTEX_POINT('',#11284);
#3385=VERTEX_POINT('',#11288);
#3386=VERTEX_POINT('',#11292);
#3387=VERTEX_POINT('',#11296);
#3388=VERTEX_POINT('',#11298);
#3389=VERTEX_POINT('',#11307);
#3390=VERTEX_POINT('',#11308);
#3391=VERTEX_POINT('',#11310);
#3392=VERTEX_POINT('',#11312);
#3393=VERTEX_POINT('',#11316);
#3394=VERTEX_POINT('',#11318);
#3395=VERTEX_POINT('',#11320);
#3396=VERTEX_POINT('',#11322);
#3397=VERTEX_POINT('',#11326);
#3398=VERTEX_POINT('',#11330);
#3399=VERTEX_POINT('',#11334);
#3400=VERTEX_POINT('',#11338);
#3401=VERTEX_POINT('',#11345);
#3402=VERTEX_POINT('',#11346);
#3403=VERTEX_POINT('',#11348);
#3404=VERTEX_POINT('',#11350);
#3405=VERTEX_POINT('',#11354);
#3406=VERTEX_POINT('',#11356);
#3407=VERTEX_POINT('',#11358);
#3408=VERTEX_POINT('',#11360);
#3409=VERTEX_POINT('',#11362);
#3410=VERTEX_POINT('',#11366);
#3411=VERTEX_POINT('',#11368);
#3412=VERTEX_POINT('',#11370);
#3413=VERTEX_POINT('',#11374);
#3414=VERTEX_POINT('',#11378);
#3415=VERTEX_POINT('',#11380);
#3416=VERTEX_POINT('',#11386);
#3417=VERTEX_POINT('',#11390);
#3418=VERTEX_POINT('',#11394);
#3419=VERTEX_POINT('',#11401);
#3420=VERTEX_POINT('',#11402);
#3421=VERTEX_POINT('',#11404);
#3422=VERTEX_POINT('',#11406);
#3423=VERTEX_POINT('',#11410);
#3424=VERTEX_POINT('',#11412);
#3425=VERTEX_POINT('',#11414);
#3426=VERTEX_POINT('',#11416);
#3427=VERTEX_POINT('',#11418);
#3428=VERTEX_POINT('',#11420);
#3429=VERTEX_POINT('',#11423);
#3430=VERTEX_POINT('',#11424);
#3431=VERTEX_POINT('',#11426);
#3432=VERTEX_POINT('',#11428);
#3433=VERTEX_POINT('',#11432);
#3434=VERTEX_POINT('',#11436);
#3435=VERTEX_POINT('',#11440);
#3436=VERTEX_POINT('',#11442);
#3437=VERTEX_POINT('',#11446);
#3438=VERTEX_POINT('',#11450);
#3439=VERTEX_POINT('',#11456);
#3440=VERTEX_POINT('',#11457);
#3441=VERTEX_POINT('',#11462);
#3442=VERTEX_POINT('',#11466);
#3443=VERTEX_POINT('',#11475);
#3444=VERTEX_POINT('',#11476);
#3445=VERTEX_POINT('',#11478);
#3446=VERTEX_POINT('',#11480);
#3447=VERTEX_POINT('',#11484);
#3448=VERTEX_POINT('',#11486);
#3449=VERTEX_POINT('',#11490);
#3450=VERTEX_POINT('',#11492);
#3451=VERTEX_POINT('',#11494);
#3452=VERTEX_POINT('',#11496);
#3453=VERTEX_POINT('',#11498);
#3454=VERTEX_POINT('',#11501);
#3455=VERTEX_POINT('',#11502);
#3456=VERTEX_POINT('',#11504);
#3457=VERTEX_POINT('',#11506);
#3458=VERTEX_POINT('',#11510);
#3459=VERTEX_POINT('',#11512);
#3460=VERTEX_POINT('',#11516);
#3461=VERTEX_POINT('',#11519);
#3462=VERTEX_POINT('',#11521);
#3463=VERTEX_POINT('',#11524);
#3464=VERTEX_POINT('',#11525);
#3465=VERTEX_POINT('',#11527);
#3466=VERTEX_POINT('',#11529);
#3467=VERTEX_POINT('',#11549);
#3468=VERTEX_POINT('',#11550);
#3469=VERTEX_POINT('',#11552);
#3470=VERTEX_POINT('',#11554);
#3471=VERTEX_POINT('',#11558);
#3472=VERTEX_POINT('',#11560);
#3473=VERTEX_POINT('',#11562);
#3474=VERTEX_POINT('',#11564);
#3475=VERTEX_POINT('',#11566);
#3476=VERTEX_POINT('',#11568);
#3477=VERTEX_POINT('',#11571);
#3478=VERTEX_POINT('',#11572);
#3479=VERTEX_POINT('',#11574);
#3480=VERTEX_POINT('',#11576);
#3481=VERTEX_POINT('',#11580);
#3482=VERTEX_POINT('',#11584);
#3483=VERTEX_POINT('',#11588);
#3484=VERTEX_POINT('',#11589);
#3485=VERTEX_POINT('',#11594);
#3486=VERTEX_POINT('',#11598);
#3487=VERTEX_POINT('',#11605);
#3488=VERTEX_POINT('',#11606);
#3489=VERTEX_POINT('',#11608);
#3490=VERTEX_POINT('',#11610);
#3491=VERTEX_POINT('',#11623);
#3492=VERTEX_POINT('',#11624);
#3493=VERTEX_POINT('',#11626);
#3494=VERTEX_POINT('',#11628);
#3495=VERTEX_POINT('',#11632);
#3496=VERTEX_POINT('',#11634);
#3497=VERTEX_POINT('',#11636);
#3498=VERTEX_POINT('',#11638);
#3499=VERTEX_POINT('',#11640);
#3500=VERTEX_POINT('',#11642);
#3501=VERTEX_POINT('',#11645);
#3502=VERTEX_POINT('',#11646);
#3503=VERTEX_POINT('',#11648);
#3504=VERTEX_POINT('',#11650);
#3505=VERTEX_POINT('',#11654);
#3506=VERTEX_POINT('',#11658);
#3507=VERTEX_POINT('',#11662);
#3508=VERTEX_POINT('',#11664);
#3509=VERTEX_POINT('',#11668);
#3510=VERTEX_POINT('',#11672);
#3511=VERTEX_POINT('',#11678);
#3512=VERTEX_POINT('',#11679);
#3513=VERTEX_POINT('',#11684);
#3514=VERTEX_POINT('',#11688);
#3515=VERTEX_POINT('',#11697);
#3516=VERTEX_POINT('',#11698);
#3517=VERTEX_POINT('',#11700);
#3518=VERTEX_POINT('',#11702);
#3519=VERTEX_POINT('',#11706);
#3520=VERTEX_POINT('',#11708);
#3521=VERTEX_POINT('',#11712);
#3522=VERTEX_POINT('',#11714);
#3523=VERTEX_POINT('',#11716);
#3524=VERTEX_POINT('',#11718);
#3525=VERTEX_POINT('',#11720);
#3526=VERTEX_POINT('',#11723);
#3527=VERTEX_POINT('',#11724);
#3528=VERTEX_POINT('',#11726);
#3529=VERTEX_POINT('',#11728);
#3530=VERTEX_POINT('',#11732);
#3531=VERTEX_POINT('',#11733);
#3532=VERTEX_POINT('',#11738);
#3533=VERTEX_POINT('',#11742);
#3534=VERTEX_POINT('',#11747);
#3535=VERTEX_POINT('',#11750);
#3536=VERTEX_POINT('',#11751);
#3537=VERTEX_POINT('',#11753);
#3538=VERTEX_POINT('',#11755);
#3539=VERTEX_POINT('',#11771);
#3540=VERTEX_POINT('',#11772);
#3541=VERTEX_POINT('',#11774);
#3542=VERTEX_POINT('',#11776);
#3543=VERTEX_POINT('',#11780);
#3544=VERTEX_POINT('',#11782);
#3545=VERTEX_POINT('',#11786);
#3546=VERTEX_POINT('',#11788);
#3547=VERTEX_POINT('',#11790);
#3548=VERTEX_POINT('',#11792);
#3549=VERTEX_POINT('',#11794);
#3550=VERTEX_POINT('',#11797);
#3551=VERTEX_POINT('',#11798);
#3552=VERTEX_POINT('',#11800);
#3553=VERTEX_POINT('',#11802);
#3554=VERTEX_POINT('',#11806);
#3555=VERTEX_POINT('',#11808);
#3556=VERTEX_POINT('',#11812);
#3557=VERTEX_POINT('',#11816);
#3558=VERTEX_POINT('',#11820);
#3559=VERTEX_POINT('',#11827);
#3560=VERTEX_POINT('',#11828);
#3561=VERTEX_POINT('',#11830);
#3562=VERTEX_POINT('',#11832);
#3563=VERTEX_POINT('',#11845);
#3564=VERTEX_POINT('',#11846);
#3565=VERTEX_POINT('',#11848);
#3566=VERTEX_POINT('',#11850);
#3567=VERTEX_POINT('',#11854);
#3568=VERTEX_POINT('',#11856);
#3569=VERTEX_POINT('',#11860);
#3570=VERTEX_POINT('',#11862);
#3571=VERTEX_POINT('',#11864);
#3572=VERTEX_POINT('',#11866);
#3573=VERTEX_POINT('',#11868);
#3574=VERTEX_POINT('',#11871);
#3575=VERTEX_POINT('',#11872);
#3576=VERTEX_POINT('',#11874);
#3577=VERTEX_POINT('',#11876);
#3578=VERTEX_POINT('',#11880);
#3579=VERTEX_POINT('',#11881);
#3580=VERTEX_POINT('',#11886);
#3581=VERTEX_POINT('',#11890);
#3582=VERTEX_POINT('',#11894);
#3583=VERTEX_POINT('',#11900);
#3584=VERTEX_POINT('',#11901);
#3585=VERTEX_POINT('',#11903);
#3586=VERTEX_POINT('',#11905);
#3587=VERTEX_POINT('',#11919);
#3588=VERTEX_POINT('',#11920);
#3589=VERTEX_POINT('',#11922);
#3590=VERTEX_POINT('',#11924);
#3591=VERTEX_POINT('',#11928);
#3592=VERTEX_POINT('',#11930);
#3593=VERTEX_POINT('',#11934);
#3594=VERTEX_POINT('',#11936);
#3595=VERTEX_POINT('',#11938);
#3596=VERTEX_POINT('',#11940);
#3597=VERTEX_POINT('',#11942);
#3598=VERTEX_POINT('',#11945);
#3599=VERTEX_POINT('',#11946);
#3600=VERTEX_POINT('',#11948);
#3601=VERTEX_POINT('',#11950);
#3602=VERTEX_POINT('',#11954);
#3603=VERTEX_POINT('',#11958);
#3604=VERTEX_POINT('',#11962);
#3605=VERTEX_POINT('',#11966);
#3606=VERTEX_POINT('',#11970);
#3607=VERTEX_POINT('',#11976);
#3608=VERTEX_POINT('',#11978);
#3609=VERTEX_POINT('',#11982);
#3610=VERTEX_POINT('',#11986);
#3611=VERTEX_POINT('',#11993);
#3612=VERTEX_POINT('',#11994);
#3613=VERTEX_POINT('',#11996);
#3614=VERTEX_POINT('',#11998);
#3615=VERTEX_POINT('',#12002);
#3616=VERTEX_POINT('',#12004);
#3617=VERTEX_POINT('',#12008);
#3618=VERTEX_POINT('',#12010);
#3619=VERTEX_POINT('',#12012);
#3620=VERTEX_POINT('',#12014);
#3621=VERTEX_POINT('',#12016);
#3622=VERTEX_POINT('',#12019);
#3623=VERTEX_POINT('',#12020);
#3624=VERTEX_POINT('',#12022);
#3625=VERTEX_POINT('',#12024);
#3626=VERTEX_POINT('',#12028);
#3627=VERTEX_POINT('',#12030);
#3628=VERTEX_POINT('',#12034);
#3629=VERTEX_POINT('',#12038);
#3630=VERTEX_POINT('',#12040);
#3631=VERTEX_POINT('',#12044);
#3632=VERTEX_POINT('',#12045);
#3633=VERTEX_POINT('',#12047);
#3634=VERTEX_POINT('',#12049);
#3635=VERTEX_POINT('',#12067);
#3636=VERTEX_POINT('',#12068);
#3637=VERTEX_POINT('',#12070);
#3638=VERTEX_POINT('',#12072);
#3639=VERTEX_POINT('',#12076);
#3640=VERTEX_POINT('',#12078);
#3641=VERTEX_POINT('',#12082);
#3642=VERTEX_POINT('',#12084);
#3643=VERTEX_POINT('',#12086);
#3644=VERTEX_POINT('',#12088);
#3645=VERTEX_POINT('',#12090);
#3646=VERTEX_POINT('',#12093);
#3647=VERTEX_POINT('',#12094);
#3648=VERTEX_POINT('',#12096);
#3649=VERTEX_POINT('',#12098);
#3650=VERTEX_POINT('',#12102);
#3651=VERTEX_POINT('',#12104);
#3652=VERTEX_POINT('',#12108);
#3653=VERTEX_POINT('',#12112);
#3654=VERTEX_POINT('',#12114);
#3655=VERTEX_POINT('',#12118);
#3656=VERTEX_POINT('',#12119);
#3657=VERTEX_POINT('',#12121);
#3658=VERTEX_POINT('',#12123);
#3659=VERTEX_POINT('',#12141);
#3660=VERTEX_POINT('',#12142);
#3661=VERTEX_POINT('',#12144);
#3662=VERTEX_POINT('',#12146);
#3663=VERTEX_POINT('',#12150);
#3664=VERTEX_POINT('',#12152);
#3665=VERTEX_POINT('',#12156);
#3666=VERTEX_POINT('',#12158);
#3667=VERTEX_POINT('',#12160);
#3668=VERTEX_POINT('',#12162);
#3669=VERTEX_POINT('',#12164);
#3670=VERTEX_POINT('',#12167);
#3671=VERTEX_POINT('',#12168);
#3672=VERTEX_POINT('',#12170);
#3673=VERTEX_POINT('',#12172);
#3674=VERTEX_POINT('',#12176);
#3675=VERTEX_POINT('',#12178);
#3676=VERTEX_POINT('',#12182);
#3677=VERTEX_POINT('',#12186);
#3678=VERTEX_POINT('',#12188);
#3679=VERTEX_POINT('',#12192);
#3680=VERTEX_POINT('',#12193);
#3681=VERTEX_POINT('',#12195);
#3682=VERTEX_POINT('',#12197);
#3683=VERTEX_POINT('',#12215);
#3684=VERTEX_POINT('',#12216);
#3685=VERTEX_POINT('',#12218);
#3686=VERTEX_POINT('',#12220);
#3687=VERTEX_POINT('',#12224);
#3688=VERTEX_POINT('',#12226);
#3689=VERTEX_POINT('',#12228);
#3690=VERTEX_POINT('',#12230);
#3691=VERTEX_POINT('',#12232);
#3692=VERTEX_POINT('',#12234);
#3693=VERTEX_POINT('',#12237);
#3694=VERTEX_POINT('',#12238);
#3695=VERTEX_POINT('',#12240);
#3696=VERTEX_POINT('',#12242);
#3697=VERTEX_POINT('',#12246);
#3698=VERTEX_POINT('',#12250);
#3699=VERTEX_POINT('',#12254);
#3700=VERTEX_POINT('',#12256);
#3701=VERTEX_POINT('',#12260);
#3702=VERTEX_POINT('',#12264);
#3703=VERTEX_POINT('',#12268);
#3704=VERTEX_POINT('',#12269);
#3705=VERTEX_POINT('',#12271);
#3706=VERTEX_POINT('',#12273);
#3707=VERTEX_POINT('',#12289);
#3708=VERTEX_POINT('',#12290);
#3709=VERTEX_POINT('',#12292);
#3710=VERTEX_POINT('',#12294);
#3711=VERTEX_POINT('',#12298);
#3712=VERTEX_POINT('',#12300);
#3713=VERTEX_POINT('',#12304);
#3714=VERTEX_POINT('',#12306);
#3715=VERTEX_POINT('',#12308);
#3716=VERTEX_POINT('',#12310);
#3717=VERTEX_POINT('',#12312);
#3718=VERTEX_POINT('',#12315);
#3719=VERTEX_POINT('',#12316);
#3720=VERTEX_POINT('',#12318);
#3721=VERTEX_POINT('',#12320);
#3722=VERTEX_POINT('',#12324);
#3723=VERTEX_POINT('',#12326);
#3724=VERTEX_POINT('',#12330);
#3725=VERTEX_POINT('',#12333);
#3726=VERTEX_POINT('',#12335);
#3727=VERTEX_POINT('',#12338);
#3728=VERTEX_POINT('',#12339);
#3729=VERTEX_POINT('',#12341);
#3730=VERTEX_POINT('',#12343);
#3731=VERTEX_POINT('',#12363);
#3732=VERTEX_POINT('',#12364);
#3733=VERTEX_POINT('',#12366);
#3734=VERTEX_POINT('',#12368);
#3735=VERTEX_POINT('',#12372);
#3736=VERTEX_POINT('',#12374);
#3737=VERTEX_POINT('',#12378);
#3738=VERTEX_POINT('',#12380);
#3739=VERTEX_POINT('',#12382);
#3740=VERTEX_POINT('',#12384);
#3741=VERTEX_POINT('',#12386);
#3742=VERTEX_POINT('',#12389);
#3743=VERTEX_POINT('',#12390);
#3744=VERTEX_POINT('',#12392);
#3745=VERTEX_POINT('',#12394);
#3746=VERTEX_POINT('',#12398);
#3747=VERTEX_POINT('',#12400);
#3748=VERTEX_POINT('',#12404);
#3749=VERTEX_POINT('',#12410);
#3750=VERTEX_POINT('',#12411);
#3751=VERTEX_POINT('',#12419);
#3752=VERTEX_POINT('',#12420);
#3753=VERTEX_POINT('',#12422);
#3754=VERTEX_POINT('',#12424);
#3755=EDGE_CURVE('',#3061,#3062,#1267,.T.);
#3756=EDGE_CURVE('',#3062,#3063,#1268,.T.);
#3757=EDGE_CURVE('',#3064,#3063,#1269,.T.);
#3758=EDGE_CURVE('',#3061,#3064,#1270,.T.);
#3759=EDGE_CURVE('',#3065,#3061,#1271,.T.);
#3760=EDGE_CURVE('',#3066,#3064,#1272,.T.);
#3761=EDGE_CURVE('',#3065,#3066,#1273,.T.);
#3762=EDGE_CURVE('',#3067,#3065,#1274,.T.);
#3763=EDGE_CURVE('',#3068,#3066,#1275,.T.);
#3764=EDGE_CURVE('',#3067,#3068,#1276,.T.);
#3765=EDGE_CURVE('',#3062,#3067,#1277,.T.);
#3766=EDGE_CURVE('',#3063,#3068,#1278,.T.);
#3767=EDGE_CURVE('',#3069,#3070,#1279,.T.);
#3768=EDGE_CURVE('',#3070,#3071,#1280,.T.);
#3769=EDGE_CURVE('',#3072,#3071,#1281,.T.);
#3770=EDGE_CURVE('',#3069,#3072,#1282,.T.);
#3771=EDGE_CURVE('',#3073,#3069,#1283,.T.);
#3772=EDGE_CURVE('',#3074,#3072,#1284,.T.);
#3773=EDGE_CURVE('',#3073,#3074,#1285,.T.);
#3774=EDGE_CURVE('',#3075,#3073,#1286,.T.);
#3775=EDGE_CURVE('',#3076,#3074,#1287,.T.);
#3776=EDGE_CURVE('',#3075,#3076,#1288,.T.);
#3777=EDGE_CURVE('',#3070,#3075,#1289,.T.);
#3778=EDGE_CURVE('',#3071,#3076,#1290,.T.);
#3779=EDGE_CURVE('',#3077,#3078,#1291,.T.);
#3780=EDGE_CURVE('',#3078,#3079,#1292,.T.);
#3781=EDGE_CURVE('',#3080,#3079,#1293,.T.);
#3782=EDGE_CURVE('',#3077,#3080,#1294,.T.);
#3783=EDGE_CURVE('',#3081,#3077,#1295,.T.);
#3784=EDGE_CURVE('',#3082,#3080,#1296,.T.);
#3785=EDGE_CURVE('',#3081,#3082,#1297,.T.);
#3786=EDGE_CURVE('',#3083,#3081,#1298,.T.);
#3787=EDGE_CURVE('',#3084,#3082,#1299,.T.);
#3788=EDGE_CURVE('',#3083,#3084,#1300,.T.);
#3789=EDGE_CURVE('',#3078,#3083,#1301,.T.);
#3790=EDGE_CURVE('',#3079,#3084,#1302,.T.);
#3791=EDGE_CURVE('',#3085,#3086,#1303,.T.);
#3792=EDGE_CURVE('',#3086,#3087,#1304,.T.);
#3793=EDGE_CURVE('',#3088,#3087,#1305,.T.);
#3794=EDGE_CURVE('',#3085,#3088,#1306,.T.);
#3795=EDGE_CURVE('',#3089,#3085,#1307,.T.);
#3796=EDGE_CURVE('',#3090,#3088,#1308,.T.);
#3797=EDGE_CURVE('',#3089,#3090,#1309,.T.);
#3798=EDGE_CURVE('',#3091,#3089,#1310,.T.);
#3799=EDGE_CURVE('',#3092,#3090,#1311,.T.);
#3800=EDGE_CURVE('',#3091,#3092,#1312,.T.);
#3801=EDGE_CURVE('',#3086,#3091,#1313,.T.);
#3802=EDGE_CURVE('',#3087,#3092,#1314,.T.);
#3803=EDGE_CURVE('',#3093,#3094,#1315,.T.);
#3804=EDGE_CURVE('',#3094,#3095,#1316,.T.);
#3805=EDGE_CURVE('',#3096,#3095,#1317,.T.);
#3806=EDGE_CURVE('',#3093,#3096,#1318,.T.);
#3807=EDGE_CURVE('',#3097,#3093,#1319,.T.);
#3808=EDGE_CURVE('',#3098,#3096,#1320,.T.);
#3809=EDGE_CURVE('',#3097,#3098,#1321,.T.);
#3810=EDGE_CURVE('',#3099,#3097,#1322,.T.);
#3811=EDGE_CURVE('',#3100,#3098,#1323,.T.);
#3812=EDGE_CURVE('',#3099,#3100,#1324,.T.);
#3813=EDGE_CURVE('',#3094,#3099,#1325,.T.);
#3814=EDGE_CURVE('',#3095,#3100,#1326,.T.);
#3815=EDGE_CURVE('',#3101,#3102,#1327,.T.);
#3816=EDGE_CURVE('',#3102,#3103,#1328,.T.);
#3817=EDGE_CURVE('',#3104,#3103,#1329,.T.);
#3818=EDGE_CURVE('',#3101,#3104,#1330,.T.);
#3819=EDGE_CURVE('',#3105,#3101,#1331,.T.);
#3820=EDGE_CURVE('',#3106,#3104,#1332,.T.);
#3821=EDGE_CURVE('',#3105,#3106,#1333,.T.);
#3822=EDGE_CURVE('',#3107,#3105,#1334,.T.);
#3823=EDGE_CURVE('',#3108,#3106,#1335,.T.);
#3824=EDGE_CURVE('',#3107,#3108,#1336,.T.);
#3825=EDGE_CURVE('',#3102,#3107,#1337,.T.);
#3826=EDGE_CURVE('',#3103,#3108,#1338,.T.);
#3827=EDGE_CURVE('',#3109,#3110,#1339,.T.);
#3828=EDGE_CURVE('',#3110,#3111,#1340,.T.);
#3829=EDGE_CURVE('',#3112,#3111,#1341,.T.);
#3830=EDGE_CURVE('',#3109,#3112,#1342,.T.);
#3831=EDGE_CURVE('',#3113,#3109,#1343,.T.);
#3832=EDGE_CURVE('',#3114,#3112,#1344,.T.);
#3833=EDGE_CURVE('',#3113,#3114,#1345,.T.);
#3834=EDGE_CURVE('',#3115,#3113,#1346,.T.);
#3835=EDGE_CURVE('',#3116,#3114,#1347,.T.);
#3836=EDGE_CURVE('',#3115,#3116,#1348,.T.);
#3837=EDGE_CURVE('',#3110,#3115,#1349,.T.);
#3838=EDGE_CURVE('',#3111,#3116,#1350,.T.);
#3839=EDGE_CURVE('',#3117,#3118,#1351,.T.);
#3840=EDGE_CURVE('',#3118,#3119,#1352,.T.);
#3841=EDGE_CURVE('',#3120,#3119,#1353,.T.);
#3842=EDGE_CURVE('',#3117,#3120,#1354,.T.);
#3843=EDGE_CURVE('',#3121,#3117,#1355,.T.);
#3844=EDGE_CURVE('',#3122,#3120,#1356,.T.);
#3845=EDGE_CURVE('',#3121,#3122,#1357,.T.);
#3846=EDGE_CURVE('',#3123,#3121,#1358,.T.);
#3847=EDGE_CURVE('',#3124,#3122,#1359,.T.);
#3848=EDGE_CURVE('',#3123,#3124,#1360,.T.);
#3849=EDGE_CURVE('',#3118,#3123,#1361,.T.);
#3850=EDGE_CURVE('',#3119,#3124,#1362,.T.);
#3851=EDGE_CURVE('',#3125,#3126,#1363,.T.);
#3852=EDGE_CURVE('',#3126,#3127,#1364,.T.);
#3853=EDGE_CURVE('',#3128,#3127,#1365,.T.);
#3854=EDGE_CURVE('',#3125,#3128,#1366,.T.);
#3855=EDGE_CURVE('',#3129,#3125,#1367,.T.);
#3856=EDGE_CURVE('',#3130,#3128,#1368,.T.);
#3857=EDGE_CURVE('',#3129,#3130,#1369,.T.);
#3858=EDGE_CURVE('',#3131,#3129,#1370,.T.);
#3859=EDGE_CURVE('',#3132,#3130,#1371,.T.);
#3860=EDGE_CURVE('',#3131,#3132,#1372,.T.);
#3861=EDGE_CURVE('',#3126,#3131,#1373,.T.);
#3862=EDGE_CURVE('',#3127,#3132,#1374,.T.);
#3863=EDGE_CURVE('',#3133,#3134,#1375,.T.);
#3864=EDGE_CURVE('',#3134,#3135,#1376,.T.);
#3865=EDGE_CURVE('',#3136,#3135,#1377,.T.);
#3866=EDGE_CURVE('',#3133,#3136,#1378,.T.);
#3867=EDGE_CURVE('',#3137,#3133,#1379,.T.);
#3868=EDGE_CURVE('',#3138,#3136,#1380,.T.);
#3869=EDGE_CURVE('',#3137,#3138,#1381,.T.);
#3870=EDGE_CURVE('',#3139,#3137,#1382,.T.);
#3871=EDGE_CURVE('',#3140,#3138,#1383,.T.);
#3872=EDGE_CURVE('',#3139,#3140,#1384,.T.);
#3873=EDGE_CURVE('',#3134,#3139,#1385,.T.);
#3874=EDGE_CURVE('',#3135,#3140,#1386,.T.);
#3875=EDGE_CURVE('',#3141,#3142,#1387,.T.);
#3876=EDGE_CURVE('',#3142,#3143,#1388,.T.);
#3877=EDGE_CURVE('',#3144,#3143,#1389,.T.);
#3878=EDGE_CURVE('',#3141,#3144,#1390,.T.);
#3879=EDGE_CURVE('',#3145,#3141,#1391,.T.);
#3880=EDGE_CURVE('',#3146,#3144,#1392,.T.);
#3881=EDGE_CURVE('',#3145,#3146,#1393,.T.);
#3882=EDGE_CURVE('',#3147,#3145,#1394,.T.);
#3883=EDGE_CURVE('',#3148,#3146,#1395,.T.);
#3884=EDGE_CURVE('',#3147,#3148,#1396,.T.);
#3885=EDGE_CURVE('',#3142,#3147,#1397,.T.);
#3886=EDGE_CURVE('',#3143,#3148,#1398,.T.);
#3887=EDGE_CURVE('',#3149,#3150,#1399,.T.);
#3888=EDGE_CURVE('',#3150,#3151,#1400,.T.);
#3889=EDGE_CURVE('',#3152,#3151,#1401,.T.);
#3890=EDGE_CURVE('',#3149,#3152,#1402,.T.);
#3891=EDGE_CURVE('',#3153,#3149,#1403,.T.);
#3892=EDGE_CURVE('',#3154,#3152,#1404,.T.);
#3893=EDGE_CURVE('',#3153,#3154,#1405,.T.);
#3894=EDGE_CURVE('',#3155,#3153,#1406,.T.);
#3895=EDGE_CURVE('',#3156,#3154,#1407,.T.);
#3896=EDGE_CURVE('',#3155,#3156,#1408,.T.);
#3897=EDGE_CURVE('',#3150,#3155,#1409,.T.);
#3898=EDGE_CURVE('',#3151,#3156,#1410,.T.);
#3899=EDGE_CURVE('',#3157,#3158,#1411,.T.);
#3900=EDGE_CURVE('',#3158,#3159,#1412,.T.);
#3901=EDGE_CURVE('',#3160,#3159,#1413,.T.);
#3902=EDGE_CURVE('',#3157,#3160,#1414,.T.);
#3903=EDGE_CURVE('',#3161,#3157,#1415,.T.);
#3904=EDGE_CURVE('',#3162,#3160,#1416,.T.);
#3905=EDGE_CURVE('',#3161,#3162,#1417,.T.);
#3906=EDGE_CURVE('',#3163,#3161,#1418,.T.);
#3907=EDGE_CURVE('',#3164,#3162,#1419,.T.);
#3908=EDGE_CURVE('',#3163,#3164,#1420,.T.);
#3909=EDGE_CURVE('',#3158,#3163,#1421,.T.);
#3910=EDGE_CURVE('',#3159,#3164,#1422,.T.);
#3911=EDGE_CURVE('',#3165,#3166,#1423,.T.);
#3912=EDGE_CURVE('',#3166,#3167,#1424,.T.);
#3913=EDGE_CURVE('',#3168,#3167,#1425,.T.);
#3914=EDGE_CURVE('',#3165,#3168,#1426,.T.);
#3915=EDGE_CURVE('',#3169,#3165,#1427,.T.);
#3916=EDGE_CURVE('',#3170,#3168,#1428,.T.);
#3917=EDGE_CURVE('',#3169,#3170,#1429,.T.);
#3918=EDGE_CURVE('',#3171,#3169,#1430,.T.);
#3919=EDGE_CURVE('',#3172,#3170,#1431,.T.);
#3920=EDGE_CURVE('',#3171,#3172,#1432,.T.);
#3921=EDGE_CURVE('',#3166,#3171,#1433,.T.);
#3922=EDGE_CURVE('',#3167,#3172,#1434,.T.);
#3923=EDGE_CURVE('',#3173,#3174,#1435,.T.);
#3924=EDGE_CURVE('',#3174,#3175,#1436,.T.);
#3925=EDGE_CURVE('',#3176,#3175,#1437,.T.);
#3926=EDGE_CURVE('',#3173,#3176,#1438,.T.);
#3927=EDGE_CURVE('',#3177,#3173,#1439,.T.);
#3928=EDGE_CURVE('',#3178,#3176,#1440,.T.);
#3929=EDGE_CURVE('',#3177,#3178,#1441,.T.);
#3930=EDGE_CURVE('',#3179,#3177,#1442,.T.);
#3931=EDGE_CURVE('',#3180,#3178,#1443,.T.);
#3932=EDGE_CURVE('',#3179,#3180,#1444,.T.);
#3933=EDGE_CURVE('',#3174,#3179,#1445,.T.);
#3934=EDGE_CURVE('',#3175,#3180,#1446,.T.);
#3935=EDGE_CURVE('',#3181,#3182,#1447,.T.);
#3936=EDGE_CURVE('',#3182,#3183,#1448,.T.);
#3937=EDGE_CURVE('',#3184,#3183,#1449,.T.);
#3938=EDGE_CURVE('',#3181,#3184,#1450,.T.);
#3939=EDGE_CURVE('',#3185,#3181,#1451,.T.);
#3940=EDGE_CURVE('',#3186,#3184,#1452,.T.);
#3941=EDGE_CURVE('',#3185,#3186,#1453,.T.);
#3942=EDGE_CURVE('',#3187,#3185,#1454,.T.);
#3943=EDGE_CURVE('',#3188,#3186,#1455,.T.);
#3944=EDGE_CURVE('',#3187,#3188,#1456,.T.);
#3945=EDGE_CURVE('',#3182,#3187,#1457,.T.);
#3946=EDGE_CURVE('',#3183,#3188,#1458,.T.);
#3947=EDGE_CURVE('',#3189,#3190,#1459,.T.);
#3948=EDGE_CURVE('',#3189,#3191,#1460,.T.);
#3949=EDGE_CURVE('',#3192,#3191,#1461,.T.);
#3950=EDGE_CURVE('',#3190,#3192,#1462,.T.);
#3951=EDGE_CURVE('',#3190,#3193,#1463,.T.);
#3952=EDGE_CURVE('',#3194,#3192,#1464,.T.);
#3953=EDGE_CURVE('',#3193,#3194,#1465,.T.);
#3954=EDGE_CURVE('',#3193,#3195,#149,.T.);
#3955=EDGE_CURVE('',#3196,#3194,#150,.T.);
#3956=EDGE_CURVE('',#3195,#3196,#1466,.T.);
#3957=EDGE_CURVE('',#3197,#3195,#1467,.T.);
#3958=EDGE_CURVE('',#3198,#3196,#1468,.T.);
#3959=EDGE_CURVE('',#3197,#3198,#1469,.T.);
#3960=EDGE_CURVE('',#3199,#3197,#1470,.T.);
#3961=EDGE_CURVE('',#3200,#3198,#1471,.T.);
#3962=EDGE_CURVE('',#3199,#3200,#1472,.T.);
#3963=EDGE_CURVE('',#3199,#3189,#1473,.T.);
#3964=EDGE_CURVE('',#3191,#3200,#1474,.T.);
#3965=EDGE_CURVE('',#3201,#3202,#1475,.T.);
#3966=EDGE_CURVE('',#3202,#3203,#1476,.T.);
#3967=EDGE_CURVE('',#3203,#3204,#1477,.T.);
#3968=EDGE_CURVE('',#3204,#3201,#1478,.T.);
#3969=EDGE_CURVE('',#3205,#3202,#1479,.T.);
#3970=EDGE_CURVE('',#3206,#3205,#1480,.T.);
#3971=EDGE_CURVE('',#3203,#3206,#1481,.T.);
#3972=EDGE_CURVE('',#3207,#3206,#1482,.T.);
#3973=EDGE_CURVE('',#3204,#3207,#1483,.T.);
#3974=EDGE_CURVE('',#3208,#3207,#1484,.T.);
#3975=EDGE_CURVE('',#3201,#3208,#1485,.T.);
#3976=EDGE_CURVE('',#3205,#3208,#1486,.T.);
#3977=EDGE_CURVE('',#3209,#3210,#1487,.T.);
#3978=EDGE_CURVE('',#3210,#3211,#1488,.T.);
#3979=EDGE_CURVE('',#3211,#3212,#1489,.T.);
#3980=EDGE_CURVE('',#3212,#3209,#1490,.T.);
#3981=EDGE_CURVE('',#3213,#3210,#1491,.T.);
#3982=EDGE_CURVE('',#3214,#3213,#1492,.T.);
#3983=EDGE_CURVE('',#3211,#3214,#1493,.T.);
#3984=EDGE_CURVE('',#3215,#3214,#1494,.T.);
#3985=EDGE_CURVE('',#3212,#3215,#1495,.T.);
#3986=EDGE_CURVE('',#3216,#3215,#1496,.T.);
#3987=EDGE_CURVE('',#3209,#3216,#1497,.T.);
#3988=EDGE_CURVE('',#3213,#3216,#1498,.T.);
#3989=EDGE_CURVE('',#3217,#3218,#1499,.T.);
#3990=EDGE_CURVE('',#3218,#3219,#1500,.T.);
#3991=EDGE_CURVE('',#3219,#3220,#1501,.T.);
#3992=EDGE_CURVE('',#3220,#3217,#1502,.T.);
#3993=EDGE_CURVE('',#3221,#3218,#1503,.T.);
#3994=EDGE_CURVE('',#3222,#3221,#1504,.T.);
#3995=EDGE_CURVE('',#3219,#3222,#1505,.T.);
#3996=EDGE_CURVE('',#3223,#3222,#1506,.T.);
#3997=EDGE_CURVE('',#3220,#3223,#1507,.T.);
#3998=EDGE_CURVE('',#3224,#3223,#1508,.T.);
#3999=EDGE_CURVE('',#3217,#3224,#1509,.T.);
#4000=EDGE_CURVE('',#3221,#3224,#1510,.T.);
#4001=EDGE_CURVE('',#3225,#3226,#1511,.T.);
#4002=EDGE_CURVE('',#3226,#3227,#1512,.T.);
#4003=EDGE_CURVE('',#3227,#3228,#1513,.T.);
#4004=EDGE_CURVE('',#3228,#3225,#1514,.T.);
#4005=EDGE_CURVE('',#3229,#3226,#1515,.T.);
#4006=EDGE_CURVE('',#3230,#3229,#1516,.T.);
#4007=EDGE_CURVE('',#3227,#3230,#1517,.T.);
#4008=EDGE_CURVE('',#3231,#3230,#1518,.T.);
#4009=EDGE_CURVE('',#3228,#3231,#1519,.T.);
#4010=EDGE_CURVE('',#3232,#3231,#1520,.T.);
#4011=EDGE_CURVE('',#3225,#3232,#1521,.T.);
#4012=EDGE_CURVE('',#3229,#3232,#1522,.T.);
#4013=EDGE_CURVE('',#3233,#3234,#1523,.T.);
#4014=EDGE_CURVE('',#3234,#3235,#1524,.T.);
#4015=EDGE_CURVE('',#3235,#3236,#1525,.T.);
#4016=EDGE_CURVE('',#3236,#3233,#1526,.T.);
#4017=EDGE_CURVE('',#3237,#3234,#1527,.T.);
#4018=EDGE_CURVE('',#3238,#3237,#1528,.T.);
#4019=EDGE_CURVE('',#3235,#3238,#1529,.T.);
#4020=EDGE_CURVE('',#3239,#3238,#1530,.T.);
#4021=EDGE_CURVE('',#3236,#3239,#1531,.T.);
#4022=EDGE_CURVE('',#3240,#3239,#1532,.T.);
#4023=EDGE_CURVE('',#3233,#3240,#1533,.T.);
#4024=EDGE_CURVE('',#3237,#3240,#1534,.T.);
#4025=EDGE_CURVE('',#3241,#3242,#1535,.T.);
#4026=EDGE_CURVE('',#3242,#3243,#1536,.T.);
#4027=EDGE_CURVE('',#3243,#3244,#1537,.T.);
#4028=EDGE_CURVE('',#3244,#3241,#1538,.T.);
#4029=EDGE_CURVE('',#3245,#3242,#1539,.T.);
#4030=EDGE_CURVE('',#3246,#3245,#1540,.T.);
#4031=EDGE_CURVE('',#3243,#3246,#1541,.T.);
#4032=EDGE_CURVE('',#3247,#3246,#1542,.T.);
#4033=EDGE_CURVE('',#3244,#3247,#1543,.T.);
#4034=EDGE_CURVE('',#3248,#3247,#1544,.T.);
#4035=EDGE_CURVE('',#3241,#3248,#1545,.T.);
#4036=EDGE_CURVE('',#3245,#3248,#1546,.T.);
#4037=EDGE_CURVE('',#3249,#3250,#1547,.T.);
#4038=EDGE_CURVE('',#3250,#3251,#1548,.T.);
#4039=EDGE_CURVE('',#3251,#3252,#1549,.T.);
#4040=EDGE_CURVE('',#3252,#3249,#1550,.T.);
#4041=EDGE_CURVE('',#3253,#3250,#1551,.T.);
#4042=EDGE_CURVE('',#3254,#3253,#1552,.T.);
#4043=EDGE_CURVE('',#3251,#3254,#1553,.T.);
#4044=EDGE_CURVE('',#3255,#3254,#1554,.T.);
#4045=EDGE_CURVE('',#3252,#3255,#1555,.T.);
#4046=EDGE_CURVE('',#3256,#3255,#1556,.T.);
#4047=EDGE_CURVE('',#3249,#3256,#1557,.T.);
#4048=EDGE_CURVE('',#3253,#3256,#1558,.T.);
#4049=EDGE_CURVE('',#3257,#3258,#1559,.T.);
#4050=EDGE_CURVE('',#3258,#3259,#1560,.T.);
#4051=EDGE_CURVE('',#3259,#3260,#1561,.T.);
#4052=EDGE_CURVE('',#3260,#3257,#1562,.T.);
#4053=EDGE_CURVE('',#3261,#3258,#1563,.T.);
#4054=EDGE_CURVE('',#3262,#3261,#1564,.T.);
#4055=EDGE_CURVE('',#3259,#3262,#1565,.T.);
#4056=EDGE_CURVE('',#3263,#3262,#1566,.T.);
#4057=EDGE_CURVE('',#3260,#3263,#1567,.T.);
#4058=EDGE_CURVE('',#3264,#3263,#1568,.T.);
#4059=EDGE_CURVE('',#3257,#3264,#1569,.T.);
#4060=EDGE_CURVE('',#3261,#3264,#1570,.T.);
#4061=EDGE_CURVE('',#3265,#3266,#1571,.T.);
#4062=EDGE_CURVE('',#3266,#3267,#1572,.T.);
#4063=EDGE_CURVE('',#3267,#3268,#1573,.T.);
#4064=EDGE_CURVE('',#3268,#3265,#1574,.T.);
#4065=EDGE_CURVE('',#3269,#3266,#1575,.T.);
#4066=EDGE_CURVE('',#3270,#3269,#1576,.T.);
#4067=EDGE_CURVE('',#3267,#3270,#1577,.T.);
#4068=EDGE_CURVE('',#3271,#3270,#1578,.T.);
#4069=EDGE_CURVE('',#3268,#3271,#1579,.T.);
#4070=EDGE_CURVE('',#3272,#3271,#1580,.T.);
#4071=EDGE_CURVE('',#3265,#3272,#1581,.T.);
#4072=EDGE_CURVE('',#3269,#3272,#1582,.T.);
#4073=EDGE_CURVE('',#3273,#3274,#1583,.T.);
#4074=EDGE_CURVE('',#3274,#3275,#1584,.T.);
#4075=EDGE_CURVE('',#3275,#3276,#1585,.T.);
#4076=EDGE_CURVE('',#3276,#3273,#1586,.T.);
#4077=EDGE_CURVE('',#3277,#3274,#1587,.T.);
#4078=EDGE_CURVE('',#3278,#3277,#1588,.T.);
#4079=EDGE_CURVE('',#3275,#3278,#1589,.T.);
#4080=EDGE_CURVE('',#3279,#3278,#1590,.T.);
#4081=EDGE_CURVE('',#3276,#3279,#1591,.T.);
#4082=EDGE_CURVE('',#3280,#3279,#1592,.T.);
#4083=EDGE_CURVE('',#3273,#3280,#1593,.T.);
#4084=EDGE_CURVE('',#3277,#3280,#1594,.T.);
#4085=EDGE_CURVE('',#3281,#3282,#1595,.T.);
#4086=EDGE_CURVE('',#3282,#3283,#1596,.T.);
#4087=EDGE_CURVE('',#3283,#3284,#1597,.T.);
#4088=EDGE_CURVE('',#3284,#3281,#1598,.T.);
#4089=EDGE_CURVE('',#3285,#3282,#1599,.T.);
#4090=EDGE_CURVE('',#3286,#3285,#1600,.T.);
#4091=EDGE_CURVE('',#3283,#3286,#1601,.T.);
#4092=EDGE_CURVE('',#3287,#3286,#1602,.T.);
#4093=EDGE_CURVE('',#3284,#3287,#1603,.T.);
#4094=EDGE_CURVE('',#3288,#3287,#1604,.T.);
#4095=EDGE_CURVE('',#3281,#3288,#1605,.T.);
#4096=EDGE_CURVE('',#3285,#3288,#1606,.T.);
#4097=EDGE_CURVE('',#3289,#3290,#1607,.T.);
#4098=EDGE_CURVE('',#3290,#3291,#1608,.T.);
#4099=EDGE_CURVE('',#3291,#3292,#1609,.T.);
#4100=EDGE_CURVE('',#3292,#3289,#1610,.T.);
#4101=EDGE_CURVE('',#3293,#3290,#1611,.T.);
#4102=EDGE_CURVE('',#3294,#3293,#1612,.T.);
#4103=EDGE_CURVE('',#3291,#3294,#1613,.T.);
#4104=EDGE_CURVE('',#3295,#3294,#1614,.T.);
#4105=EDGE_CURVE('',#3292,#3295,#1615,.T.);
#4106=EDGE_CURVE('',#3296,#3295,#1616,.T.);
#4107=EDGE_CURVE('',#3289,#3296,#1617,.T.);
#4108=EDGE_CURVE('',#3293,#3296,#1618,.T.);
#4109=EDGE_CURVE('',#3297,#3298,#1619,.T.);
#4110=EDGE_CURVE('',#3298,#3299,#1620,.T.);
#4111=EDGE_CURVE('',#3299,#3300,#1621,.T.);
#4112=EDGE_CURVE('',#3300,#3297,#1622,.T.);
#4113=EDGE_CURVE('',#3301,#3298,#1623,.T.);
#4114=EDGE_CURVE('',#3302,#3301,#1624,.T.);
#4115=EDGE_CURVE('',#3299,#3302,#1625,.T.);
#4116=EDGE_CURVE('',#3303,#3302,#1626,.T.);
#4117=EDGE_CURVE('',#3300,#3303,#1627,.T.);
#4118=EDGE_CURVE('',#3304,#3303,#1628,.T.);
#4119=EDGE_CURVE('',#3297,#3304,#1629,.T.);
#4120=EDGE_CURVE('',#3301,#3304,#1630,.T.);
#4121=EDGE_CURVE('',#3305,#3306,#1631,.T.);
#4122=EDGE_CURVE('',#3306,#3307,#1632,.T.);
#4123=EDGE_CURVE('',#3307,#3308,#1633,.T.);
#4124=EDGE_CURVE('',#3308,#3305,#1634,.T.);
#4125=EDGE_CURVE('',#3309,#3306,#1635,.T.);
#4126=EDGE_CURVE('',#3310,#3309,#1636,.T.);
#4127=EDGE_CURVE('',#3307,#3310,#1637,.T.);
#4128=EDGE_CURVE('',#3311,#3310,#1638,.T.);
#4129=EDGE_CURVE('',#3308,#3311,#1639,.T.);
#4130=EDGE_CURVE('',#3312,#3311,#1640,.T.);
#4131=EDGE_CURVE('',#3305,#3312,#1641,.T.);
#4132=EDGE_CURVE('',#3309,#3312,#1642,.T.);
#4133=EDGE_CURVE('',#3313,#3314,#1643,.T.);
#4134=EDGE_CURVE('',#3314,#3315,#1644,.T.);
#4135=EDGE_CURVE('',#3315,#3316,#1645,.T.);
#4136=EDGE_CURVE('',#3316,#3313,#1646,.T.);
#4137=EDGE_CURVE('',#3317,#3314,#1647,.T.);
#4138=EDGE_CURVE('',#3318,#3317,#1648,.T.);
#4139=EDGE_CURVE('',#3315,#3318,#1649,.T.);
#4140=EDGE_CURVE('',#3319,#3318,#1650,.T.);
#4141=EDGE_CURVE('',#3316,#3319,#1651,.T.);
#4142=EDGE_CURVE('',#3320,#3319,#1652,.T.);
#4143=EDGE_CURVE('',#3313,#3320,#1653,.T.);
#4144=EDGE_CURVE('',#3317,#3320,#1654,.T.);
#4145=EDGE_CURVE('',#3321,#3322,#1655,.T.);
#4146=EDGE_CURVE('',#3322,#3323,#1656,.T.);
#4147=EDGE_CURVE('',#3323,#3324,#1657,.T.);
#4148=EDGE_CURVE('',#3324,#3321,#1658,.T.);
#4149=EDGE_CURVE('',#3325,#3322,#1659,.T.);
#4150=EDGE_CURVE('',#3326,#3325,#1660,.T.);
#4151=EDGE_CURVE('',#3323,#3326,#1661,.T.);
#4152=EDGE_CURVE('',#3327,#3326,#1662,.T.);
#4153=EDGE_CURVE('',#3324,#3327,#1663,.T.);
#4154=EDGE_CURVE('',#3328,#3327,#1664,.T.);
#4155=EDGE_CURVE('',#3321,#3328,#1665,.T.);
#4156=EDGE_CURVE('',#3325,#3328,#1666,.T.);
#4157=EDGE_CURVE('',#3329,#3330,#151,.T.);
#4158=EDGE_CURVE('',#3330,#3331,#1667,.T.);
#4159=EDGE_CURVE('',#3331,#3332,#152,.T.);
#4160=EDGE_CURVE('',#3332,#3329,#1668,.T.);
#4161=EDGE_CURVE('',#3329,#3333,#1669,.T.);
#4162=EDGE_CURVE('',#3334,#3333,#153,.T.);
#4163=EDGE_CURVE('',#3334,#3335,#1670,.T.);
#4164=EDGE_CURVE('',#3336,#3335,#154,.T.);
#4165=EDGE_CURVE('',#3336,#3337,#1671,.T.);
#4166=EDGE_CURVE('',#3338,#3337,#155,.T.);
#4167=EDGE_CURVE('',#3330,#3338,#1672,.T.);
#4168=EDGE_CURVE('',#3339,#3340,#1673,.T.);
#4169=EDGE_CURVE('',#3340,#3341,#1674,.T.);
#4170=EDGE_CURVE('',#3341,#3342,#1675,.T.);
#4171=EDGE_CURVE('',#3342,#3339,#1676,.T.);
#4172=EDGE_CURVE('',#3332,#3343,#1677,.T.);
#4173=EDGE_CURVE('',#3333,#3343,#1678,.T.);
#4174=EDGE_CURVE('',#3343,#3344,#156,.T.);
#4175=EDGE_CURVE('',#3344,#3334,#1679,.T.);
#4176=EDGE_CURVE('',#3335,#3345,#1680,.T.);
#4177=EDGE_CURVE('',#3345,#3346,#157,.T.);
#4178=EDGE_CURVE('',#3346,#3336,#1681,.T.);
#4179=EDGE_CURVE('',#3346,#3347,#1682,.T.);
#4180=EDGE_CURVE('',#3337,#3347,#1683,.T.);
#4181=EDGE_CURVE('',#3347,#3348,#158,.T.);
#4182=EDGE_CURVE('',#3348,#3338,#1684,.T.);
#4183=EDGE_CURVE('',#3344,#3345,#1685,.T.);
#4184=EDGE_CURVE('',#3349,#3350,#1686,.T.);
#4185=EDGE_CURVE('',#3349,#3340,#1687,.T.);
#4186=EDGE_CURVE('',#3350,#3339,#1688,.T.);
#4187=EDGE_CURVE('',#3351,#3349,#1689,.T.);
#4188=EDGE_CURVE('',#3351,#3341,#1690,.T.);
#4189=EDGE_CURVE('',#3352,#3351,#1691,.T.);
#4190=EDGE_CURVE('',#3352,#3342,#1692,.T.);
#4191=EDGE_CURVE('',#3350,#3352,#1693,.T.);
#4192=EDGE_CURVE('',#3348,#3331,#1694,.T.);
#4193=EDGE_CURVE('',#3353,#3354,#159,.T.);
#4194=EDGE_CURVE('',#3354,#3355,#1695,.T.);
#4195=EDGE_CURVE('',#3355,#3356,#160,.T.);
#4196=EDGE_CURVE('',#3356,#3353,#1696,.T.);
#4197=EDGE_CURVE('',#3353,#3357,#1697,.T.);
#4198=EDGE_CURVE('',#3358,#3357,#161,.T.);
#4199=EDGE_CURVE('',#3358,#3359,#1698,.T.);
#4200=EDGE_CURVE('',#3360,#3359,#162,.T.);
#4201=EDGE_CURVE('',#3360,#3361,#1699,.T.);
#4202=EDGE_CURVE('',#3362,#3361,#163,.T.);
#4203=EDGE_CURVE('',#3354,#3362,#1700,.T.);
#4204=EDGE_CURVE('',#3363,#3364,#1701,.T.);
#4205=EDGE_CURVE('',#3364,#3365,#1702,.T.);
#4206=EDGE_CURVE('',#3365,#3366,#1703,.T.);
#4207=EDGE_CURVE('',#3366,#3363,#1704,.T.);
#4208=EDGE_CURVE('',#3367,#3356,#1705,.T.);
#4209=EDGE_CURVE('',#3357,#3367,#1706,.T.);
#4210=EDGE_CURVE('',#3367,#3368,#164,.T.);
#4211=EDGE_CURVE('',#3368,#3358,#1707,.T.);
#4212=EDGE_CURVE('',#3369,#3370,#165,.T.);
#4213=EDGE_CURVE('',#3370,#3360,#1708,.T.);
#4214=EDGE_CURVE('',#3359,#3369,#1709,.T.);
#4215=EDGE_CURVE('',#3371,#3370,#1710,.T.);
#4216=EDGE_CURVE('',#3361,#3371,#1711,.T.);
#4217=EDGE_CURVE('',#3371,#3372,#166,.T.);
#4218=EDGE_CURVE('',#3372,#3362,#1712,.T.);
#4219=EDGE_CURVE('',#3369,#3368,#1713,.T.);
#4220=EDGE_CURVE('',#3363,#3373,#1714,.T.);
#4221=EDGE_CURVE('',#3374,#3373,#1715,.T.);
#4222=EDGE_CURVE('',#3364,#3374,#1716,.T.);
#4223=EDGE_CURVE('',#3366,#3375,#1717,.T.);
#4224=EDGE_CURVE('',#3373,#3375,#1718,.T.);
#4225=EDGE_CURVE('',#3365,#3376,#1719,.T.);
#4226=EDGE_CURVE('',#3375,#3376,#1720,.T.);
#4227=EDGE_CURVE('',#3376,#3374,#1721,.T.);
#4228=EDGE_CURVE('',#3372,#3355,#1722,.T.);
#4229=EDGE_CURVE('',#3377,#3378,#167,.T.);
#4230=EDGE_CURVE('',#3378,#3379,#1723,.T.);
#4231=EDGE_CURVE('',#3379,#3380,#168,.T.);
#4232=EDGE_CURVE('',#3380,#3377,#1724,.T.);
#4233=EDGE_CURVE('',#3381,#3379,#1725,.T.);
#4234=EDGE_CURVE('',#3382,#3381,#169,.T.);
#4235=EDGE_CURVE('',#3383,#3382,#1726,.T.);
#4236=EDGE_CURVE('',#3384,#3383,#1727,.T.);
#4237=EDGE_CURVE('',#3384,#3380,#1728,.T.);
#4238=EDGE_CURVE('',#3378,#3385,#1729,.T.);
#4239=EDGE_CURVE('',#3381,#3385,#1730,.T.);
#4240=EDGE_CURVE('',#3385,#3386,#170,.T.);
#4241=EDGE_CURVE('',#3386,#3382,#1731,.T.);
#4242=EDGE_CURVE('',#3387,#3377,#1732,.T.);
#4243=EDGE_CURVE('',#3388,#3387,#1733,.T.);
#4244=EDGE_CURVE('',#3388,#3386,#1734,.T.);
#4245=EDGE_CURVE('',#3387,#3384,#1735,.T.);
#4246=EDGE_CURVE('',#3383,#3388,#1736,.T.);
#4247=EDGE_CURVE('',#3389,#3390,#171,.T.);
#4248=EDGE_CURVE('',#3390,#3391,#1737,.T.);
#4249=EDGE_CURVE('',#3391,#3392,#172,.T.);
#4250=EDGE_CURVE('',#3392,#3389,#1738,.T.);
#4251=EDGE_CURVE('',#3393,#3391,#1739,.T.);
#4252=EDGE_CURVE('',#3394,#3393,#173,.T.);
#4253=EDGE_CURVE('',#3395,#3394,#1740,.T.);
#4254=EDGE_CURVE('',#3396,#3395,#1741,.T.);
#4255=EDGE_CURVE('',#3396,#3392,#1742,.T.);
#4256=EDGE_CURVE('',#3390,#3397,#1743,.T.);
#4257=EDGE_CURVE('',#3393,#3397,#1744,.T.);
#4258=EDGE_CURVE('',#3397,#3398,#174,.T.);
#4259=EDGE_CURVE('',#3398,#3394,#1745,.T.);
#4260=EDGE_CURVE('',#3399,#3398,#1746,.T.);
#4261=EDGE_CURVE('',#3395,#3399,#1747,.T.);
#4262=EDGE_CURVE('',#3400,#3389,#1748,.T.);
#4263=EDGE_CURVE('',#3399,#3400,#1749,.T.);
#4264=EDGE_CURVE('',#3400,#3396,#1750,.T.);
#4265=EDGE_CURVE('',#3401,#3402,#175,.T.);
#4266=EDGE_CURVE('',#3402,#3403,#1751,.T.);
#4267=EDGE_CURVE('',#3403,#3404,#176,.T.);
#4268=EDGE_CURVE('',#3404,#3401,#1752,.T.);
#4269=EDGE_CURVE('',#3402,#3405,#1753,.T.);
#4270=EDGE_CURVE('',#3406,#3405,#1754,.T.);
#4271=EDGE_CURVE('',#3406,#3407,#1755,.T.);
#4272=EDGE_CURVE('',#3408,#3407,#177,.T.);
#4273=EDGE_CURVE('',#3408,#3409,#1756,.T.);
#4274=EDGE_CURVE('',#3409,#3403,#1757,.T.);
#4275=EDGE_CURVE('',#3410,#3401,#1758,.T.);
#4276=EDGE_CURVE('',#3411,#3410,#1759,.T.);
#4277=EDGE_CURVE('',#3411,#3412,#1760,.T.);
#4278=EDGE_CURVE('',#3405,#3412,#178,.T.);
#4279=EDGE_CURVE('',#3413,#3406,#179,.T.);
#4280=EDGE_CURVE('',#3412,#3413,#1761,.T.);
#4281=EDGE_CURVE('',#3414,#3413,#1762,.T.);
#4282=EDGE_CURVE('',#3415,#3414,#1763,.T.);
#4283=EDGE_CURVE('',#3407,#3415,#1764,.T.);
#4284=EDGE_CURVE('',#3414,#3411,#1765,.T.);
#4285=EDGE_CURVE('',#3415,#3416,#180,.T.);
#4286=EDGE_CURVE('',#3416,#3408,#1766,.T.);
#4287=EDGE_CURVE('',#3417,#3416,#1767,.T.);
#4288=EDGE_CURVE('',#3417,#3409,#1768,.T.);
#4289=EDGE_CURVE('',#3418,#3404,#1769,.T.);
#4290=EDGE_CURVE('',#3410,#3418,#1770,.T.);
#4291=EDGE_CURVE('',#3418,#3417,#1771,.T.);
#4292=EDGE_CURVE('',#3419,#3420,#181,.T.);
#4293=EDGE_CURVE('',#3420,#3421,#1772,.T.);
#4294=EDGE_CURVE('',#3421,#3422,#182,.T.);
#4295=EDGE_CURVE('',#3422,#3419,#1773,.T.);
#4296=EDGE_CURVE('',#3421,#3423,#1774,.T.);
#4297=EDGE_CURVE('',#3424,#3423,#183,.T.);
#4298=EDGE_CURVE('',#3425,#3424,#1775,.T.);
#4299=EDGE_CURVE('',#3426,#3425,#184,.T.);
#4300=EDGE_CURVE('',#3426,#3427,#1776,.T.);
#4301=EDGE_CURVE('',#3428,#3427,#185,.T.);
#4302=EDGE_CURVE('',#3428,#3422,#1777,.T.);
#4303=EDGE_CURVE('',#3429,#3430,#1778,.T.);
#4304=EDGE_CURVE('',#3430,#3431,#1779,.T.);
#4305=EDGE_CURVE('',#3431,#3432,#1780,.T.);
#4306=EDGE_CURVE('',#3432,#3429,#1781,.T.);
#4307=EDGE_CURVE('',#3420,#3433,#1782,.T.);
#4308=EDGE_CURVE('',#3423,#3433,#1783,.T.);
#4309=EDGE_CURVE('',#3433,#3434,#186,.T.);
#4310=EDGE_CURVE('',#3434,#3424,#1784,.T.);
#4311=EDGE_CURVE('',#3425,#3435,#1785,.T.);
#4312=EDGE_CURVE('',#3435,#3436,#187,.T.);
#4313=EDGE_CURVE('',#3436,#3426,#1786,.T.);
#4314=EDGE_CURVE('',#3436,#3437,#1787,.T.);
#4315=EDGE_CURVE('',#3427,#3437,#1788,.T.);
#4316=EDGE_CURVE('',#3437,#3438,#188,.T.);
#4317=EDGE_CURVE('',#3438,#3428,#1789,.T.);
#4318=EDGE_CURVE('',#3419,#3438,#1790,.T.);
#4319=EDGE_CURVE('',#3439,#3440,#1791,.T.);
#4320=EDGE_CURVE('',#3439,#3429,#1792,.T.);
#4321=EDGE_CURVE('',#3440,#3432,#1793,.T.);
#4322=EDGE_CURVE('',#3440,#3441,#1794,.T.);
#4323=EDGE_CURVE('',#3441,#3431,#1795,.T.);
#4324=EDGE_CURVE('',#3441,#3442,#1796,.T.);
#4325=EDGE_CURVE('',#3442,#3430,#1797,.T.);
#4326=EDGE_CURVE('',#3442,#3439,#1798,.T.);
#4327=EDGE_CURVE('',#3434,#3435,#1799,.T.);
#4328=EDGE_CURVE('',#3443,#3444,#189,.T.);
#4329=EDGE_CURVE('',#3444,#3445,#1800,.T.);
#4330=EDGE_CURVE('',#3445,#3446,#190,.T.);
#4331=EDGE_CURVE('',#3446,#3443,#1801,.T.);
#4332=EDGE_CURVE('',#3446,#3447,#1802,.T.);
#4333=EDGE_CURVE('',#3448,#3447,#1803,.T.);
#4334=EDGE_CURVE('',#3443,#3448,#1804,.T.);
#4335=EDGE_CURVE('',#3449,#3445,#1805,.T.);
#4336=EDGE_CURVE('',#3450,#3449,#191,.T.);
#4337=EDGE_CURVE('',#3451,#3450,#1806,.T.);
#4338=EDGE_CURVE('',#3452,#3451,#192,.T.);
#4339=EDGE_CURVE('',#3452,#3453,#1807,.T.);
#4340=EDGE_CURVE('',#3447,#3453,#193,.T.);
#4341=EDGE_CURVE('',#3454,#3455,#1808,.T.);
#4342=EDGE_CURVE('',#3455,#3456,#1809,.T.);
#4343=EDGE_CURVE('',#3456,#3457,#1810,.T.);
#4344=EDGE_CURVE('',#3457,#3454,#1811,.T.);
#4345=EDGE_CURVE('',#3451,#3458,#1812,.T.);
#4346=EDGE_CURVE('',#3458,#3459,#194,.T.);
#4347=EDGE_CURVE('',#3459,#3452,#1813,.T.);
#4348=EDGE_CURVE('',#3460,#3448,#195,.T.);
#4349=EDGE_CURVE('',#3460,#3459,#1814,.T.);
#4350=EDGE_CURVE('',#3458,#3461,#1815,.T.);
#4351=EDGE_CURVE('',#3462,#3461,#196,.T.);
#4352=EDGE_CURVE('',#3444,#3462,#1816,.T.);
#4353=EDGE_CURVE('',#3463,#3464,#1817,.T.);
#4354=EDGE_CURVE('',#3464,#3465,#1818,.T.);
#4355=EDGE_CURVE('',#3465,#3466,#1819,.T.);
#4356=EDGE_CURVE('',#3466,#3463,#1820,.T.);
#4357=EDGE_CURVE('',#3461,#3450,#1821,.T.);
#4358=EDGE_CURVE('',#3449,#3462,#1822,.T.);
#4359=EDGE_CURVE('',#3453,#3460,#1823,.T.);
#4360=EDGE_CURVE('',#3455,#3463,#1824,.T.);
#4361=EDGE_CURVE('',#3456,#3466,#1825,.T.);
#4362=EDGE_CURVE('',#3457,#3465,#1826,.T.);
#4363=EDGE_CURVE('',#3454,#3464,#1827,.T.);
#4364=EDGE_CURVE('',#3467,#3468,#197,.T.);
#4365=EDGE_CURVE('',#3468,#3469,#1828,.T.);
#4366=EDGE_CURVE('',#3469,#3470,#198,.T.);
#4367=EDGE_CURVE('',#3470,#3467,#1829,.T.);
#4368=EDGE_CURVE('',#3467,#3471,#1830,.T.);
#4369=EDGE_CURVE('',#3472,#3471,#199,.T.);
#4370=EDGE_CURVE('',#3472,#3473,#1831,.T.);
#4371=EDGE_CURVE('',#3474,#3473,#200,.T.);
#4372=EDGE_CURVE('',#3474,#3475,#1832,.T.);
#4373=EDGE_CURVE('',#3476,#3475,#201,.T.);
#4374=EDGE_CURVE('',#3468,#3476,#1833,.T.);
#4375=EDGE_CURVE('',#3477,#3478,#1834,.T.);
#4376=EDGE_CURVE('',#3478,#3479,#1835,.T.);
#4377=EDGE_CURVE('',#3479,#3480,#1836,.T.);
#4378=EDGE_CURVE('',#3480,#3477,#1837,.T.);
#4379=EDGE_CURVE('',#3470,#3481,#1838,.T.);
#4380=EDGE_CURVE('',#3471,#3481,#1839,.T.);
#4381=EDGE_CURVE('',#3481,#3482,#202,.T.);
#4382=EDGE_CURVE('',#3482,#3472,#1840,.T.);
#4383=EDGE_CURVE('',#3483,#3484,#203,.T.);
#4384=EDGE_CURVE('',#3484,#3474,#1841,.T.);
#4385=EDGE_CURVE('',#3473,#3483,#1842,.T.);
#4386=EDGE_CURVE('',#3484,#3485,#1843,.T.);
#4387=EDGE_CURVE('',#3475,#3485,#1844,.T.);
#4388=EDGE_CURVE('',#3485,#3486,#204,.T.);
#4389=EDGE_CURVE('',#3486,#3476,#1845,.T.);
#4390=EDGE_CURVE('',#3483,#3482,#1846,.T.);
#4391=EDGE_CURVE('',#3486,#3469,#1847,.T.);
#4392=EDGE_CURVE('',#3487,#3488,#1848,.T.);
#4393=EDGE_CURVE('',#3488,#3489,#1849,.T.);
#4394=EDGE_CURVE('',#3489,#3490,#1850,.T.);
#4395=EDGE_CURVE('',#3490,#3487,#1851,.T.);
#4396=EDGE_CURVE('',#3487,#3478,#1852,.T.);
#4397=EDGE_CURVE('',#3488,#3477,#1853,.T.);
#4398=EDGE_CURVE('',#3490,#3479,#1854,.T.);
#4399=EDGE_CURVE('',#3489,#3480,#1855,.T.);
#4400=EDGE_CURVE('',#3491,#3492,#205,.T.);
#4401=EDGE_CURVE('',#3492,#3493,#1856,.T.);
#4402=EDGE_CURVE('',#3493,#3494,#206,.T.);
#4403=EDGE_CURVE('',#3494,#3491,#1857,.T.);
#4404=EDGE_CURVE('',#3493,#3495,#1858,.T.);
#4405=EDGE_CURVE('',#3496,#3495,#207,.T.);
#4406=EDGE_CURVE('',#3497,#3496,#1859,.T.);
#4407=EDGE_CURVE('',#3498,#3497,#208,.T.);
#4408=EDGE_CURVE('',#3498,#3499,#1860,.T.);
#4409=EDGE_CURVE('',#3500,#3499,#209,.T.);
#4410=EDGE_CURVE('',#3500,#3494,#1861,.T.);
#4411=EDGE_CURVE('',#3501,#3502,#1862,.T.);
#4412=EDGE_CURVE('',#3502,#3503,#1863,.T.);
#4413=EDGE_CURVE('',#3503,#3504,#1864,.T.);
#4414=EDGE_CURVE('',#3504,#3501,#1865,.T.);
#4415=EDGE_CURVE('',#3492,#3505,#1866,.T.);
#4416=EDGE_CURVE('',#3495,#3505,#1867,.T.);
#4417=EDGE_CURVE('',#3505,#3506,#210,.T.);
#4418=EDGE_CURVE('',#3506,#3496,#1868,.T.);
#4419=EDGE_CURVE('',#3497,#3507,#1869,.T.);
#4420=EDGE_CURVE('',#3507,#3508,#211,.T.);
#4421=EDGE_CURVE('',#3508,#3498,#1870,.T.);
#4422=EDGE_CURVE('',#3508,#3509,#1871,.T.);
#4423=EDGE_CURVE('',#3499,#3509,#1872,.T.);
#4424=EDGE_CURVE('',#3509,#3510,#212,.T.);
#4425=EDGE_CURVE('',#3510,#3500,#1873,.T.);
#4426=EDGE_CURVE('',#3491,#3510,#1874,.T.);
#4427=EDGE_CURVE('',#3511,#3512,#1875,.T.);
#4428=EDGE_CURVE('',#3511,#3501,#1876,.T.);
#4429=EDGE_CURVE('',#3512,#3504,#1877,.T.);
#4430=EDGE_CURVE('',#3512,#3513,#1878,.T.);
#4431=EDGE_CURVE('',#3513,#3503,#1879,.T.);
#4432=EDGE_CURVE('',#3513,#3514,#1880,.T.);
#4433=EDGE_CURVE('',#3514,#3502,#1881,.T.);
#4434=EDGE_CURVE('',#3514,#3511,#1882,.T.);
#4435=EDGE_CURVE('',#3506,#3507,#1883,.T.);
#4436=EDGE_CURVE('',#3515,#3516,#213,.T.);
#4437=EDGE_CURVE('',#3516,#3517,#1884,.T.);
#4438=EDGE_CURVE('',#3517,#3518,#214,.T.);
#4439=EDGE_CURVE('',#3518,#3515,#1885,.T.);
#4440=EDGE_CURVE('',#3516,#3519,#1886,.T.);
#4441=EDGE_CURVE('',#3520,#3519,#1887,.T.);
#4442=EDGE_CURVE('',#3520,#3517,#1888,.T.);
#4443=EDGE_CURVE('',#3515,#3521,#1889,.T.);
#4444=EDGE_CURVE('',#3522,#3521,#215,.T.);
#4445=EDGE_CURVE('',#3522,#3523,#1890,.T.);
#4446=EDGE_CURVE('',#3524,#3523,#216,.T.);
#4447=EDGE_CURVE('',#3524,#3525,#1891,.T.);
#4448=EDGE_CURVE('',#3519,#3525,#217,.T.);
#4449=EDGE_CURVE('',#3526,#3527,#1892,.T.);
#4450=EDGE_CURVE('',#3527,#3528,#1893,.T.);
#4451=EDGE_CURVE('',#3528,#3529,#1894,.T.);
#4452=EDGE_CURVE('',#3529,#3526,#1895,.T.);
#4453=EDGE_CURVE('',#3530,#3531,#218,.T.);
#4454=EDGE_CURVE('',#3531,#3524,#1896,.T.);
#4455=EDGE_CURVE('',#3523,#3530,#1897,.T.);
#4456=EDGE_CURVE('',#3532,#3522,#1898,.T.);
#4457=EDGE_CURVE('',#3530,#3532,#1899,.T.);
#4458=EDGE_CURVE('',#3533,#3520,#219,.T.);
#4459=EDGE_CURVE('',#3525,#3533,#1900,.T.);
#4460=EDGE_CURVE('',#3531,#3533,#1901,.T.);
#4461=EDGE_CURVE('',#3534,#3532,#220,.T.);
#4462=EDGE_CURVE('',#3518,#3534,#1902,.T.);
#4463=EDGE_CURVE('',#3535,#3536,#1903,.T.);
#4464=EDGE_CURVE('',#3536,#3537,#1904,.T.);
#4465=EDGE_CURVE('',#3537,#3538,#1905,.T.);
#4466=EDGE_CURVE('',#3538,#3535,#1906,.T.);
#4467=EDGE_CURVE('',#3521,#3534,#1907,.T.);
#4468=EDGE_CURVE('',#3535,#3527,#1908,.T.);
#4469=EDGE_CURVE('',#3536,#3526,#1909,.T.);
#4470=EDGE_CURVE('',#3538,#3528,#1910,.T.);
#4471=EDGE_CURVE('',#3537,#3529,#1911,.T.);
#4472=EDGE_CURVE('',#3539,#3540,#221,.T.);
#4473=EDGE_CURVE('',#3540,#3541,#1912,.T.);
#4474=EDGE_CURVE('',#3541,#3542,#222,.T.);
#4475=EDGE_CURVE('',#3542,#3539,#1913,.T.);
#4476=EDGE_CURVE('',#3543,#3540,#1914,.T.);
#4477=EDGE_CURVE('',#3544,#3543,#1915,.T.);
#4478=EDGE_CURVE('',#3544,#3541,#1916,.T.);
#4479=EDGE_CURVE('',#3539,#3545,#1917,.T.);
#4480=EDGE_CURVE('',#3546,#3545,#223,.T.);
#4481=EDGE_CURVE('',#3546,#3547,#1918,.T.);
#4482=EDGE_CURVE('',#3548,#3547,#224,.T.);
#4483=EDGE_CURVE('',#3548,#3549,#1919,.T.);
#4484=EDGE_CURVE('',#3543,#3549,#225,.T.);
#4485=EDGE_CURVE('',#3550,#3551,#1920,.T.);
#4486=EDGE_CURVE('',#3551,#3552,#1921,.T.);
#4487=EDGE_CURVE('',#3552,#3553,#1922,.T.);
#4488=EDGE_CURVE('',#3553,#3550,#1923,.T.);
#4489=EDGE_CURVE('',#3545,#3554,#1924,.T.);
#4490=EDGE_CURVE('',#3554,#3555,#226,.T.);
#4491=EDGE_CURVE('',#3555,#3546,#1925,.T.);
#4492=EDGE_CURVE('',#3555,#3556,#1926,.T.);
#4493=EDGE_CURVE('',#3547,#3556,#1927,.T.);
#4494=EDGE_CURVE('',#3556,#3557,#227,.T.);
#4495=EDGE_CURVE('',#3557,#3548,#1928,.T.);
#4496=EDGE_CURVE('',#3558,#3544,#228,.T.);
#4497=EDGE_CURVE('',#3549,#3558,#1929,.T.);
#4498=EDGE_CURVE('',#3558,#3557,#1930,.T.);
#4499=EDGE_CURVE('',#3542,#3554,#1931,.T.);
#4500=EDGE_CURVE('',#3559,#3560,#1932,.T.);
#4501=EDGE_CURVE('',#3560,#3561,#1933,.T.);
#4502=EDGE_CURVE('',#3561,#3562,#1934,.T.);
#4503=EDGE_CURVE('',#3562,#3559,#1935,.T.);
#4504=EDGE_CURVE('',#3560,#3550,#1936,.T.);
#4505=EDGE_CURVE('',#3561,#3553,#1937,.T.);
#4506=EDGE_CURVE('',#3562,#3552,#1938,.T.);
#4507=EDGE_CURVE('',#3559,#3551,#1939,.T.);
#4508=EDGE_CURVE('',#3563,#3564,#229,.T.);
#4509=EDGE_CURVE('',#3564,#3565,#1940,.T.);
#4510=EDGE_CURVE('',#3565,#3566,#230,.T.);
#4511=EDGE_CURVE('',#3566,#3563,#1941,.T.);
#4512=EDGE_CURVE('',#3567,#3564,#1942,.T.);
#4513=EDGE_CURVE('',#3568,#3567,#1943,.T.);
#4514=EDGE_CURVE('',#3568,#3565,#1944,.T.);
#4515=EDGE_CURVE('',#3563,#3569,#1945,.T.);
#4516=EDGE_CURVE('',#3570,#3569,#231,.T.);
#4517=EDGE_CURVE('',#3570,#3571,#1946,.T.);
#4518=EDGE_CURVE('',#3572,#3571,#232,.T.);
#4519=EDGE_CURVE('',#3573,#3572,#1947,.T.);
#4520=EDGE_CURVE('',#3567,#3573,#233,.T.);
#4521=EDGE_CURVE('',#3574,#3575,#1948,.T.);
#4522=EDGE_CURVE('',#3575,#3576,#1949,.T.);
#4523=EDGE_CURVE('',#3576,#3577,#1950,.T.);
#4524=EDGE_CURVE('',#3577,#3574,#1951,.T.);
#4525=EDGE_CURVE('',#3578,#3579,#234,.T.);
#4526=EDGE_CURVE('',#3579,#3570,#1952,.T.);
#4527=EDGE_CURVE('',#3569,#3578,#1953,.T.);
#4528=EDGE_CURVE('',#3579,#3580,#1954,.T.);
#4529=EDGE_CURVE('',#3571,#3580,#1955,.T.);
#4530=EDGE_CURVE('',#3580,#3581,#235,.T.);
#4531=EDGE_CURVE('',#3581,#3572,#1956,.T.);
#4532=EDGE_CURVE('',#3573,#3582,#1957,.T.);
#4533=EDGE_CURVE('',#3582,#3568,#236,.T.);
#4534=EDGE_CURVE('',#3581,#3582,#1958,.T.);
#4535=EDGE_CURVE('',#3578,#3566,#1959,.T.);
#4536=EDGE_CURVE('',#3583,#3584,#1960,.T.);
#4537=EDGE_CURVE('',#3584,#3585,#1961,.T.);
#4538=EDGE_CURVE('',#3585,#3586,#1962,.T.);
#4539=EDGE_CURVE('',#3586,#3583,#1963,.T.);
#4540=EDGE_CURVE('',#3583,#3575,#1964,.T.);
#4541=EDGE_CURVE('',#3584,#3574,#1965,.T.);
#4542=EDGE_CURVE('',#3586,#3576,#1966,.T.);
#4543=EDGE_CURVE('',#3585,#3577,#1967,.T.);
#4544=EDGE_CURVE('',#3587,#3588,#237,.T.);
#4545=EDGE_CURVE('',#3588,#3589,#1968,.T.);
#4546=EDGE_CURVE('',#3589,#3590,#238,.T.);
#4547=EDGE_CURVE('',#3590,#3587,#1969,.T.);
#4548=EDGE_CURVE('',#3588,#3591,#1970,.T.);
#4549=EDGE_CURVE('',#3592,#3591,#1971,.T.);
#4550=EDGE_CURVE('',#3592,#3589,#1972,.T.);
#4551=EDGE_CURVE('',#3587,#3593,#1973,.T.);
#4552=EDGE_CURVE('',#3594,#3593,#239,.T.);
#4553=EDGE_CURVE('',#3594,#3595,#1974,.T.);
#4554=EDGE_CURVE('',#3596,#3595,#240,.T.);
#4555=EDGE_CURVE('',#3596,#3597,#1975,.T.);
#4556=EDGE_CURVE('',#3591,#3597,#241,.T.);
#4557=EDGE_CURVE('',#3598,#3599,#1976,.T.);
#4558=EDGE_CURVE('',#3599,#3600,#1977,.T.);
#4559=EDGE_CURVE('',#3600,#3601,#1978,.T.);
#4560=EDGE_CURVE('',#3601,#3598,#1979,.T.);
#4561=EDGE_CURVE('',#3602,#3592,#242,.T.);
#4562=EDGE_CURVE('',#3597,#3602,#1980,.T.);
#4563=EDGE_CURVE('',#3603,#3596,#1981,.T.);
#4564=EDGE_CURVE('',#3602,#3603,#1982,.T.);
#4565=EDGE_CURVE('',#3604,#3603,#243,.T.);
#4566=EDGE_CURVE('',#3595,#3604,#1983,.T.);
#4567=EDGE_CURVE('',#3605,#3594,#1984,.T.);
#4568=EDGE_CURVE('',#3604,#3605,#1985,.T.);
#4569=EDGE_CURVE('',#3593,#3606,#1986,.T.);
#4570=EDGE_CURVE('',#3606,#3605,#244,.T.);
#4571=EDGE_CURVE('',#3606,#3590,#1987,.T.);
#4572=EDGE_CURVE('',#3599,#3607,#1988,.T.);
#4573=EDGE_CURVE('',#3608,#3607,#1989,.T.);
#4574=EDGE_CURVE('',#3600,#3608,#1990,.T.);
#4575=EDGE_CURVE('',#3609,#3608,#1991,.T.);
#4576=EDGE_CURVE('',#3601,#3609,#1992,.T.);
#4577=EDGE_CURVE('',#3610,#3609,#1993,.T.);
#4578=EDGE_CURVE('',#3598,#3610,#1994,.T.);
#4579=EDGE_CURVE('',#3607,#3610,#1995,.T.);
#4580=EDGE_CURVE('',#3611,#3612,#245,.T.);
#4581=EDGE_CURVE('',#3612,#3613,#1996,.T.);
#4582=EDGE_CURVE('',#3613,#3614,#246,.T.);
#4583=EDGE_CURVE('',#3614,#3611,#1997,.T.);
#4584=EDGE_CURVE('',#3615,#3614,#1998,.T.);
#4585=EDGE_CURVE('',#3616,#3615,#1999,.T.);
#4586=EDGE_CURVE('',#3611,#3616,#2000,.T.);
#4587=EDGE_CURVE('',#3617,#3613,#2001,.T.);
#4588=EDGE_CURVE('',#3618,#3617,#247,.T.);
#4589=EDGE_CURVE('',#3618,#3619,#2002,.T.);
#4590=EDGE_CURVE('',#3620,#3619,#248,.T.);
#4591=EDGE_CURVE('',#3620,#3621,#2003,.T.);
#4592=EDGE_CURVE('',#3615,#3621,#249,.T.);
#4593=EDGE_CURVE('',#3622,#3623,#2004,.T.);
#4594=EDGE_CURVE('',#3623,#3624,#2005,.T.);
#4595=EDGE_CURVE('',#3624,#3625,#2006,.T.);
#4596=EDGE_CURVE('',#3625,#3622,#2007,.T.);
#4597=EDGE_CURVE('',#3617,#3626,#2008,.T.);
#4598=EDGE_CURVE('',#3626,#3627,#250,.T.);
#4599=EDGE_CURVE('',#3627,#3618,#2009,.T.);
#4600=EDGE_CURVE('',#3628,#3627,#2010,.T.);
#4601=EDGE_CURVE('',#3619,#3628,#2011,.T.);
#4602=EDGE_CURVE('',#3629,#3616,#251,.T.);
#4603=EDGE_CURVE('',#3629,#3630,#2012,.T.);
#4604=EDGE_CURVE('',#3628,#3630,#252,.T.);
#4605=EDGE_CURVE('',#3612,#3626,#2013,.T.);
#4606=EDGE_CURVE('',#3631,#3632,#2014,.T.);
#4607=EDGE_CURVE('',#3632,#3633,#2015,.T.);
#4608=EDGE_CURVE('',#3633,#3634,#2016,.T.);
#4609=EDGE_CURVE('',#3634,#3631,#2017,.T.);
#4610=EDGE_CURVE('',#3630,#3620,#2018,.T.);
#4611=EDGE_CURVE('',#3621,#3629,#2019,.T.);
#4612=EDGE_CURVE('',#3632,#3622,#2020,.T.);
#4613=EDGE_CURVE('',#3633,#3625,#2021,.T.);
#4614=EDGE_CURVE('',#3634,#3624,#2022,.T.);
#4615=EDGE_CURVE('',#3631,#3623,#2023,.T.);
#4616=EDGE_CURVE('',#3635,#3636,#253,.T.);
#4617=EDGE_CURVE('',#3636,#3637,#2024,.T.);
#4618=EDGE_CURVE('',#3637,#3638,#254,.T.);
#4619=EDGE_CURVE('',#3638,#3635,#2025,.T.);
#4620=EDGE_CURVE('',#3639,#3638,#2026,.T.);
#4621=EDGE_CURVE('',#3640,#3639,#2027,.T.);
#4622=EDGE_CURVE('',#3635,#3640,#2028,.T.);
#4623=EDGE_CURVE('',#3641,#3637,#2029,.T.);
#4624=EDGE_CURVE('',#3642,#3641,#255,.T.);
#4625=EDGE_CURVE('',#3642,#3643,#2030,.T.);
#4626=EDGE_CURVE('',#3644,#3643,#256,.T.);
#4627=EDGE_CURVE('',#3644,#3645,#2031,.T.);
#4628=EDGE_CURVE('',#3639,#3645,#257,.T.);
#4629=EDGE_CURVE('',#3646,#3647,#2032,.T.);
#4630=EDGE_CURVE('',#3647,#3648,#2033,.T.);
#4631=EDGE_CURVE('',#3648,#3649,#2034,.T.);
#4632=EDGE_CURVE('',#3649,#3646,#2035,.T.);
#4633=EDGE_CURVE('',#3641,#3650,#2036,.T.);
#4634=EDGE_CURVE('',#3650,#3651,#258,.T.);
#4635=EDGE_CURVE('',#3651,#3642,#2037,.T.);
#4636=EDGE_CURVE('',#3652,#3651,#2038,.T.);
#4637=EDGE_CURVE('',#3643,#3652,#2039,.T.);
#4638=EDGE_CURVE('',#3653,#3640,#259,.T.);
#4639=EDGE_CURVE('',#3653,#3654,#2040,.T.);
#4640=EDGE_CURVE('',#3652,#3654,#260,.T.);
#4641=EDGE_CURVE('',#3636,#3650,#2041,.T.);
#4642=EDGE_CURVE('',#3655,#3656,#2042,.T.);
#4643=EDGE_CURVE('',#3656,#3657,#2043,.T.);
#4644=EDGE_CURVE('',#3657,#3658,#2044,.T.);
#4645=EDGE_CURVE('',#3658,#3655,#2045,.T.);
#4646=EDGE_CURVE('',#3654,#3644,#2046,.T.);
#4647=EDGE_CURVE('',#3645,#3653,#2047,.T.);
#4648=EDGE_CURVE('',#3655,#3647,#2048,.T.);
#4649=EDGE_CURVE('',#3656,#3646,#2049,.T.);
#4650=EDGE_CURVE('',#3658,#3648,#2050,.T.);
#4651=EDGE_CURVE('',#3657,#3649,#2051,.T.);
#4652=EDGE_CURVE('',#3659,#3660,#261,.T.);
#4653=EDGE_CURVE('',#3660,#3661,#2052,.T.);
#4654=EDGE_CURVE('',#3661,#3662,#262,.T.);
#4655=EDGE_CURVE('',#3662,#3659,#2053,.T.);
#4656=EDGE_CURVE('',#3660,#3663,#2054,.T.);
#4657=EDGE_CURVE('',#3664,#3663,#2055,.T.);
#4658=EDGE_CURVE('',#3664,#3661,#2056,.T.);
#4659=EDGE_CURVE('',#3659,#3665,#2057,.T.);
#4660=EDGE_CURVE('',#3666,#3665,#263,.T.);
#4661=EDGE_CURVE('',#3666,#3667,#2058,.T.);
#4662=EDGE_CURVE('',#3668,#3667,#264,.T.);
#4663=EDGE_CURVE('',#3668,#3669,#2059,.T.);
#4664=EDGE_CURVE('',#3663,#3669,#265,.T.);
#4665=EDGE_CURVE('',#3670,#3671,#2060,.T.);
#4666=EDGE_CURVE('',#3671,#3672,#2061,.T.);
#4667=EDGE_CURVE('',#3672,#3673,#2062,.T.);
#4668=EDGE_CURVE('',#3673,#3670,#2063,.T.);
#4669=EDGE_CURVE('',#3665,#3674,#2064,.T.);
#4670=EDGE_CURVE('',#3674,#3675,#266,.T.);
#4671=EDGE_CURVE('',#3675,#3666,#2065,.T.);
#4672=EDGE_CURVE('',#3676,#3675,#2066,.T.);
#4673=EDGE_CURVE('',#3667,#3676,#2067,.T.);
#4674=EDGE_CURVE('',#3677,#3664,#267,.T.);
#4675=EDGE_CURVE('',#3677,#3678,#2068,.T.);
#4676=EDGE_CURVE('',#3676,#3678,#268,.T.);
#4677=EDGE_CURVE('',#3674,#3662,#2069,.T.);
#4678=EDGE_CURVE('',#3679,#3680,#2070,.T.);
#4679=EDGE_CURVE('',#3680,#3681,#2071,.T.);
#4680=EDGE_CURVE('',#3681,#3682,#2072,.T.);
#4681=EDGE_CURVE('',#3682,#3679,#2073,.T.);
#4682=EDGE_CURVE('',#3678,#3668,#2074,.T.);
#4683=EDGE_CURVE('',#3669,#3677,#2075,.T.);
#4684=EDGE_CURVE('',#3680,#3670,#2076,.T.);
#4685=EDGE_CURVE('',#3681,#3673,#2077,.T.);
#4686=EDGE_CURVE('',#3682,#3672,#2078,.T.);
#4687=EDGE_CURVE('',#3679,#3671,#2079,.T.);
#4688=EDGE_CURVE('',#3683,#3684,#269,.T.);
#4689=EDGE_CURVE('',#3684,#3685,#2080,.T.);
#4690=EDGE_CURVE('',#3685,#3686,#270,.T.);
#4691=EDGE_CURVE('',#3686,#3683,#2081,.T.);
#4692=EDGE_CURVE('',#3687,#3685,#2082,.T.);
#4693=EDGE_CURVE('',#3688,#3687,#271,.T.);
#4694=EDGE_CURVE('',#3688,#3689,#2083,.T.);
#4695=EDGE_CURVE('',#3690,#3689,#272,.T.);
#4696=EDGE_CURVE('',#3690,#3691,#2084,.T.);
#4697=EDGE_CURVE('',#3692,#3691,#273,.T.);
#4698=EDGE_CURVE('',#3692,#3686,#2085,.T.);
#4699=EDGE_CURVE('',#3693,#3694,#2086,.T.);
#4700=EDGE_CURVE('',#3694,#3695,#2087,.T.);
#4701=EDGE_CURVE('',#3695,#3696,#2088,.T.);
#4702=EDGE_CURVE('',#3696,#3693,#2089,.T.);
#4703=EDGE_CURVE('',#3684,#3697,#2090,.T.);
#4704=EDGE_CURVE('',#3687,#3697,#2091,.T.);
#4705=EDGE_CURVE('',#3697,#3698,#274,.T.);
#4706=EDGE_CURVE('',#3698,#3688,#2092,.T.);
#4707=EDGE_CURVE('',#3689,#3699,#2093,.T.);
#4708=EDGE_CURVE('',#3699,#3700,#275,.T.);
#4709=EDGE_CURVE('',#3700,#3690,#2094,.T.);
#4710=EDGE_CURVE('',#3701,#3700,#2095,.T.);
#4711=EDGE_CURVE('',#3691,#3701,#2096,.T.);
#4712=EDGE_CURVE('',#3683,#3702,#2097,.T.);
#4713=EDGE_CURVE('',#3701,#3702,#276,.T.);
#4714=EDGE_CURVE('',#3699,#3698,#2098,.T.);
#4715=EDGE_CURVE('',#3703,#3704,#2099,.T.);
#4716=EDGE_CURVE('',#3704,#3705,#2100,.T.);
#4717=EDGE_CURVE('',#3705,#3706,#2101,.T.);
#4718=EDGE_CURVE('',#3706,#3703,#2102,.T.);
#4719=EDGE_CURVE('',#3702,#3692,#2103,.T.);
#4720=EDGE_CURVE('',#3703,#3694,#2104,.T.);
#4721=EDGE_CURVE('',#3704,#3693,#2105,.T.);
#4722=EDGE_CURVE('',#3706,#3695,#2106,.T.);
#4723=EDGE_CURVE('',#3705,#3696,#2107,.T.);
#4724=EDGE_CURVE('',#3707,#3708,#277,.T.);
#4725=EDGE_CURVE('',#3708,#3709,#2108,.T.);
#4726=EDGE_CURVE('',#3709,#3710,#278,.T.);
#4727=EDGE_CURVE('',#3710,#3707,#2109,.T.);
#4728=EDGE_CURVE('',#3711,#3710,#2110,.T.);
#4729=EDGE_CURVE('',#3712,#3711,#2111,.T.);
#4730=EDGE_CURVE('',#3707,#3712,#2112,.T.);
#4731=EDGE_CURVE('',#3709,#3713,#2113,.T.);
#4732=EDGE_CURVE('',#3714,#3713,#279,.T.);
#4733=EDGE_CURVE('',#3714,#3715,#2114,.T.);
#4734=EDGE_CURVE('',#3716,#3715,#280,.T.);
#4735=EDGE_CURVE('',#3716,#3717,#2115,.T.);
#4736=EDGE_CURVE('',#3711,#3717,#281,.T.);
#4737=EDGE_CURVE('',#3718,#3719,#2116,.T.);
#4738=EDGE_CURVE('',#3719,#3720,#2117,.T.);
#4739=EDGE_CURVE('',#3720,#3721,#2118,.T.);
#4740=EDGE_CURVE('',#3721,#3718,#2119,.T.);
#4741=EDGE_CURVE('',#3715,#3722,#2120,.T.);
#4742=EDGE_CURVE('',#3722,#3723,#282,.T.);
#4743=EDGE_CURVE('',#3723,#3716,#2121,.T.);
#4744=EDGE_CURVE('',#3724,#3712,#283,.T.);
#4745=EDGE_CURVE('',#3724,#3723,#2122,.T.);
#4746=EDGE_CURVE('',#3722,#3725,#2123,.T.);
#4747=EDGE_CURVE('',#3726,#3725,#284,.T.);
#4748=EDGE_CURVE('',#3726,#3708,#2124,.T.);
#4749=EDGE_CURVE('',#3727,#3728,#2125,.T.);
#4750=EDGE_CURVE('',#3728,#3729,#2126,.T.);
#4751=EDGE_CURVE('',#3729,#3730,#2127,.T.);
#4752=EDGE_CURVE('',#3730,#3727,#2128,.T.);
#4753=EDGE_CURVE('',#3725,#3714,#2129,.T.);
#4754=EDGE_CURVE('',#3713,#3726,#2130,.T.);
#4755=EDGE_CURVE('',#3717,#3724,#2131,.T.);
#4756=EDGE_CURVE('',#3719,#3727,#2132,.T.);
#4757=EDGE_CURVE('',#3720,#3730,#2133,.T.);
#4758=EDGE_CURVE('',#3721,#3729,#2134,.T.);
#4759=EDGE_CURVE('',#3718,#3728,#2135,.T.);
#4760=EDGE_CURVE('',#3731,#3732,#285,.T.);
#4761=EDGE_CURVE('',#3732,#3733,#2136,.T.);
#4762=EDGE_CURVE('',#3733,#3734,#286,.T.);
#4763=EDGE_CURVE('',#3734,#3731,#2137,.T.);
#4764=EDGE_CURVE('',#3735,#3734,#2138,.T.);
#4765=EDGE_CURVE('',#3736,#3735,#2139,.T.);
#4766=EDGE_CURVE('',#3731,#3736,#2140,.T.);
#4767=EDGE_CURVE('',#3733,#3737,#2141,.T.);
#4768=EDGE_CURVE('',#3738,#3737,#287,.T.);
#4769=EDGE_CURVE('',#3739,#3738,#2142,.T.);
#4770=EDGE_CURVE('',#3740,#3739,#288,.T.);
#4771=EDGE_CURVE('',#3740,#3741,#2143,.T.);
#4772=EDGE_CURVE('',#3735,#3741,#289,.T.);
#4773=EDGE_CURVE('',#3742,#3743,#2144,.T.);
#4774=EDGE_CURVE('',#3743,#3744,#2145,.T.);
#4775=EDGE_CURVE('',#3744,#3745,#2146,.T.);
#4776=EDGE_CURVE('',#3745,#3742,#2147,.T.);
#4777=EDGE_CURVE('',#3739,#3746,#2148,.T.);
#4778=EDGE_CURVE('',#3746,#3747,#290,.T.);
#4779=EDGE_CURVE('',#3747,#3740,#2149,.T.);
#4780=EDGE_CURVE('',#3748,#3747,#2150,.T.);
#4781=EDGE_CURVE('',#3741,#3748,#2151,.T.);
#4782=EDGE_CURVE('',#3748,#3736,#291,.T.);
#4783=EDGE_CURVE('',#3749,#3750,#292,.T.);
#4784=EDGE_CURVE('',#3750,#3738,#2152,.T.);
#4785=EDGE_CURVE('',#3737,#3749,#2153,.T.);
#4786=EDGE_CURVE('',#3749,#3732,#2154,.T.);
#4787=EDGE_CURVE('',#3750,#3746,#2155,.T.);
#4788=EDGE_CURVE('',#3751,#3752,#2156,.T.);
#4789=EDGE_CURVE('',#3752,#3753,#2157,.T.);
#4790=EDGE_CURVE('',#3753,#3754,#2158,.T.);
#4791=EDGE_CURVE('',#3754,#3751,#2159,.T.);
#4792=EDGE_CURVE('',#3751,#3743,#2160,.T.);
#4793=EDGE_CURVE('',#3752,#3742,#2161,.T.);
#4794=EDGE_CURVE('',#3754,#3744,#2162,.T.);
#4795=EDGE_CURVE('',#3753,#3745,#2163,.T.);
#4796=ORIENTED_EDGE('',*,*,#3755,.T.);
#4797=ORIENTED_EDGE('',*,*,#3756,.T.);
#4798=ORIENTED_EDGE('',*,*,#3757,.F.);
#4799=ORIENTED_EDGE('',*,*,#3758,.F.);
#4800=ORIENTED_EDGE('',*,*,#3759,.T.);
#4801=ORIENTED_EDGE('',*,*,#3758,.T.);
#4802=ORIENTED_EDGE('',*,*,#3760,.F.);
#4803=ORIENTED_EDGE('',*,*,#3761,.F.);
#4804=ORIENTED_EDGE('',*,*,#3762,.T.);
#4805=ORIENTED_EDGE('',*,*,#3761,.T.);
#4806=ORIENTED_EDGE('',*,*,#3763,.F.);
#4807=ORIENTED_EDGE('',*,*,#3764,.F.);
#4808=ORIENTED_EDGE('',*,*,#3765,.T.);
#4809=ORIENTED_EDGE('',*,*,#3764,.T.);
#4810=ORIENTED_EDGE('',*,*,#3766,.F.);
#4811=ORIENTED_EDGE('',*,*,#3756,.F.);
#4812=ORIENTED_EDGE('',*,*,#3767,.T.);
#4813=ORIENTED_EDGE('',*,*,#3768,.T.);
#4814=ORIENTED_EDGE('',*,*,#3769,.F.);
#4815=ORIENTED_EDGE('',*,*,#3770,.F.);
#4816=ORIENTED_EDGE('',*,*,#3771,.T.);
#4817=ORIENTED_EDGE('',*,*,#3770,.T.);
#4818=ORIENTED_EDGE('',*,*,#3772,.F.);
#4819=ORIENTED_EDGE('',*,*,#3773,.F.);
#4820=ORIENTED_EDGE('',*,*,#3774,.T.);
#4821=ORIENTED_EDGE('',*,*,#3773,.T.);
#4822=ORIENTED_EDGE('',*,*,#3775,.F.);
#4823=ORIENTED_EDGE('',*,*,#3776,.F.);
#4824=ORIENTED_EDGE('',*,*,#3777,.T.);
#4825=ORIENTED_EDGE('',*,*,#3776,.T.);
#4826=ORIENTED_EDGE('',*,*,#3778,.F.);
#4827=ORIENTED_EDGE('',*,*,#3768,.F.);
#4828=ORIENTED_EDGE('',*,*,#3779,.T.);
#4829=ORIENTED_EDGE('',*,*,#3780,.T.);
#4830=ORIENTED_EDGE('',*,*,#3781,.F.);
#4831=ORIENTED_EDGE('',*,*,#3782,.F.);
#4832=ORIENTED_EDGE('',*,*,#3783,.T.);
#4833=ORIENTED_EDGE('',*,*,#3782,.T.);
#4834=ORIENTED_EDGE('',*,*,#3784,.F.);
#4835=ORIENTED_EDGE('',*,*,#3785,.F.);
#4836=ORIENTED_EDGE('',*,*,#3786,.T.);
#4837=ORIENTED_EDGE('',*,*,#3785,.T.);
#4838=ORIENTED_EDGE('',*,*,#3787,.F.);
#4839=ORIENTED_EDGE('',*,*,#3788,.F.);
#4840=ORIENTED_EDGE('',*,*,#3789,.T.);
#4841=ORIENTED_EDGE('',*,*,#3788,.T.);
#4842=ORIENTED_EDGE('',*,*,#3790,.F.);
#4843=ORIENTED_EDGE('',*,*,#3780,.F.);
#4844=ORIENTED_EDGE('',*,*,#3791,.T.);
#4845=ORIENTED_EDGE('',*,*,#3792,.T.);
#4846=ORIENTED_EDGE('',*,*,#3793,.F.);
#4847=ORIENTED_EDGE('',*,*,#3794,.F.);
#4848=ORIENTED_EDGE('',*,*,#3795,.T.);
#4849=ORIENTED_EDGE('',*,*,#3794,.T.);
#4850=ORIENTED_EDGE('',*,*,#3796,.F.);
#4851=ORIENTED_EDGE('',*,*,#3797,.F.);
#4852=ORIENTED_EDGE('',*,*,#3798,.T.);
#4853=ORIENTED_EDGE('',*,*,#3797,.T.);
#4854=ORIENTED_EDGE('',*,*,#3799,.F.);
#4855=ORIENTED_EDGE('',*,*,#3800,.F.);
#4856=ORIENTED_EDGE('',*,*,#3801,.T.);
#4857=ORIENTED_EDGE('',*,*,#3800,.T.);
#4858=ORIENTED_EDGE('',*,*,#3802,.F.);
#4859=ORIENTED_EDGE('',*,*,#3792,.F.);
#4860=ORIENTED_EDGE('',*,*,#3803,.T.);
#4861=ORIENTED_EDGE('',*,*,#3804,.T.);
#4862=ORIENTED_EDGE('',*,*,#3805,.F.);
#4863=ORIENTED_EDGE('',*,*,#3806,.F.);
#4864=ORIENTED_EDGE('',*,*,#3807,.T.);
#4865=ORIENTED_EDGE('',*,*,#3806,.T.);
#4866=ORIENTED_EDGE('',*,*,#3808,.F.);
#4867=ORIENTED_EDGE('',*,*,#3809,.F.);
#4868=ORIENTED_EDGE('',*,*,#3810,.T.);
#4869=ORIENTED_EDGE('',*,*,#3809,.T.);
#4870=ORIENTED_EDGE('',*,*,#3811,.F.);
#4871=ORIENTED_EDGE('',*,*,#3812,.F.);
#4872=ORIENTED_EDGE('',*,*,#3813,.T.);
#4873=ORIENTED_EDGE('',*,*,#3812,.T.);
#4874=ORIENTED_EDGE('',*,*,#3814,.F.);
#4875=ORIENTED_EDGE('',*,*,#3804,.F.);
#4876=ORIENTED_EDGE('',*,*,#3815,.T.);
#4877=ORIENTED_EDGE('',*,*,#3816,.T.);
#4878=ORIENTED_EDGE('',*,*,#3817,.F.);
#4879=ORIENTED_EDGE('',*,*,#3818,.F.);
#4880=ORIENTED_EDGE('',*,*,#3819,.T.);
#4881=ORIENTED_EDGE('',*,*,#3818,.T.);
#4882=ORIENTED_EDGE('',*,*,#3820,.F.);
#4883=ORIENTED_EDGE('',*,*,#3821,.F.);
#4884=ORIENTED_EDGE('',*,*,#3822,.T.);
#4885=ORIENTED_EDGE('',*,*,#3821,.T.);
#4886=ORIENTED_EDGE('',*,*,#3823,.F.);
#4887=ORIENTED_EDGE('',*,*,#3824,.F.);
#4888=ORIENTED_EDGE('',*,*,#3825,.T.);
#4889=ORIENTED_EDGE('',*,*,#3824,.T.);
#4890=ORIENTED_EDGE('',*,*,#3826,.F.);
#4891=ORIENTED_EDGE('',*,*,#3816,.F.);
#4892=ORIENTED_EDGE('',*,*,#3827,.T.);
#4893=ORIENTED_EDGE('',*,*,#3828,.T.);
#4894=ORIENTED_EDGE('',*,*,#3829,.F.);
#4895=ORIENTED_EDGE('',*,*,#3830,.F.);
#4896=ORIENTED_EDGE('',*,*,#3831,.T.);
#4897=ORIENTED_EDGE('',*,*,#3830,.T.);
#4898=ORIENTED_EDGE('',*,*,#3832,.F.);
#4899=ORIENTED_EDGE('',*,*,#3833,.F.);
#4900=ORIENTED_EDGE('',*,*,#3834,.T.);
#4901=ORIENTED_EDGE('',*,*,#3833,.T.);
#4902=ORIENTED_EDGE('',*,*,#3835,.F.);
#4903=ORIENTED_EDGE('',*,*,#3836,.F.);
#4904=ORIENTED_EDGE('',*,*,#3837,.T.);
#4905=ORIENTED_EDGE('',*,*,#3836,.T.);
#4906=ORIENTED_EDGE('',*,*,#3838,.F.);
#4907=ORIENTED_EDGE('',*,*,#3828,.F.);
#4908=ORIENTED_EDGE('',*,*,#3839,.T.);
#4909=ORIENTED_EDGE('',*,*,#3840,.T.);
#4910=ORIENTED_EDGE('',*,*,#3841,.F.);
#4911=ORIENTED_EDGE('',*,*,#3842,.F.);
#4912=ORIENTED_EDGE('',*,*,#3843,.T.);
#4913=ORIENTED_EDGE('',*,*,#3842,.T.);
#4914=ORIENTED_EDGE('',*,*,#3844,.F.);
#4915=ORIENTED_EDGE('',*,*,#3845,.F.);
#4916=ORIENTED_EDGE('',*,*,#3846,.T.);
#4917=ORIENTED_EDGE('',*,*,#3845,.T.);
#4918=ORIENTED_EDGE('',*,*,#3847,.F.);
#4919=ORIENTED_EDGE('',*,*,#3848,.F.);
#4920=ORIENTED_EDGE('',*,*,#3849,.T.);
#4921=ORIENTED_EDGE('',*,*,#3848,.T.);
#4922=ORIENTED_EDGE('',*,*,#3850,.F.);
#4923=ORIENTED_EDGE('',*,*,#3840,.F.);
#4924=ORIENTED_EDGE('',*,*,#3851,.T.);
#4925=ORIENTED_EDGE('',*,*,#3852,.T.);
#4926=ORIENTED_EDGE('',*,*,#3853,.F.);
#4927=ORIENTED_EDGE('',*,*,#3854,.F.);
#4928=ORIENTED_EDGE('',*,*,#3855,.T.);
#4929=ORIENTED_EDGE('',*,*,#3854,.T.);
#4930=ORIENTED_EDGE('',*,*,#3856,.F.);
#4931=ORIENTED_EDGE('',*,*,#3857,.F.);
#4932=ORIENTED_EDGE('',*,*,#3858,.T.);
#4933=ORIENTED_EDGE('',*,*,#3857,.T.);
#4934=ORIENTED_EDGE('',*,*,#3859,.F.);
#4935=ORIENTED_EDGE('',*,*,#3860,.F.);
#4936=ORIENTED_EDGE('',*,*,#3861,.T.);
#4937=ORIENTED_EDGE('',*,*,#3860,.T.);
#4938=ORIENTED_EDGE('',*,*,#3862,.F.);
#4939=ORIENTED_EDGE('',*,*,#3852,.F.);
#4940=ORIENTED_EDGE('',*,*,#3863,.T.);
#4941=ORIENTED_EDGE('',*,*,#3864,.T.);
#4942=ORIENTED_EDGE('',*,*,#3865,.F.);
#4943=ORIENTED_EDGE('',*,*,#3866,.F.);
#4944=ORIENTED_EDGE('',*,*,#3867,.T.);
#4945=ORIENTED_EDGE('',*,*,#3866,.T.);
#4946=ORIENTED_EDGE('',*,*,#3868,.F.);
#4947=ORIENTED_EDGE('',*,*,#3869,.F.);
#4948=ORIENTED_EDGE('',*,*,#3870,.T.);
#4949=ORIENTED_EDGE('',*,*,#3869,.T.);
#4950=ORIENTED_EDGE('',*,*,#3871,.F.);
#4951=ORIENTED_EDGE('',*,*,#3872,.F.);
#4952=ORIENTED_EDGE('',*,*,#3873,.T.);
#4953=ORIENTED_EDGE('',*,*,#3872,.T.);
#4954=ORIENTED_EDGE('',*,*,#3874,.F.);
#4955=ORIENTED_EDGE('',*,*,#3864,.F.);
#4956=ORIENTED_EDGE('',*,*,#3875,.T.);
#4957=ORIENTED_EDGE('',*,*,#3876,.T.);
#4958=ORIENTED_EDGE('',*,*,#3877,.F.);
#4959=ORIENTED_EDGE('',*,*,#3878,.F.);
#4960=ORIENTED_EDGE('',*,*,#3879,.T.);
#4961=ORIENTED_EDGE('',*,*,#3878,.T.);
#4962=ORIENTED_EDGE('',*,*,#3880,.F.);
#4963=ORIENTED_EDGE('',*,*,#3881,.F.);
#4964=ORIENTED_EDGE('',*,*,#3882,.T.);
#4965=ORIENTED_EDGE('',*,*,#3881,.T.);
#4966=ORIENTED_EDGE('',*,*,#3883,.F.);
#4967=ORIENTED_EDGE('',*,*,#3884,.F.);
#4968=ORIENTED_EDGE('',*,*,#3885,.T.);
#4969=ORIENTED_EDGE('',*,*,#3884,.T.);
#4970=ORIENTED_EDGE('',*,*,#3886,.F.);
#4971=ORIENTED_EDGE('',*,*,#3876,.F.);
#4972=ORIENTED_EDGE('',*,*,#3887,.T.);
#4973=ORIENTED_EDGE('',*,*,#3888,.T.);
#4974=ORIENTED_EDGE('',*,*,#3889,.F.);
#4975=ORIENTED_EDGE('',*,*,#3890,.F.);
#4976=ORIENTED_EDGE('',*,*,#3891,.T.);
#4977=ORIENTED_EDGE('',*,*,#3890,.T.);
#4978=ORIENTED_EDGE('',*,*,#3892,.F.);
#4979=ORIENTED_EDGE('',*,*,#3893,.F.);
#4980=ORIENTED_EDGE('',*,*,#3894,.T.);
#4981=ORIENTED_EDGE('',*,*,#3893,.T.);
#4982=ORIENTED_EDGE('',*,*,#3895,.F.);
#4983=ORIENTED_EDGE('',*,*,#3896,.F.);
#4984=ORIENTED_EDGE('',*,*,#3897,.T.);
#4985=ORIENTED_EDGE('',*,*,#3896,.T.);
#4986=ORIENTED_EDGE('',*,*,#3898,.F.);
#4987=ORIENTED_EDGE('',*,*,#3888,.F.);
#4988=ORIENTED_EDGE('',*,*,#3899,.T.);
#4989=ORIENTED_EDGE('',*,*,#3900,.T.);
#4990=ORIENTED_EDGE('',*,*,#3901,.F.);
#4991=ORIENTED_EDGE('',*,*,#3902,.F.);
#4992=ORIENTED_EDGE('',*,*,#3903,.T.);
#4993=ORIENTED_EDGE('',*,*,#3902,.T.);
#4994=ORIENTED_EDGE('',*,*,#3904,.F.);
#4995=ORIENTED_EDGE('',*,*,#3905,.F.);
#4996=ORIENTED_EDGE('',*,*,#3906,.T.);
#4997=ORIENTED_EDGE('',*,*,#3905,.T.);
#4998=ORIENTED_EDGE('',*,*,#3907,.F.);
#4999=ORIENTED_EDGE('',*,*,#3908,.F.);
#5000=ORIENTED_EDGE('',*,*,#3909,.T.);
#5001=ORIENTED_EDGE('',*,*,#3908,.T.);
#5002=ORIENTED_EDGE('',*,*,#3910,.F.);
#5003=ORIENTED_EDGE('',*,*,#3900,.F.);
#5004=ORIENTED_EDGE('',*,*,#3911,.T.);
#5005=ORIENTED_EDGE('',*,*,#3912,.T.);
#5006=ORIENTED_EDGE('',*,*,#3913,.F.);
#5007=ORIENTED_EDGE('',*,*,#3914,.F.);
#5008=ORIENTED_EDGE('',*,*,#3915,.T.);
#5009=ORIENTED_EDGE('',*,*,#3914,.T.);
#5010=ORIENTED_EDGE('',*,*,#3916,.F.);
#5011=ORIENTED_EDGE('',*,*,#3917,.F.);
#5012=ORIENTED_EDGE('',*,*,#3918,.T.);
#5013=ORIENTED_EDGE('',*,*,#3917,.T.);
#5014=ORIENTED_EDGE('',*,*,#3919,.F.);
#5015=ORIENTED_EDGE('',*,*,#3920,.F.);
#5016=ORIENTED_EDGE('',*,*,#3921,.T.);
#5017=ORIENTED_EDGE('',*,*,#3920,.T.);
#5018=ORIENTED_EDGE('',*,*,#3922,.F.);
#5019=ORIENTED_EDGE('',*,*,#3912,.F.);
#5020=ORIENTED_EDGE('',*,*,#3923,.T.);
#5021=ORIENTED_EDGE('',*,*,#3924,.T.);
#5022=ORIENTED_EDGE('',*,*,#3925,.F.);
#5023=ORIENTED_EDGE('',*,*,#3926,.F.);
#5024=ORIENTED_EDGE('',*,*,#3927,.T.);
#5025=ORIENTED_EDGE('',*,*,#3926,.T.);
#5026=ORIENTED_EDGE('',*,*,#3928,.F.);
#5027=ORIENTED_EDGE('',*,*,#3929,.F.);
#5028=ORIENTED_EDGE('',*,*,#3930,.T.);
#5029=ORIENTED_EDGE('',*,*,#3929,.T.);
#5030=ORIENTED_EDGE('',*,*,#3931,.F.);
#5031=ORIENTED_EDGE('',*,*,#3932,.F.);
#5032=ORIENTED_EDGE('',*,*,#3933,.T.);
#5033=ORIENTED_EDGE('',*,*,#3932,.T.);
#5034=ORIENTED_EDGE('',*,*,#3934,.F.);
#5035=ORIENTED_EDGE('',*,*,#3924,.F.);
#5036=ORIENTED_EDGE('',*,*,#3935,.T.);
#5037=ORIENTED_EDGE('',*,*,#3936,.T.);
#5038=ORIENTED_EDGE('',*,*,#3937,.F.);
#5039=ORIENTED_EDGE('',*,*,#3938,.F.);
#5040=ORIENTED_EDGE('',*,*,#3939,.T.);
#5041=ORIENTED_EDGE('',*,*,#3938,.T.);
#5042=ORIENTED_EDGE('',*,*,#3940,.F.);
#5043=ORIENTED_EDGE('',*,*,#3941,.F.);
#5044=ORIENTED_EDGE('',*,*,#3942,.T.);
#5045=ORIENTED_EDGE('',*,*,#3941,.T.);
#5046=ORIENTED_EDGE('',*,*,#3943,.F.);
#5047=ORIENTED_EDGE('',*,*,#3944,.F.);
#5048=ORIENTED_EDGE('',*,*,#3945,.T.);
#5049=ORIENTED_EDGE('',*,*,#3944,.T.);
#5050=ORIENTED_EDGE('',*,*,#3946,.F.);
#5051=ORIENTED_EDGE('',*,*,#3936,.F.);
#5052=ORIENTED_EDGE('',*,*,#3947,.F.);
#5053=ORIENTED_EDGE('',*,*,#3948,.T.);
#5054=ORIENTED_EDGE('',*,*,#3949,.F.);
#5055=ORIENTED_EDGE('',*,*,#3950,.F.);
#5056=ORIENTED_EDGE('',*,*,#3951,.F.);
#5057=ORIENTED_EDGE('',*,*,#3950,.T.);
#5058=ORIENTED_EDGE('',*,*,#3952,.F.);
#5059=ORIENTED_EDGE('',*,*,#3953,.F.);
#5060=ORIENTED_EDGE('',*,*,#3954,.F.);
#5061=ORIENTED_EDGE('',*,*,#3953,.T.);
#5062=ORIENTED_EDGE('',*,*,#3955,.F.);
#5063=ORIENTED_EDGE('',*,*,#3956,.F.);
#5064=ORIENTED_EDGE('',*,*,#3957,.T.);
#5065=ORIENTED_EDGE('',*,*,#3956,.T.);
#5066=ORIENTED_EDGE('',*,*,#3958,.F.);
#5067=ORIENTED_EDGE('',*,*,#3959,.F.);
#5068=ORIENTED_EDGE('',*,*,#3960,.T.);
#5069=ORIENTED_EDGE('',*,*,#3959,.T.);
#5070=ORIENTED_EDGE('',*,*,#3961,.F.);
#5071=ORIENTED_EDGE('',*,*,#3962,.F.);
#5072=ORIENTED_EDGE('',*,*,#3963,.F.);
#5073=ORIENTED_EDGE('',*,*,#3962,.T.);
#5074=ORIENTED_EDGE('',*,*,#3964,.F.);
#5075=ORIENTED_EDGE('',*,*,#3948,.F.);
#5076=ORIENTED_EDGE('',*,*,#3964,.T.);
#5077=ORIENTED_EDGE('',*,*,#3961,.T.);
#5078=ORIENTED_EDGE('',*,*,#3958,.T.);
#5079=ORIENTED_EDGE('',*,*,#3955,.T.);
#5080=ORIENTED_EDGE('',*,*,#3952,.T.);
#5081=ORIENTED_EDGE('',*,*,#3949,.T.);
#5082=ORIENTED_EDGE('',*,*,#3946,.T.);
#5083=ORIENTED_EDGE('',*,*,#3943,.T.);
#5084=ORIENTED_EDGE('',*,*,#3940,.T.);
#5085=ORIENTED_EDGE('',*,*,#3937,.T.);
#5086=ORIENTED_EDGE('',*,*,#3934,.T.);
#5087=ORIENTED_EDGE('',*,*,#3931,.T.);
#5088=ORIENTED_EDGE('',*,*,#3928,.T.);
#5089=ORIENTED_EDGE('',*,*,#3925,.T.);
#5090=ORIENTED_EDGE('',*,*,#3922,.T.);
#5091=ORIENTED_EDGE('',*,*,#3919,.T.);
#5092=ORIENTED_EDGE('',*,*,#3916,.T.);
#5093=ORIENTED_EDGE('',*,*,#3913,.T.);
#5094=ORIENTED_EDGE('',*,*,#3910,.T.);
#5095=ORIENTED_EDGE('',*,*,#3907,.T.);
#5096=ORIENTED_EDGE('',*,*,#3904,.T.);
#5097=ORIENTED_EDGE('',*,*,#3901,.T.);
#5098=ORIENTED_EDGE('',*,*,#3898,.T.);
#5099=ORIENTED_EDGE('',*,*,#3895,.T.);
#5100=ORIENTED_EDGE('',*,*,#3892,.T.);
#5101=ORIENTED_EDGE('',*,*,#3889,.T.);
#5102=ORIENTED_EDGE('',*,*,#3886,.T.);
#5103=ORIENTED_EDGE('',*,*,#3883,.T.);
#5104=ORIENTED_EDGE('',*,*,#3880,.T.);
#5105=ORIENTED_EDGE('',*,*,#3877,.T.);
#5106=ORIENTED_EDGE('',*,*,#3874,.T.);
#5107=ORIENTED_EDGE('',*,*,#3871,.T.);
#5108=ORIENTED_EDGE('',*,*,#3868,.T.);
#5109=ORIENTED_EDGE('',*,*,#3865,.T.);
#5110=ORIENTED_EDGE('',*,*,#3862,.T.);
#5111=ORIENTED_EDGE('',*,*,#3859,.T.);
#5112=ORIENTED_EDGE('',*,*,#3856,.T.);
#5113=ORIENTED_EDGE('',*,*,#3853,.T.);
#5114=ORIENTED_EDGE('',*,*,#3850,.T.);
#5115=ORIENTED_EDGE('',*,*,#3847,.T.);
#5116=ORIENTED_EDGE('',*,*,#3844,.T.);
#5117=ORIENTED_EDGE('',*,*,#3841,.T.);
#5118=ORIENTED_EDGE('',*,*,#3838,.T.);
#5119=ORIENTED_EDGE('',*,*,#3835,.T.);
#5120=ORIENTED_EDGE('',*,*,#3832,.T.);
#5121=ORIENTED_EDGE('',*,*,#3829,.T.);
#5122=ORIENTED_EDGE('',*,*,#3826,.T.);
#5123=ORIENTED_EDGE('',*,*,#3823,.T.);
#5124=ORIENTED_EDGE('',*,*,#3820,.T.);
#5125=ORIENTED_EDGE('',*,*,#3817,.T.);
#5126=ORIENTED_EDGE('',*,*,#3814,.T.);
#5127=ORIENTED_EDGE('',*,*,#3811,.T.);
#5128=ORIENTED_EDGE('',*,*,#3808,.T.);
#5129=ORIENTED_EDGE('',*,*,#3805,.T.);
#5130=ORIENTED_EDGE('',*,*,#3802,.T.);
#5131=ORIENTED_EDGE('',*,*,#3799,.T.);
#5132=ORIENTED_EDGE('',*,*,#3796,.T.);
#5133=ORIENTED_EDGE('',*,*,#3793,.T.);
#5134=ORIENTED_EDGE('',*,*,#3790,.T.);
#5135=ORIENTED_EDGE('',*,*,#3787,.T.);
#5136=ORIENTED_EDGE('',*,*,#3784,.T.);
#5137=ORIENTED_EDGE('',*,*,#3781,.T.);
#5138=ORIENTED_EDGE('',*,*,#3778,.T.);
#5139=ORIENTED_EDGE('',*,*,#3775,.T.);
#5140=ORIENTED_EDGE('',*,*,#3772,.T.);
#5141=ORIENTED_EDGE('',*,*,#3769,.T.);
#5142=ORIENTED_EDGE('',*,*,#3766,.T.);
#5143=ORIENTED_EDGE('',*,*,#3763,.T.);
#5144=ORIENTED_EDGE('',*,*,#3760,.T.);
#5145=ORIENTED_EDGE('',*,*,#3757,.T.);
#5146=ORIENTED_EDGE('',*,*,#3963,.T.);
#5147=ORIENTED_EDGE('',*,*,#3947,.T.);
#5148=ORIENTED_EDGE('',*,*,#3951,.T.);
#5149=ORIENTED_EDGE('',*,*,#3954,.T.);
#5150=ORIENTED_EDGE('',*,*,#3957,.F.);
#5151=ORIENTED_EDGE('',*,*,#3960,.F.);
#5152=ORIENTED_EDGE('',*,*,#3945,.F.);
#5153=ORIENTED_EDGE('',*,*,#3935,.F.);
#5154=ORIENTED_EDGE('',*,*,#3939,.F.);
#5155=ORIENTED_EDGE('',*,*,#3942,.F.);
#5156=ORIENTED_EDGE('',*,*,#3933,.F.);
#5157=ORIENTED_EDGE('',*,*,#3923,.F.);
#5158=ORIENTED_EDGE('',*,*,#3927,.F.);
#5159=ORIENTED_EDGE('',*,*,#3930,.F.);
#5160=ORIENTED_EDGE('',*,*,#3921,.F.);
#5161=ORIENTED_EDGE('',*,*,#3911,.F.);
#5162=ORIENTED_EDGE('',*,*,#3915,.F.);
#5163=ORIENTED_EDGE('',*,*,#3918,.F.);
#5164=ORIENTED_EDGE('',*,*,#3909,.F.);
#5165=ORIENTED_EDGE('',*,*,#3899,.F.);
#5166=ORIENTED_EDGE('',*,*,#3903,.F.);
#5167=ORIENTED_EDGE('',*,*,#3906,.F.);
#5168=ORIENTED_EDGE('',*,*,#3897,.F.);
#5169=ORIENTED_EDGE('',*,*,#3887,.F.);
#5170=ORIENTED_EDGE('',*,*,#3891,.F.);
#5171=ORIENTED_EDGE('',*,*,#3894,.F.);
#5172=ORIENTED_EDGE('',*,*,#3885,.F.);
#5173=ORIENTED_EDGE('',*,*,#3875,.F.);
#5174=ORIENTED_EDGE('',*,*,#3879,.F.);
#5175=ORIENTED_EDGE('',*,*,#3882,.F.);
#5176=ORIENTED_EDGE('',*,*,#3873,.F.);
#5177=ORIENTED_EDGE('',*,*,#3863,.F.);
#5178=ORIENTED_EDGE('',*,*,#3867,.F.);
#5179=ORIENTED_EDGE('',*,*,#3870,.F.);
#5180=ORIENTED_EDGE('',*,*,#3861,.F.);
#5181=ORIENTED_EDGE('',*,*,#3851,.F.);
#5182=ORIENTED_EDGE('',*,*,#3855,.F.);
#5183=ORIENTED_EDGE('',*,*,#3858,.F.);
#5184=ORIENTED_EDGE('',*,*,#3849,.F.);
#5185=ORIENTED_EDGE('',*,*,#3839,.F.);
#5186=ORIENTED_EDGE('',*,*,#3843,.F.);
#5187=ORIENTED_EDGE('',*,*,#3846,.F.);
#5188=ORIENTED_EDGE('',*,*,#3837,.F.);
#5189=ORIENTED_EDGE('',*,*,#3827,.F.);
#5190=ORIENTED_EDGE('',*,*,#3831,.F.);
#5191=ORIENTED_EDGE('',*,*,#3834,.F.);
#5192=ORIENTED_EDGE('',*,*,#3825,.F.);
#5193=ORIENTED_EDGE('',*,*,#3815,.F.);
#5194=ORIENTED_EDGE('',*,*,#3819,.F.);
#5195=ORIENTED_EDGE('',*,*,#3822,.F.);
#5196=ORIENTED_EDGE('',*,*,#3813,.F.);
#5197=ORIENTED_EDGE('',*,*,#3803,.F.);
#5198=ORIENTED_EDGE('',*,*,#3807,.F.);
#5199=ORIENTED_EDGE('',*,*,#3810,.F.);
#5200=ORIENTED_EDGE('',*,*,#3801,.F.);
#5201=ORIENTED_EDGE('',*,*,#3791,.F.);
#5202=ORIENTED_EDGE('',*,*,#3795,.F.);
#5203=ORIENTED_EDGE('',*,*,#3798,.F.);
#5204=ORIENTED_EDGE('',*,*,#3789,.F.);
#5205=ORIENTED_EDGE('',*,*,#3779,.F.);
#5206=ORIENTED_EDGE('',*,*,#3783,.F.);
#5207=ORIENTED_EDGE('',*,*,#3786,.F.);
#5208=ORIENTED_EDGE('',*,*,#3777,.F.);
#5209=ORIENTED_EDGE('',*,*,#3767,.F.);
#5210=ORIENTED_EDGE('',*,*,#3771,.F.);
#5211=ORIENTED_EDGE('',*,*,#3774,.F.);
#5212=ORIENTED_EDGE('',*,*,#3765,.F.);
#5213=ORIENTED_EDGE('',*,*,#3755,.F.);
#5214=ORIENTED_EDGE('',*,*,#3759,.F.);
#5215=ORIENTED_EDGE('',*,*,#3762,.F.);
#5216=ORIENTED_EDGE('',*,*,#3965,.T.);
#5217=ORIENTED_EDGE('',*,*,#3966,.T.);
#5218=ORIENTED_EDGE('',*,*,#3967,.T.);
#5219=ORIENTED_EDGE('',*,*,#3968,.T.);
#5220=ORIENTED_EDGE('',*,*,#3969,.F.);
#5221=ORIENTED_EDGE('',*,*,#3970,.F.);
#5222=ORIENTED_EDGE('',*,*,#3971,.F.);
#5223=ORIENTED_EDGE('',*,*,#3966,.F.);
#5224=ORIENTED_EDGE('',*,*,#3971,.T.);
#5225=ORIENTED_EDGE('',*,*,#3972,.F.);
#5226=ORIENTED_EDGE('',*,*,#3973,.F.);
#5227=ORIENTED_EDGE('',*,*,#3967,.F.);
#5228=ORIENTED_EDGE('',*,*,#3973,.T.);
#5229=ORIENTED_EDGE('',*,*,#3974,.F.);
#5230=ORIENTED_EDGE('',*,*,#3975,.F.);
#5231=ORIENTED_EDGE('',*,*,#3968,.F.);
#5232=ORIENTED_EDGE('',*,*,#3975,.T.);
#5233=ORIENTED_EDGE('',*,*,#3976,.F.);
#5234=ORIENTED_EDGE('',*,*,#3969,.T.);
#5235=ORIENTED_EDGE('',*,*,#3965,.F.);
#5236=ORIENTED_EDGE('',*,*,#3976,.T.);
#5237=ORIENTED_EDGE('',*,*,#3974,.T.);
#5238=ORIENTED_EDGE('',*,*,#3972,.T.);
#5239=ORIENTED_EDGE('',*,*,#3970,.T.);
#5240=ORIENTED_EDGE('',*,*,#3977,.T.);
#5241=ORIENTED_EDGE('',*,*,#3978,.T.);
#5242=ORIENTED_EDGE('',*,*,#3979,.T.);
#5243=ORIENTED_EDGE('',*,*,#3980,.T.);
#5244=ORIENTED_EDGE('',*,*,#3981,.F.);
#5245=ORIENTED_EDGE('',*,*,#3982,.F.);
#5246=ORIENTED_EDGE('',*,*,#3983,.F.);
#5247=ORIENTED_EDGE('',*,*,#3978,.F.);
#5248=ORIENTED_EDGE('',*,*,#3983,.T.);
#5249=ORIENTED_EDGE('',*,*,#3984,.F.);
#5250=ORIENTED_EDGE('',*,*,#3985,.F.);
#5251=ORIENTED_EDGE('',*,*,#3979,.F.);
#5252=ORIENTED_EDGE('',*,*,#3985,.T.);
#5253=ORIENTED_EDGE('',*,*,#3986,.F.);
#5254=ORIENTED_EDGE('',*,*,#3987,.F.);
#5255=ORIENTED_EDGE('',*,*,#3980,.F.);
#5256=ORIENTED_EDGE('',*,*,#3987,.T.);
#5257=ORIENTED_EDGE('',*,*,#3988,.F.);
#5258=ORIENTED_EDGE('',*,*,#3981,.T.);
#5259=ORIENTED_EDGE('',*,*,#3977,.F.);
#5260=ORIENTED_EDGE('',*,*,#3988,.T.);
#5261=ORIENTED_EDGE('',*,*,#3986,.T.);
#5262=ORIENTED_EDGE('',*,*,#3984,.T.);
#5263=ORIENTED_EDGE('',*,*,#3982,.T.);
#5264=ORIENTED_EDGE('',*,*,#3989,.T.);
#5265=ORIENTED_EDGE('',*,*,#3990,.T.);
#5266=ORIENTED_EDGE('',*,*,#3991,.T.);
#5267=ORIENTED_EDGE('',*,*,#3992,.T.);
#5268=ORIENTED_EDGE('',*,*,#3993,.F.);
#5269=ORIENTED_EDGE('',*,*,#3994,.F.);
#5270=ORIENTED_EDGE('',*,*,#3995,.F.);
#5271=ORIENTED_EDGE('',*,*,#3990,.F.);
#5272=ORIENTED_EDGE('',*,*,#3995,.T.);
#5273=ORIENTED_EDGE('',*,*,#3996,.F.);
#5274=ORIENTED_EDGE('',*,*,#3997,.F.);
#5275=ORIENTED_EDGE('',*,*,#3991,.F.);
#5276=ORIENTED_EDGE('',*,*,#3997,.T.);
#5277=ORIENTED_EDGE('',*,*,#3998,.F.);
#5278=ORIENTED_EDGE('',*,*,#3999,.F.);
#5279=ORIENTED_EDGE('',*,*,#3992,.F.);
#5280=ORIENTED_EDGE('',*,*,#3999,.T.);
#5281=ORIENTED_EDGE('',*,*,#4000,.F.);
#5282=ORIENTED_EDGE('',*,*,#3993,.T.);
#5283=ORIENTED_EDGE('',*,*,#3989,.F.);
#5284=ORIENTED_EDGE('',*,*,#4000,.T.);
#5285=ORIENTED_EDGE('',*,*,#3998,.T.);
#5286=ORIENTED_EDGE('',*,*,#3996,.T.);
#5287=ORIENTED_EDGE('',*,*,#3994,.T.);
#5288=ORIENTED_EDGE('',*,*,#4001,.T.);
#5289=ORIENTED_EDGE('',*,*,#4002,.T.);
#5290=ORIENTED_EDGE('',*,*,#4003,.T.);
#5291=ORIENTED_EDGE('',*,*,#4004,.T.);
#5292=ORIENTED_EDGE('',*,*,#4005,.F.);
#5293=ORIENTED_EDGE('',*,*,#4006,.F.);
#5294=ORIENTED_EDGE('',*,*,#4007,.F.);
#5295=ORIENTED_EDGE('',*,*,#4002,.F.);
#5296=ORIENTED_EDGE('',*,*,#4007,.T.);
#5297=ORIENTED_EDGE('',*,*,#4008,.F.);
#5298=ORIENTED_EDGE('',*,*,#4009,.F.);
#5299=ORIENTED_EDGE('',*,*,#4003,.F.);
#5300=ORIENTED_EDGE('',*,*,#4009,.T.);
#5301=ORIENTED_EDGE('',*,*,#4010,.F.);
#5302=ORIENTED_EDGE('',*,*,#4011,.F.);
#5303=ORIENTED_EDGE('',*,*,#4004,.F.);
#5304=ORIENTED_EDGE('',*,*,#4011,.T.);
#5305=ORIENTED_EDGE('',*,*,#4012,.F.);
#5306=ORIENTED_EDGE('',*,*,#4005,.T.);
#5307=ORIENTED_EDGE('',*,*,#4001,.F.);
#5308=ORIENTED_EDGE('',*,*,#4012,.T.);
#5309=ORIENTED_EDGE('',*,*,#4010,.T.);
#5310=ORIENTED_EDGE('',*,*,#4008,.T.);
#5311=ORIENTED_EDGE('',*,*,#4006,.T.);
#5312=ORIENTED_EDGE('',*,*,#4013,.T.);
#5313=ORIENTED_EDGE('',*,*,#4014,.T.);
#5314=ORIENTED_EDGE('',*,*,#4015,.T.);
#5315=ORIENTED_EDGE('',*,*,#4016,.T.);
#5316=ORIENTED_EDGE('',*,*,#4017,.F.);
#5317=ORIENTED_EDGE('',*,*,#4018,.F.);
#5318=ORIENTED_EDGE('',*,*,#4019,.F.);
#5319=ORIENTED_EDGE('',*,*,#4014,.F.);
#5320=ORIENTED_EDGE('',*,*,#4019,.T.);
#5321=ORIENTED_EDGE('',*,*,#4020,.F.);
#5322=ORIENTED_EDGE('',*,*,#4021,.F.);
#5323=ORIENTED_EDGE('',*,*,#4015,.F.);
#5324=ORIENTED_EDGE('',*,*,#4021,.T.);
#5325=ORIENTED_EDGE('',*,*,#4022,.F.);
#5326=ORIENTED_EDGE('',*,*,#4023,.F.);
#5327=ORIENTED_EDGE('',*,*,#4016,.F.);
#5328=ORIENTED_EDGE('',*,*,#4023,.T.);
#5329=ORIENTED_EDGE('',*,*,#4024,.F.);
#5330=ORIENTED_EDGE('',*,*,#4017,.T.);
#5331=ORIENTED_EDGE('',*,*,#4013,.F.);
#5332=ORIENTED_EDGE('',*,*,#4024,.T.);
#5333=ORIENTED_EDGE('',*,*,#4022,.T.);
#5334=ORIENTED_EDGE('',*,*,#4020,.T.);
#5335=ORIENTED_EDGE('',*,*,#4018,.T.);
#5336=ORIENTED_EDGE('',*,*,#4025,.T.);
#5337=ORIENTED_EDGE('',*,*,#4026,.T.);
#5338=ORIENTED_EDGE('',*,*,#4027,.T.);
#5339=ORIENTED_EDGE('',*,*,#4028,.T.);
#5340=ORIENTED_EDGE('',*,*,#4029,.F.);
#5341=ORIENTED_EDGE('',*,*,#4030,.F.);
#5342=ORIENTED_EDGE('',*,*,#4031,.F.);
#5343=ORIENTED_EDGE('',*,*,#4026,.F.);
#5344=ORIENTED_EDGE('',*,*,#4031,.T.);
#5345=ORIENTED_EDGE('',*,*,#4032,.F.);
#5346=ORIENTED_EDGE('',*,*,#4033,.F.);
#5347=ORIENTED_EDGE('',*,*,#4027,.F.);
#5348=ORIENTED_EDGE('',*,*,#4033,.T.);
#5349=ORIENTED_EDGE('',*,*,#4034,.F.);
#5350=ORIENTED_EDGE('',*,*,#4035,.F.);
#5351=ORIENTED_EDGE('',*,*,#4028,.F.);
#5352=ORIENTED_EDGE('',*,*,#4035,.T.);
#5353=ORIENTED_EDGE('',*,*,#4036,.F.);
#5354=ORIENTED_EDGE('',*,*,#4029,.T.);
#5355=ORIENTED_EDGE('',*,*,#4025,.F.);
#5356=ORIENTED_EDGE('',*,*,#4036,.T.);
#5357=ORIENTED_EDGE('',*,*,#4034,.T.);
#5358=ORIENTED_EDGE('',*,*,#4032,.T.);
#5359=ORIENTED_EDGE('',*,*,#4030,.T.);
#5360=ORIENTED_EDGE('',*,*,#4037,.T.);
#5361=ORIENTED_EDGE('',*,*,#4038,.T.);
#5362=ORIENTED_EDGE('',*,*,#4039,.T.);
#5363=ORIENTED_EDGE('',*,*,#4040,.T.);
#5364=ORIENTED_EDGE('',*,*,#4041,.F.);
#5365=ORIENTED_EDGE('',*,*,#4042,.F.);
#5366=ORIENTED_EDGE('',*,*,#4043,.F.);
#5367=ORIENTED_EDGE('',*,*,#4038,.F.);
#5368=ORIENTED_EDGE('',*,*,#4043,.T.);
#5369=ORIENTED_EDGE('',*,*,#4044,.F.);
#5370=ORIENTED_EDGE('',*,*,#4045,.F.);
#5371=ORIENTED_EDGE('',*,*,#4039,.F.);
#5372=ORIENTED_EDGE('',*,*,#4045,.T.);
#5373=ORIENTED_EDGE('',*,*,#4046,.F.);
#5374=ORIENTED_EDGE('',*,*,#4047,.F.);
#5375=ORIENTED_EDGE('',*,*,#4040,.F.);
#5376=ORIENTED_EDGE('',*,*,#4047,.T.);
#5377=ORIENTED_EDGE('',*,*,#4048,.F.);
#5378=ORIENTED_EDGE('',*,*,#4041,.T.);
#5379=ORIENTED_EDGE('',*,*,#4037,.F.);
#5380=ORIENTED_EDGE('',*,*,#4048,.T.);
#5381=ORIENTED_EDGE('',*,*,#4046,.T.);
#5382=ORIENTED_EDGE('',*,*,#4044,.T.);
#5383=ORIENTED_EDGE('',*,*,#4042,.T.);
#5384=ORIENTED_EDGE('',*,*,#4049,.T.);
#5385=ORIENTED_EDGE('',*,*,#4050,.T.);
#5386=ORIENTED_EDGE('',*,*,#4051,.T.);
#5387=ORIENTED_EDGE('',*,*,#4052,.T.);
#5388=ORIENTED_EDGE('',*,*,#4053,.F.);
#5389=ORIENTED_EDGE('',*,*,#4054,.F.);
#5390=ORIENTED_EDGE('',*,*,#4055,.F.);
#5391=ORIENTED_EDGE('',*,*,#4050,.F.);
#5392=ORIENTED_EDGE('',*,*,#4055,.T.);
#5393=ORIENTED_EDGE('',*,*,#4056,.F.);
#5394=ORIENTED_EDGE('',*,*,#4057,.F.);
#5395=ORIENTED_EDGE('',*,*,#4051,.F.);
#5396=ORIENTED_EDGE('',*,*,#4057,.T.);
#5397=ORIENTED_EDGE('',*,*,#4058,.F.);
#5398=ORIENTED_EDGE('',*,*,#4059,.F.);
#5399=ORIENTED_EDGE('',*,*,#4052,.F.);
#5400=ORIENTED_EDGE('',*,*,#4059,.T.);
#5401=ORIENTED_EDGE('',*,*,#4060,.F.);
#5402=ORIENTED_EDGE('',*,*,#4053,.T.);
#5403=ORIENTED_EDGE('',*,*,#4049,.F.);
#5404=ORIENTED_EDGE('',*,*,#4060,.T.);
#5405=ORIENTED_EDGE('',*,*,#4058,.T.);
#5406=ORIENTED_EDGE('',*,*,#4056,.T.);
#5407=ORIENTED_EDGE('',*,*,#4054,.T.);
#5408=ORIENTED_EDGE('',*,*,#4061,.T.);
#5409=ORIENTED_EDGE('',*,*,#4062,.T.);
#5410=ORIENTED_EDGE('',*,*,#4063,.T.);
#5411=ORIENTED_EDGE('',*,*,#4064,.T.);
#5412=ORIENTED_EDGE('',*,*,#4065,.F.);
#5413=ORIENTED_EDGE('',*,*,#4066,.F.);
#5414=ORIENTED_EDGE('',*,*,#4067,.F.);
#5415=ORIENTED_EDGE('',*,*,#4062,.F.);
#5416=ORIENTED_EDGE('',*,*,#4067,.T.);
#5417=ORIENTED_EDGE('',*,*,#4068,.F.);
#5418=ORIENTED_EDGE('',*,*,#4069,.F.);
#5419=ORIENTED_EDGE('',*,*,#4063,.F.);
#5420=ORIENTED_EDGE('',*,*,#4069,.T.);
#5421=ORIENTED_EDGE('',*,*,#4070,.F.);
#5422=ORIENTED_EDGE('',*,*,#4071,.F.);
#5423=ORIENTED_EDGE('',*,*,#4064,.F.);
#5424=ORIENTED_EDGE('',*,*,#4071,.T.);
#5425=ORIENTED_EDGE('',*,*,#4072,.F.);
#5426=ORIENTED_EDGE('',*,*,#4065,.T.);
#5427=ORIENTED_EDGE('',*,*,#4061,.F.);
#5428=ORIENTED_EDGE('',*,*,#4072,.T.);
#5429=ORIENTED_EDGE('',*,*,#4070,.T.);
#5430=ORIENTED_EDGE('',*,*,#4068,.T.);
#5431=ORIENTED_EDGE('',*,*,#4066,.T.);
#5432=ORIENTED_EDGE('',*,*,#4073,.T.);
#5433=ORIENTED_EDGE('',*,*,#4074,.T.);
#5434=ORIENTED_EDGE('',*,*,#4075,.T.);
#5435=ORIENTED_EDGE('',*,*,#4076,.T.);
#5436=ORIENTED_EDGE('',*,*,#4077,.F.);
#5437=ORIENTED_EDGE('',*,*,#4078,.F.);
#5438=ORIENTED_EDGE('',*,*,#4079,.F.);
#5439=ORIENTED_EDGE('',*,*,#4074,.F.);
#5440=ORIENTED_EDGE('',*,*,#4079,.T.);
#5441=ORIENTED_EDGE('',*,*,#4080,.F.);
#5442=ORIENTED_EDGE('',*,*,#4081,.F.);
#5443=ORIENTED_EDGE('',*,*,#4075,.F.);
#5444=ORIENTED_EDGE('',*,*,#4081,.T.);
#5445=ORIENTED_EDGE('',*,*,#4082,.F.);
#5446=ORIENTED_EDGE('',*,*,#4083,.F.);
#5447=ORIENTED_EDGE('',*,*,#4076,.F.);
#5448=ORIENTED_EDGE('',*,*,#4083,.T.);
#5449=ORIENTED_EDGE('',*,*,#4084,.F.);
#5450=ORIENTED_EDGE('',*,*,#4077,.T.);
#5451=ORIENTED_EDGE('',*,*,#4073,.F.);
#5452=ORIENTED_EDGE('',*,*,#4084,.T.);
#5453=ORIENTED_EDGE('',*,*,#4082,.T.);
#5454=ORIENTED_EDGE('',*,*,#4080,.T.);
#5455=ORIENTED_EDGE('',*,*,#4078,.T.);
#5456=ORIENTED_EDGE('',*,*,#4085,.T.);
#5457=ORIENTED_EDGE('',*,*,#4086,.T.);
#5458=ORIENTED_EDGE('',*,*,#4087,.T.);
#5459=ORIENTED_EDGE('',*,*,#4088,.T.);
#5460=ORIENTED_EDGE('',*,*,#4089,.F.);
#5461=ORIENTED_EDGE('',*,*,#4090,.F.);
#5462=ORIENTED_EDGE('',*,*,#4091,.F.);
#5463=ORIENTED_EDGE('',*,*,#4086,.F.);
#5464=ORIENTED_EDGE('',*,*,#4091,.T.);
#5465=ORIENTED_EDGE('',*,*,#4092,.F.);
#5466=ORIENTED_EDGE('',*,*,#4093,.F.);
#5467=ORIENTED_EDGE('',*,*,#4087,.F.);
#5468=ORIENTED_EDGE('',*,*,#4093,.T.);
#5469=ORIENTED_EDGE('',*,*,#4094,.F.);
#5470=ORIENTED_EDGE('',*,*,#4095,.F.);
#5471=ORIENTED_EDGE('',*,*,#4088,.F.);
#5472=ORIENTED_EDGE('',*,*,#4095,.T.);
#5473=ORIENTED_EDGE('',*,*,#4096,.F.);
#5474=ORIENTED_EDGE('',*,*,#4089,.T.);
#5475=ORIENTED_EDGE('',*,*,#4085,.F.);
#5476=ORIENTED_EDGE('',*,*,#4096,.T.);
#5477=ORIENTED_EDGE('',*,*,#4094,.T.);
#5478=ORIENTED_EDGE('',*,*,#4092,.T.);
#5479=ORIENTED_EDGE('',*,*,#4090,.T.);
#5480=ORIENTED_EDGE('',*,*,#4097,.T.);
#5481=ORIENTED_EDGE('',*,*,#4098,.T.);
#5482=ORIENTED_EDGE('',*,*,#4099,.T.);
#5483=ORIENTED_EDGE('',*,*,#4100,.T.);
#5484=ORIENTED_EDGE('',*,*,#4101,.F.);
#5485=ORIENTED_EDGE('',*,*,#4102,.F.);
#5486=ORIENTED_EDGE('',*,*,#4103,.F.);
#5487=ORIENTED_EDGE('',*,*,#4098,.F.);
#5488=ORIENTED_EDGE('',*,*,#4103,.T.);
#5489=ORIENTED_EDGE('',*,*,#4104,.F.);
#5490=ORIENTED_EDGE('',*,*,#4105,.F.);
#5491=ORIENTED_EDGE('',*,*,#4099,.F.);
#5492=ORIENTED_EDGE('',*,*,#4105,.T.);
#5493=ORIENTED_EDGE('',*,*,#4106,.F.);
#5494=ORIENTED_EDGE('',*,*,#4107,.F.);
#5495=ORIENTED_EDGE('',*,*,#4100,.F.);
#5496=ORIENTED_EDGE('',*,*,#4107,.T.);
#5497=ORIENTED_EDGE('',*,*,#4108,.F.);
#5498=ORIENTED_EDGE('',*,*,#4101,.T.);
#5499=ORIENTED_EDGE('',*,*,#4097,.F.);
#5500=ORIENTED_EDGE('',*,*,#4108,.T.);
#5501=ORIENTED_EDGE('',*,*,#4106,.T.);
#5502=ORIENTED_EDGE('',*,*,#4104,.T.);
#5503=ORIENTED_EDGE('',*,*,#4102,.T.);
#5504=ORIENTED_EDGE('',*,*,#4109,.T.);
#5505=ORIENTED_EDGE('',*,*,#4110,.T.);
#5506=ORIENTED_EDGE('',*,*,#4111,.T.);
#5507=ORIENTED_EDGE('',*,*,#4112,.T.);
#5508=ORIENTED_EDGE('',*,*,#4113,.F.);
#5509=ORIENTED_EDGE('',*,*,#4114,.F.);
#5510=ORIENTED_EDGE('',*,*,#4115,.F.);
#5511=ORIENTED_EDGE('',*,*,#4110,.F.);
#5512=ORIENTED_EDGE('',*,*,#4115,.T.);
#5513=ORIENTED_EDGE('',*,*,#4116,.F.);
#5514=ORIENTED_EDGE('',*,*,#4117,.F.);
#5515=ORIENTED_EDGE('',*,*,#4111,.F.);
#5516=ORIENTED_EDGE('',*,*,#4117,.T.);
#5517=ORIENTED_EDGE('',*,*,#4118,.F.);
#5518=ORIENTED_EDGE('',*,*,#4119,.F.);
#5519=ORIENTED_EDGE('',*,*,#4112,.F.);
#5520=ORIENTED_EDGE('',*,*,#4119,.T.);
#5521=ORIENTED_EDGE('',*,*,#4120,.F.);
#5522=ORIENTED_EDGE('',*,*,#4113,.T.);
#5523=ORIENTED_EDGE('',*,*,#4109,.F.);
#5524=ORIENTED_EDGE('',*,*,#4120,.T.);
#5525=ORIENTED_EDGE('',*,*,#4118,.T.);
#5526=ORIENTED_EDGE('',*,*,#4116,.T.);
#5527=ORIENTED_EDGE('',*,*,#4114,.T.);
#5528=ORIENTED_EDGE('',*,*,#4121,.T.);
#5529=ORIENTED_EDGE('',*,*,#4122,.T.);
#5530=ORIENTED_EDGE('',*,*,#4123,.T.);
#5531=ORIENTED_EDGE('',*,*,#4124,.T.);
#5532=ORIENTED_EDGE('',*,*,#4125,.F.);
#5533=ORIENTED_EDGE('',*,*,#4126,.F.);
#5534=ORIENTED_EDGE('',*,*,#4127,.F.);
#5535=ORIENTED_EDGE('',*,*,#4122,.F.);
#5536=ORIENTED_EDGE('',*,*,#4127,.T.);
#5537=ORIENTED_EDGE('',*,*,#4128,.F.);
#5538=ORIENTED_EDGE('',*,*,#4129,.F.);
#5539=ORIENTED_EDGE('',*,*,#4123,.F.);
#5540=ORIENTED_EDGE('',*,*,#4129,.T.);
#5541=ORIENTED_EDGE('',*,*,#4130,.F.);
#5542=ORIENTED_EDGE('',*,*,#4131,.F.);
#5543=ORIENTED_EDGE('',*,*,#4124,.F.);
#5544=ORIENTED_EDGE('',*,*,#4131,.T.);
#5545=ORIENTED_EDGE('',*,*,#4132,.F.);
#5546=ORIENTED_EDGE('',*,*,#4125,.T.);
#5547=ORIENTED_EDGE('',*,*,#4121,.F.);
#5548=ORIENTED_EDGE('',*,*,#4132,.T.);
#5549=ORIENTED_EDGE('',*,*,#4130,.T.);
#5550=ORIENTED_EDGE('',*,*,#4128,.T.);
#5551=ORIENTED_EDGE('',*,*,#4126,.T.);
#5552=ORIENTED_EDGE('',*,*,#4133,.T.);
#5553=ORIENTED_EDGE('',*,*,#4134,.T.);
#5554=ORIENTED_EDGE('',*,*,#4135,.T.);
#5555=ORIENTED_EDGE('',*,*,#4136,.T.);
#5556=ORIENTED_EDGE('',*,*,#4137,.F.);
#5557=ORIENTED_EDGE('',*,*,#4138,.F.);
#5558=ORIENTED_EDGE('',*,*,#4139,.F.);
#5559=ORIENTED_EDGE('',*,*,#4134,.F.);
#5560=ORIENTED_EDGE('',*,*,#4139,.T.);
#5561=ORIENTED_EDGE('',*,*,#4140,.F.);
#5562=ORIENTED_EDGE('',*,*,#4141,.F.);
#5563=ORIENTED_EDGE('',*,*,#4135,.F.);
#5564=ORIENTED_EDGE('',*,*,#4141,.T.);
#5565=ORIENTED_EDGE('',*,*,#4142,.F.);
#5566=ORIENTED_EDGE('',*,*,#4143,.F.);
#5567=ORIENTED_EDGE('',*,*,#4136,.F.);
#5568=ORIENTED_EDGE('',*,*,#4143,.T.);
#5569=ORIENTED_EDGE('',*,*,#4144,.F.);
#5570=ORIENTED_EDGE('',*,*,#4137,.T.);
#5571=ORIENTED_EDGE('',*,*,#4133,.F.);
#5572=ORIENTED_EDGE('',*,*,#4144,.T.);
#5573=ORIENTED_EDGE('',*,*,#4142,.T.);
#5574=ORIENTED_EDGE('',*,*,#4140,.T.);
#5575=ORIENTED_EDGE('',*,*,#4138,.T.);
#5576=ORIENTED_EDGE('',*,*,#4145,.T.);
#5577=ORIENTED_EDGE('',*,*,#4146,.T.);
#5578=ORIENTED_EDGE('',*,*,#4147,.T.);
#5579=ORIENTED_EDGE('',*,*,#4148,.T.);
#5580=ORIENTED_EDGE('',*,*,#4149,.F.);
#5581=ORIENTED_EDGE('',*,*,#4150,.F.);
#5582=ORIENTED_EDGE('',*,*,#4151,.F.);
#5583=ORIENTED_EDGE('',*,*,#4146,.F.);
#5584=ORIENTED_EDGE('',*,*,#4151,.T.);
#5585=ORIENTED_EDGE('',*,*,#4152,.F.);
#5586=ORIENTED_EDGE('',*,*,#4153,.F.);
#5587=ORIENTED_EDGE('',*,*,#4147,.F.);
#5588=ORIENTED_EDGE('',*,*,#4153,.T.);
#5589=ORIENTED_EDGE('',*,*,#4154,.F.);
#5590=ORIENTED_EDGE('',*,*,#4155,.F.);
#5591=ORIENTED_EDGE('',*,*,#4148,.F.);
#5592=ORIENTED_EDGE('',*,*,#4155,.T.);
#5593=ORIENTED_EDGE('',*,*,#4156,.F.);
#5594=ORIENTED_EDGE('',*,*,#4149,.T.);
#5595=ORIENTED_EDGE('',*,*,#4145,.F.);
#5596=ORIENTED_EDGE('',*,*,#4156,.T.);
#5597=ORIENTED_EDGE('',*,*,#4154,.T.);
#5598=ORIENTED_EDGE('',*,*,#4152,.T.);
#5599=ORIENTED_EDGE('',*,*,#4150,.T.);
#5600=ORIENTED_EDGE('',*,*,#4157,.T.);
#5601=ORIENTED_EDGE('',*,*,#4158,.T.);
#5602=ORIENTED_EDGE('',*,*,#4159,.T.);
#5603=ORIENTED_EDGE('',*,*,#4160,.T.);
#5604=ORIENTED_EDGE('',*,*,#4157,.F.);
#5605=ORIENTED_EDGE('',*,*,#4161,.T.);
#5606=ORIENTED_EDGE('',*,*,#4162,.F.);
#5607=ORIENTED_EDGE('',*,*,#4163,.T.);
#5608=ORIENTED_EDGE('',*,*,#4164,.F.);
#5609=ORIENTED_EDGE('',*,*,#4165,.T.);
#5610=ORIENTED_EDGE('',*,*,#4166,.F.);
#5611=ORIENTED_EDGE('',*,*,#4167,.F.);
#5612=ORIENTED_EDGE('',*,*,#4168,.T.);
#5613=ORIENTED_EDGE('',*,*,#4169,.T.);
#5614=ORIENTED_EDGE('',*,*,#4170,.T.);
#5615=ORIENTED_EDGE('',*,*,#4171,.T.);
#5616=ORIENTED_EDGE('',*,*,#4160,.F.);
#5617=ORIENTED_EDGE('',*,*,#4172,.T.);
#5618=ORIENTED_EDGE('',*,*,#4173,.F.);
#5619=ORIENTED_EDGE('',*,*,#4161,.F.);
#5620=ORIENTED_EDGE('',*,*,#4162,.T.);
#5621=ORIENTED_EDGE('',*,*,#4173,.T.);
#5622=ORIENTED_EDGE('',*,*,#4174,.T.);
#5623=ORIENTED_EDGE('',*,*,#4175,.T.);
#5624=ORIENTED_EDGE('',*,*,#4164,.T.);
#5625=ORIENTED_EDGE('',*,*,#4176,.T.);
#5626=ORIENTED_EDGE('',*,*,#4177,.T.);
#5627=ORIENTED_EDGE('',*,*,#4178,.T.);
#5628=ORIENTED_EDGE('',*,*,#4178,.F.);
#5629=ORIENTED_EDGE('',*,*,#4179,.T.);
#5630=ORIENTED_EDGE('',*,*,#4180,.F.);
#5631=ORIENTED_EDGE('',*,*,#4165,.F.);
#5632=ORIENTED_EDGE('',*,*,#4181,.T.);
#5633=ORIENTED_EDGE('',*,*,#4182,.T.);
#5634=ORIENTED_EDGE('',*,*,#4166,.T.);
#5635=ORIENTED_EDGE('',*,*,#4180,.T.);
#5636=ORIENTED_EDGE('',*,*,#4175,.F.);
#5637=ORIENTED_EDGE('',*,*,#4183,.T.);
#5638=ORIENTED_EDGE('',*,*,#4176,.F.);
#5639=ORIENTED_EDGE('',*,*,#4163,.F.);
#5640=ORIENTED_EDGE('',*,*,#4184,.F.);
#5641=ORIENTED_EDGE('',*,*,#4185,.T.);
#5642=ORIENTED_EDGE('',*,*,#4168,.F.);
#5643=ORIENTED_EDGE('',*,*,#4186,.F.);
#5644=ORIENTED_EDGE('',*,*,#4187,.F.);
#5645=ORIENTED_EDGE('',*,*,#4188,.T.);
#5646=ORIENTED_EDGE('',*,*,#4169,.F.);
#5647=ORIENTED_EDGE('',*,*,#4185,.F.);
#5648=ORIENTED_EDGE('',*,*,#4189,.F.);
#5649=ORIENTED_EDGE('',*,*,#4190,.T.);
#5650=ORIENTED_EDGE('',*,*,#4170,.F.);
#5651=ORIENTED_EDGE('',*,*,#4188,.F.);
#5652=ORIENTED_EDGE('',*,*,#4191,.F.);
#5653=ORIENTED_EDGE('',*,*,#4186,.T.);
#5654=ORIENTED_EDGE('',*,*,#4171,.F.);
#5655=ORIENTED_EDGE('',*,*,#4190,.F.);
#5656=ORIENTED_EDGE('',*,*,#4159,.F.);
#5657=ORIENTED_EDGE('',*,*,#4192,.F.);
#5658=ORIENTED_EDGE('',*,*,#4181,.F.);
#5659=ORIENTED_EDGE('',*,*,#4179,.F.);
#5660=ORIENTED_EDGE('',*,*,#4177,.F.);
#5661=ORIENTED_EDGE('',*,*,#4183,.F.);
#5662=ORIENTED_EDGE('',*,*,#4174,.F.);
#5663=ORIENTED_EDGE('',*,*,#4172,.F.);
#5664=ORIENTED_EDGE('',*,*,#4184,.T.);
#5665=ORIENTED_EDGE('',*,*,#4191,.T.);
#5666=ORIENTED_EDGE('',*,*,#4189,.T.);
#5667=ORIENTED_EDGE('',*,*,#4187,.T.);
#5668=ORIENTED_EDGE('',*,*,#4158,.F.);
#5669=ORIENTED_EDGE('',*,*,#4167,.T.);
#5670=ORIENTED_EDGE('',*,*,#4182,.F.);
#5671=ORIENTED_EDGE('',*,*,#4192,.T.);
#5672=ORIENTED_EDGE('',*,*,#4193,.T.);
#5673=ORIENTED_EDGE('',*,*,#4194,.T.);
#5674=ORIENTED_EDGE('',*,*,#4195,.T.);
#5675=ORIENTED_EDGE('',*,*,#4196,.T.);
#5676=ORIENTED_EDGE('',*,*,#4193,.F.);
#5677=ORIENTED_EDGE('',*,*,#4197,.T.);
#5678=ORIENTED_EDGE('',*,*,#4198,.F.);
#5679=ORIENTED_EDGE('',*,*,#4199,.T.);
#5680=ORIENTED_EDGE('',*,*,#4200,.F.);
#5681=ORIENTED_EDGE('',*,*,#4201,.T.);
#5682=ORIENTED_EDGE('',*,*,#4202,.F.);
#5683=ORIENTED_EDGE('',*,*,#4203,.F.);
#5684=ORIENTED_EDGE('',*,*,#4204,.T.);
#5685=ORIENTED_EDGE('',*,*,#4205,.T.);
#5686=ORIENTED_EDGE('',*,*,#4206,.T.);
#5687=ORIENTED_EDGE('',*,*,#4207,.T.);
#5688=ORIENTED_EDGE('',*,*,#4196,.F.);
#5689=ORIENTED_EDGE('',*,*,#4208,.F.);
#5690=ORIENTED_EDGE('',*,*,#4209,.F.);
#5691=ORIENTED_EDGE('',*,*,#4197,.F.);
#5692=ORIENTED_EDGE('',*,*,#4210,.T.);
#5693=ORIENTED_EDGE('',*,*,#4211,.T.);
#5694=ORIENTED_EDGE('',*,*,#4198,.T.);
#5695=ORIENTED_EDGE('',*,*,#4209,.T.);
#5696=ORIENTED_EDGE('',*,*,#4212,.T.);
#5697=ORIENTED_EDGE('',*,*,#4213,.T.);
#5698=ORIENTED_EDGE('',*,*,#4200,.T.);
#5699=ORIENTED_EDGE('',*,*,#4214,.T.);
#5700=ORIENTED_EDGE('',*,*,#4213,.F.);
#5701=ORIENTED_EDGE('',*,*,#4215,.F.);
#5702=ORIENTED_EDGE('',*,*,#4216,.F.);
#5703=ORIENTED_EDGE('',*,*,#4201,.F.);
#5704=ORIENTED_EDGE('',*,*,#4217,.T.);
#5705=ORIENTED_EDGE('',*,*,#4218,.T.);
#5706=ORIENTED_EDGE('',*,*,#4202,.T.);
#5707=ORIENTED_EDGE('',*,*,#4216,.T.);
#5708=ORIENTED_EDGE('',*,*,#4211,.F.);
#5709=ORIENTED_EDGE('',*,*,#4219,.F.);
#5710=ORIENTED_EDGE('',*,*,#4214,.F.);
#5711=ORIENTED_EDGE('',*,*,#4199,.F.);
#5712=ORIENTED_EDGE('',*,*,#4204,.F.);
#5713=ORIENTED_EDGE('',*,*,#4220,.T.);
#5714=ORIENTED_EDGE('',*,*,#4221,.F.);
#5715=ORIENTED_EDGE('',*,*,#4222,.F.);
#5716=ORIENTED_EDGE('',*,*,#4207,.F.);
#5717=ORIENTED_EDGE('',*,*,#4223,.T.);
#5718=ORIENTED_EDGE('',*,*,#4224,.F.);
#5719=ORIENTED_EDGE('',*,*,#4220,.F.);
#5720=ORIENTED_EDGE('',*,*,#4206,.F.);
#5721=ORIENTED_EDGE('',*,*,#4225,.T.);
#5722=ORIENTED_EDGE('',*,*,#4226,.F.);
#5723=ORIENTED_EDGE('',*,*,#4223,.F.);
#5724=ORIENTED_EDGE('',*,*,#4205,.F.);
#5725=ORIENTED_EDGE('',*,*,#4222,.T.);
#5726=ORIENTED_EDGE('',*,*,#4227,.F.);
#5727=ORIENTED_EDGE('',*,*,#4225,.F.);
#5728=ORIENTED_EDGE('',*,*,#4195,.F.);
#5729=ORIENTED_EDGE('',*,*,#4228,.F.);
#5730=ORIENTED_EDGE('',*,*,#4217,.F.);
#5731=ORIENTED_EDGE('',*,*,#4215,.T.);
#5732=ORIENTED_EDGE('',*,*,#4212,.F.);
#5733=ORIENTED_EDGE('',*,*,#4219,.T.);
#5734=ORIENTED_EDGE('',*,*,#4210,.F.);
#5735=ORIENTED_EDGE('',*,*,#4208,.T.);
#5736=ORIENTED_EDGE('',*,*,#4221,.T.);
#5737=ORIENTED_EDGE('',*,*,#4224,.T.);
#5738=ORIENTED_EDGE('',*,*,#4226,.T.);
#5739=ORIENTED_EDGE('',*,*,#4227,.T.);
#5740=ORIENTED_EDGE('',*,*,#4194,.F.);
#5741=ORIENTED_EDGE('',*,*,#4203,.T.);
#5742=ORIENTED_EDGE('',*,*,#4218,.F.);
#5743=ORIENTED_EDGE('',*,*,#4228,.T.);
#5744=ORIENTED_EDGE('',*,*,#4229,.T.);
#5745=ORIENTED_EDGE('',*,*,#4230,.T.);
#5746=ORIENTED_EDGE('',*,*,#4231,.T.);
#5747=ORIENTED_EDGE('',*,*,#4232,.T.);
#5748=ORIENTED_EDGE('',*,*,#4231,.F.);
#5749=ORIENTED_EDGE('',*,*,#4233,.F.);
#5750=ORIENTED_EDGE('',*,*,#4234,.F.);
#5751=ORIENTED_EDGE('',*,*,#4235,.F.);
#5752=ORIENTED_EDGE('',*,*,#4236,.F.);
#5753=ORIENTED_EDGE('',*,*,#4237,.T.);
#5754=ORIENTED_EDGE('',*,*,#4230,.F.);
#5755=ORIENTED_EDGE('',*,*,#4238,.T.);
#5756=ORIENTED_EDGE('',*,*,#4239,.F.);
#5757=ORIENTED_EDGE('',*,*,#4233,.T.);
#5758=ORIENTED_EDGE('',*,*,#4234,.T.);
#5759=ORIENTED_EDGE('',*,*,#4239,.T.);
#5760=ORIENTED_EDGE('',*,*,#4240,.T.);
#5761=ORIENTED_EDGE('',*,*,#4241,.T.);
#5762=ORIENTED_EDGE('',*,*,#4229,.F.);
#5763=ORIENTED_EDGE('',*,*,#4242,.F.);
#5764=ORIENTED_EDGE('',*,*,#4243,.F.);
#5765=ORIENTED_EDGE('',*,*,#4244,.T.);
#5766=ORIENTED_EDGE('',*,*,#4240,.F.);
#5767=ORIENTED_EDGE('',*,*,#4238,.F.);
#5768=ORIENTED_EDGE('',*,*,#4232,.F.);
#5769=ORIENTED_EDGE('',*,*,#4237,.F.);
#5770=ORIENTED_EDGE('',*,*,#4245,.F.);
#5771=ORIENTED_EDGE('',*,*,#4242,.T.);
#5772=ORIENTED_EDGE('',*,*,#4241,.F.);
#5773=ORIENTED_EDGE('',*,*,#4244,.F.);
#5774=ORIENTED_EDGE('',*,*,#4246,.F.);
#5775=ORIENTED_EDGE('',*,*,#4235,.T.);
#5776=ORIENTED_EDGE('',*,*,#4246,.T.);
#5777=ORIENTED_EDGE('',*,*,#4243,.T.);
#5778=ORIENTED_EDGE('',*,*,#4245,.T.);
#5779=ORIENTED_EDGE('',*,*,#4236,.T.);
#5780=ORIENTED_EDGE('',*,*,#4247,.T.);
#5781=ORIENTED_EDGE('',*,*,#4248,.T.);
#5782=ORIENTED_EDGE('',*,*,#4249,.T.);
#5783=ORIENTED_EDGE('',*,*,#4250,.T.);
#5784=ORIENTED_EDGE('',*,*,#4249,.F.);
#5785=ORIENTED_EDGE('',*,*,#4251,.F.);
#5786=ORIENTED_EDGE('',*,*,#4252,.F.);
#5787=ORIENTED_EDGE('',*,*,#4253,.F.);
#5788=ORIENTED_EDGE('',*,*,#4254,.F.);
#5789=ORIENTED_EDGE('',*,*,#4255,.T.);
#5790=ORIENTED_EDGE('',*,*,#4248,.F.);
#5791=ORIENTED_EDGE('',*,*,#4256,.T.);
#5792=ORIENTED_EDGE('',*,*,#4257,.F.);
#5793=ORIENTED_EDGE('',*,*,#4251,.T.);
#5794=ORIENTED_EDGE('',*,*,#4252,.T.);
#5795=ORIENTED_EDGE('',*,*,#4257,.T.);
#5796=ORIENTED_EDGE('',*,*,#4258,.T.);
#5797=ORIENTED_EDGE('',*,*,#4259,.T.);
#5798=ORIENTED_EDGE('',*,*,#4259,.F.);
#5799=ORIENTED_EDGE('',*,*,#4260,.F.);
#5800=ORIENTED_EDGE('',*,*,#4261,.F.);
#5801=ORIENTED_EDGE('',*,*,#4253,.T.);
#5802=ORIENTED_EDGE('',*,*,#4247,.F.);
#5803=ORIENTED_EDGE('',*,*,#4262,.F.);
#5804=ORIENTED_EDGE('',*,*,#4263,.F.);
#5805=ORIENTED_EDGE('',*,*,#4260,.T.);
#5806=ORIENTED_EDGE('',*,*,#4258,.F.);
#5807=ORIENTED_EDGE('',*,*,#4256,.F.);
#5808=ORIENTED_EDGE('',*,*,#4250,.F.);
#5809=ORIENTED_EDGE('',*,*,#4255,.F.);
#5810=ORIENTED_EDGE('',*,*,#4264,.F.);
#5811=ORIENTED_EDGE('',*,*,#4262,.T.);
#5812=ORIENTED_EDGE('',*,*,#4264,.T.);
#5813=ORIENTED_EDGE('',*,*,#4254,.T.);
#5814=ORIENTED_EDGE('',*,*,#4261,.T.);
#5815=ORIENTED_EDGE('',*,*,#4263,.T.);
#5816=ORIENTED_EDGE('',*,*,#4265,.T.);
#5817=ORIENTED_EDGE('',*,*,#4266,.T.);
#5818=ORIENTED_EDGE('',*,*,#4267,.T.);
#5819=ORIENTED_EDGE('',*,*,#4268,.T.);
#5820=ORIENTED_EDGE('',*,*,#4266,.F.);
#5821=ORIENTED_EDGE('',*,*,#4269,.T.);
#5822=ORIENTED_EDGE('',*,*,#4270,.F.);
#5823=ORIENTED_EDGE('',*,*,#4271,.T.);
#5824=ORIENTED_EDGE('',*,*,#4272,.F.);
#5825=ORIENTED_EDGE('',*,*,#4273,.T.);
#5826=ORIENTED_EDGE('',*,*,#4274,.T.);
#5827=ORIENTED_EDGE('',*,*,#4265,.F.);
#5828=ORIENTED_EDGE('',*,*,#4275,.F.);
#5829=ORIENTED_EDGE('',*,*,#4276,.F.);
#5830=ORIENTED_EDGE('',*,*,#4277,.T.);
#5831=ORIENTED_EDGE('',*,*,#4278,.F.);
#5832=ORIENTED_EDGE('',*,*,#4269,.F.);
#5833=ORIENTED_EDGE('',*,*,#4279,.T.);
#5834=ORIENTED_EDGE('',*,*,#4270,.T.);
#5835=ORIENTED_EDGE('',*,*,#4278,.T.);
#5836=ORIENTED_EDGE('',*,*,#4280,.T.);
#5837=ORIENTED_EDGE('',*,*,#4279,.F.);
#5838=ORIENTED_EDGE('',*,*,#4281,.F.);
#5839=ORIENTED_EDGE('',*,*,#4282,.F.);
#5840=ORIENTED_EDGE('',*,*,#4283,.F.);
#5841=ORIENTED_EDGE('',*,*,#4271,.F.);
#5842=ORIENTED_EDGE('',*,*,#4280,.F.);
#5843=ORIENTED_EDGE('',*,*,#4277,.F.);
#5844=ORIENTED_EDGE('',*,*,#4284,.F.);
#5845=ORIENTED_EDGE('',*,*,#4281,.T.);
#5846=ORIENTED_EDGE('',*,*,#4285,.T.);
#5847=ORIENTED_EDGE('',*,*,#4286,.T.);
#5848=ORIENTED_EDGE('',*,*,#4272,.T.);
#5849=ORIENTED_EDGE('',*,*,#4283,.T.);
#5850=ORIENTED_EDGE('',*,*,#4286,.F.);
#5851=ORIENTED_EDGE('',*,*,#4287,.F.);
#5852=ORIENTED_EDGE('',*,*,#4288,.T.);
#5853=ORIENTED_EDGE('',*,*,#4273,.F.);
#5854=ORIENTED_EDGE('',*,*,#4268,.F.);
#5855=ORIENTED_EDGE('',*,*,#4289,.F.);
#5856=ORIENTED_EDGE('',*,*,#4290,.F.);
#5857=ORIENTED_EDGE('',*,*,#4275,.T.);
#5858=ORIENTED_EDGE('',*,*,#4267,.F.);
#5859=ORIENTED_EDGE('',*,*,#4274,.F.);
#5860=ORIENTED_EDGE('',*,*,#4288,.F.);
#5861=ORIENTED_EDGE('',*,*,#4291,.F.);
#5862=ORIENTED_EDGE('',*,*,#4289,.T.);
#5863=ORIENTED_EDGE('',*,*,#4282,.T.);
#5864=ORIENTED_EDGE('',*,*,#4284,.T.);
#5865=ORIENTED_EDGE('',*,*,#4276,.T.);
#5866=ORIENTED_EDGE('',*,*,#4290,.T.);
#5867=ORIENTED_EDGE('',*,*,#4291,.T.);
#5868=ORIENTED_EDGE('',*,*,#4287,.T.);
#5869=ORIENTED_EDGE('',*,*,#4285,.F.);
#5870=ORIENTED_EDGE('',*,*,#4292,.T.);
#5871=ORIENTED_EDGE('',*,*,#4293,.T.);
#5872=ORIENTED_EDGE('',*,*,#4294,.T.);
#5873=ORIENTED_EDGE('',*,*,#4295,.T.);
#5874=ORIENTED_EDGE('',*,*,#4294,.F.);
#5875=ORIENTED_EDGE('',*,*,#4296,.T.);
#5876=ORIENTED_EDGE('',*,*,#4297,.F.);
#5877=ORIENTED_EDGE('',*,*,#4298,.F.);
#5878=ORIENTED_EDGE('',*,*,#4299,.F.);
#5879=ORIENTED_EDGE('',*,*,#4300,.T.);
#5880=ORIENTED_EDGE('',*,*,#4301,.F.);
#5881=ORIENTED_EDGE('',*,*,#4302,.T.);
#5882=ORIENTED_EDGE('',*,*,#4303,.T.);
#5883=ORIENTED_EDGE('',*,*,#4304,.T.);
#5884=ORIENTED_EDGE('',*,*,#4305,.T.);
#5885=ORIENTED_EDGE('',*,*,#4306,.T.);
#5886=ORIENTED_EDGE('',*,*,#4293,.F.);
#5887=ORIENTED_EDGE('',*,*,#4307,.T.);
#5888=ORIENTED_EDGE('',*,*,#4308,.F.);
#5889=ORIENTED_EDGE('',*,*,#4296,.F.);
#5890=ORIENTED_EDGE('',*,*,#4309,.T.);
#5891=ORIENTED_EDGE('',*,*,#4310,.T.);
#5892=ORIENTED_EDGE('',*,*,#4297,.T.);
#5893=ORIENTED_EDGE('',*,*,#4308,.T.);
#5894=ORIENTED_EDGE('',*,*,#4299,.T.);
#5895=ORIENTED_EDGE('',*,*,#4311,.T.);
#5896=ORIENTED_EDGE('',*,*,#4312,.T.);
#5897=ORIENTED_EDGE('',*,*,#4313,.T.);
#5898=ORIENTED_EDGE('',*,*,#4313,.F.);
#5899=ORIENTED_EDGE('',*,*,#4314,.T.);
#5900=ORIENTED_EDGE('',*,*,#4315,.F.);
#5901=ORIENTED_EDGE('',*,*,#4300,.F.);
#5902=ORIENTED_EDGE('',*,*,#4301,.T.);
#5903=ORIENTED_EDGE('',*,*,#4315,.T.);
#5904=ORIENTED_EDGE('',*,*,#4316,.T.);
#5905=ORIENTED_EDGE('',*,*,#4317,.T.);
#5906=ORIENTED_EDGE('',*,*,#4295,.F.);
#5907=ORIENTED_EDGE('',*,*,#4302,.F.);
#5908=ORIENTED_EDGE('',*,*,#4317,.F.);
#5909=ORIENTED_EDGE('',*,*,#4318,.F.);
#5910=ORIENTED_EDGE('',*,*,#4319,.F.);
#5911=ORIENTED_EDGE('',*,*,#4320,.T.);
#5912=ORIENTED_EDGE('',*,*,#4306,.F.);
#5913=ORIENTED_EDGE('',*,*,#4321,.F.);
#5914=ORIENTED_EDGE('',*,*,#4322,.F.);
#5915=ORIENTED_EDGE('',*,*,#4321,.T.);
#5916=ORIENTED_EDGE('',*,*,#4305,.F.);
#5917=ORIENTED_EDGE('',*,*,#4323,.F.);
#5918=ORIENTED_EDGE('',*,*,#4324,.F.);
#5919=ORIENTED_EDGE('',*,*,#4323,.T.);
#5920=ORIENTED_EDGE('',*,*,#4304,.F.);
#5921=ORIENTED_EDGE('',*,*,#4325,.F.);
#5922=ORIENTED_EDGE('',*,*,#4326,.F.);
#5923=ORIENTED_EDGE('',*,*,#4325,.T.);
#5924=ORIENTED_EDGE('',*,*,#4303,.F.);
#5925=ORIENTED_EDGE('',*,*,#4320,.F.);
#5926=ORIENTED_EDGE('',*,*,#4292,.F.);
#5927=ORIENTED_EDGE('',*,*,#4318,.T.);
#5928=ORIENTED_EDGE('',*,*,#4316,.F.);
#5929=ORIENTED_EDGE('',*,*,#4314,.F.);
#5930=ORIENTED_EDGE('',*,*,#4312,.F.);
#5931=ORIENTED_EDGE('',*,*,#4327,.F.);
#5932=ORIENTED_EDGE('',*,*,#4309,.F.);
#5933=ORIENTED_EDGE('',*,*,#4307,.F.);
#5934=ORIENTED_EDGE('',*,*,#4326,.T.);
#5935=ORIENTED_EDGE('',*,*,#4319,.T.);
#5936=ORIENTED_EDGE('',*,*,#4322,.T.);
#5937=ORIENTED_EDGE('',*,*,#4324,.T.);
#5938=ORIENTED_EDGE('',*,*,#4310,.F.);
#5939=ORIENTED_EDGE('',*,*,#4327,.T.);
#5940=ORIENTED_EDGE('',*,*,#4311,.F.);
#5941=ORIENTED_EDGE('',*,*,#4298,.T.);
#5942=ORIENTED_EDGE('',*,*,#4328,.T.);
#5943=ORIENTED_EDGE('',*,*,#4329,.T.);
#5944=ORIENTED_EDGE('',*,*,#4330,.T.);
#5945=ORIENTED_EDGE('',*,*,#4331,.T.);
#5946=ORIENTED_EDGE('',*,*,#4331,.F.);
#5947=ORIENTED_EDGE('',*,*,#4332,.T.);
#5948=ORIENTED_EDGE('',*,*,#4333,.F.);
#5949=ORIENTED_EDGE('',*,*,#4334,.F.);
#5950=ORIENTED_EDGE('',*,*,#4330,.F.);
#5951=ORIENTED_EDGE('',*,*,#4335,.F.);
#5952=ORIENTED_EDGE('',*,*,#4336,.F.);
#5953=ORIENTED_EDGE('',*,*,#4337,.F.);
#5954=ORIENTED_EDGE('',*,*,#4338,.F.);
#5955=ORIENTED_EDGE('',*,*,#4339,.T.);
#5956=ORIENTED_EDGE('',*,*,#4340,.F.);
#5957=ORIENTED_EDGE('',*,*,#4332,.F.);
#5958=ORIENTED_EDGE('',*,*,#4341,.T.);
#5959=ORIENTED_EDGE('',*,*,#4342,.T.);
#5960=ORIENTED_EDGE('',*,*,#4343,.T.);
#5961=ORIENTED_EDGE('',*,*,#4344,.T.);
#5962=ORIENTED_EDGE('',*,*,#4338,.T.);
#5963=ORIENTED_EDGE('',*,*,#4345,.T.);
#5964=ORIENTED_EDGE('',*,*,#4346,.T.);
#5965=ORIENTED_EDGE('',*,*,#4347,.T.);
#5966=ORIENTED_EDGE('',*,*,#4328,.F.);
#5967=ORIENTED_EDGE('',*,*,#4334,.T.);
#5968=ORIENTED_EDGE('',*,*,#4348,.F.);
#5969=ORIENTED_EDGE('',*,*,#4349,.T.);
#5970=ORIENTED_EDGE('',*,*,#4346,.F.);
#5971=ORIENTED_EDGE('',*,*,#4350,.T.);
#5972=ORIENTED_EDGE('',*,*,#4351,.F.);
#5973=ORIENTED_EDGE('',*,*,#4352,.F.);
#5974=ORIENTED_EDGE('',*,*,#4353,.T.);
#5975=ORIENTED_EDGE('',*,*,#4354,.T.);
#5976=ORIENTED_EDGE('',*,*,#4355,.T.);
#5977=ORIENTED_EDGE('',*,*,#4356,.T.);
#5978=ORIENTED_EDGE('',*,*,#4345,.F.);
#5979=ORIENTED_EDGE('',*,*,#4337,.T.);
#5980=ORIENTED_EDGE('',*,*,#4357,.F.);
#5981=ORIENTED_EDGE('',*,*,#4350,.F.);
#5982=ORIENTED_EDGE('',*,*,#4336,.T.);
#5983=ORIENTED_EDGE('',*,*,#4358,.T.);
#5984=ORIENTED_EDGE('',*,*,#4351,.T.);
#5985=ORIENTED_EDGE('',*,*,#4357,.T.);
#5986=ORIENTED_EDGE('',*,*,#4348,.T.);
#5987=ORIENTED_EDGE('',*,*,#4333,.T.);
#5988=ORIENTED_EDGE('',*,*,#4340,.T.);
#5989=ORIENTED_EDGE('',*,*,#4359,.T.);
#5990=ORIENTED_EDGE('',*,*,#4347,.F.);
#5991=ORIENTED_EDGE('',*,*,#4349,.F.);
#5992=ORIENTED_EDGE('',*,*,#4359,.F.);
#5993=ORIENTED_EDGE('',*,*,#4339,.F.);
#5994=ORIENTED_EDGE('',*,*,#4342,.F.);
#5995=ORIENTED_EDGE('',*,*,#4360,.T.);
#5996=ORIENTED_EDGE('',*,*,#4356,.F.);
#5997=ORIENTED_EDGE('',*,*,#4361,.F.);
#5998=ORIENTED_EDGE('',*,*,#4343,.F.);
#5999=ORIENTED_EDGE('',*,*,#4361,.T.);
#6000=ORIENTED_EDGE('',*,*,#4355,.F.);
#6001=ORIENTED_EDGE('',*,*,#4362,.F.);
#6002=ORIENTED_EDGE('',*,*,#4344,.F.);
#6003=ORIENTED_EDGE('',*,*,#4362,.T.);
#6004=ORIENTED_EDGE('',*,*,#4354,.F.);
#6005=ORIENTED_EDGE('',*,*,#4363,.F.);
#6006=ORIENTED_EDGE('',*,*,#4341,.F.);
#6007=ORIENTED_EDGE('',*,*,#4363,.T.);
#6008=ORIENTED_EDGE('',*,*,#4353,.F.);
#6009=ORIENTED_EDGE('',*,*,#4360,.F.);
#6010=ORIENTED_EDGE('',*,*,#4329,.F.);
#6011=ORIENTED_EDGE('',*,*,#4352,.T.);
#6012=ORIENTED_EDGE('',*,*,#4358,.F.);
#6013=ORIENTED_EDGE('',*,*,#4335,.T.);
#6014=ORIENTED_EDGE('',*,*,#4364,.T.);
#6015=ORIENTED_EDGE('',*,*,#4365,.T.);
#6016=ORIENTED_EDGE('',*,*,#4366,.T.);
#6017=ORIENTED_EDGE('',*,*,#4367,.T.);
#6018=ORIENTED_EDGE('',*,*,#4364,.F.);
#6019=ORIENTED_EDGE('',*,*,#4368,.T.);
#6020=ORIENTED_EDGE('',*,*,#4369,.F.);
#6021=ORIENTED_EDGE('',*,*,#4370,.T.);
#6022=ORIENTED_EDGE('',*,*,#4371,.F.);
#6023=ORIENTED_EDGE('',*,*,#4372,.T.);
#6024=ORIENTED_EDGE('',*,*,#4373,.F.);
#6025=ORIENTED_EDGE('',*,*,#4374,.F.);
#6026=ORIENTED_EDGE('',*,*,#4375,.T.);
#6027=ORIENTED_EDGE('',*,*,#4376,.T.);
#6028=ORIENTED_EDGE('',*,*,#4377,.T.);
#6029=ORIENTED_EDGE('',*,*,#4378,.T.);
#6030=ORIENTED_EDGE('',*,*,#4367,.F.);
#6031=ORIENTED_EDGE('',*,*,#4379,.T.);
#6032=ORIENTED_EDGE('',*,*,#4380,.F.);
#6033=ORIENTED_EDGE('',*,*,#4368,.F.);
#6034=ORIENTED_EDGE('',*,*,#4369,.T.);
#6035=ORIENTED_EDGE('',*,*,#4380,.T.);
#6036=ORIENTED_EDGE('',*,*,#4381,.T.);
#6037=ORIENTED_EDGE('',*,*,#4382,.T.);
#6038=ORIENTED_EDGE('',*,*,#4383,.T.);
#6039=ORIENTED_EDGE('',*,*,#4384,.T.);
#6040=ORIENTED_EDGE('',*,*,#4371,.T.);
#6041=ORIENTED_EDGE('',*,*,#4385,.T.);
#6042=ORIENTED_EDGE('',*,*,#4384,.F.);
#6043=ORIENTED_EDGE('',*,*,#4386,.T.);
#6044=ORIENTED_EDGE('',*,*,#4387,.F.);
#6045=ORIENTED_EDGE('',*,*,#4372,.F.);
#6046=ORIENTED_EDGE('',*,*,#4388,.T.);
#6047=ORIENTED_EDGE('',*,*,#4389,.T.);
#6048=ORIENTED_EDGE('',*,*,#4373,.T.);
#6049=ORIENTED_EDGE('',*,*,#4387,.T.);
#6050=ORIENTED_EDGE('',*,*,#4382,.F.);
#6051=ORIENTED_EDGE('',*,*,#4390,.F.);
#6052=ORIENTED_EDGE('',*,*,#4385,.F.);
#6053=ORIENTED_EDGE('',*,*,#4370,.F.);
#6054=ORIENTED_EDGE('',*,*,#4366,.F.);
#6055=ORIENTED_EDGE('',*,*,#4391,.F.);
#6056=ORIENTED_EDGE('',*,*,#4388,.F.);
#6057=ORIENTED_EDGE('',*,*,#4386,.F.);
#6058=ORIENTED_EDGE('',*,*,#4383,.F.);
#6059=ORIENTED_EDGE('',*,*,#4390,.T.);
#6060=ORIENTED_EDGE('',*,*,#4381,.F.);
#6061=ORIENTED_EDGE('',*,*,#4379,.F.);
#6062=ORIENTED_EDGE('',*,*,#4392,.T.);
#6063=ORIENTED_EDGE('',*,*,#4393,.T.);
#6064=ORIENTED_EDGE('',*,*,#4394,.T.);
#6065=ORIENTED_EDGE('',*,*,#4395,.T.);
#6066=ORIENTED_EDGE('',*,*,#4392,.F.);
#6067=ORIENTED_EDGE('',*,*,#4396,.T.);
#6068=ORIENTED_EDGE('',*,*,#4375,.F.);
#6069=ORIENTED_EDGE('',*,*,#4397,.F.);
#6070=ORIENTED_EDGE('',*,*,#4395,.F.);
#6071=ORIENTED_EDGE('',*,*,#4398,.T.);
#6072=ORIENTED_EDGE('',*,*,#4376,.F.);
#6073=ORIENTED_EDGE('',*,*,#4396,.F.);
#6074=ORIENTED_EDGE('',*,*,#4394,.F.);
#6075=ORIENTED_EDGE('',*,*,#4399,.T.);
#6076=ORIENTED_EDGE('',*,*,#4377,.F.);
#6077=ORIENTED_EDGE('',*,*,#4398,.F.);
#6078=ORIENTED_EDGE('',*,*,#4393,.F.);
#6079=ORIENTED_EDGE('',*,*,#4397,.T.);
#6080=ORIENTED_EDGE('',*,*,#4378,.F.);
#6081=ORIENTED_EDGE('',*,*,#4399,.F.);
#6082=ORIENTED_EDGE('',*,*,#4365,.F.);
#6083=ORIENTED_EDGE('',*,*,#4374,.T.);
#6084=ORIENTED_EDGE('',*,*,#4389,.F.);
#6085=ORIENTED_EDGE('',*,*,#4391,.T.);
#6086=ORIENTED_EDGE('',*,*,#4400,.T.);
#6087=ORIENTED_EDGE('',*,*,#4401,.T.);
#6088=ORIENTED_EDGE('',*,*,#4402,.T.);
#6089=ORIENTED_EDGE('',*,*,#4403,.T.);
#6090=ORIENTED_EDGE('',*,*,#4402,.F.);
#6091=ORIENTED_EDGE('',*,*,#4404,.T.);
#6092=ORIENTED_EDGE('',*,*,#4405,.F.);
#6093=ORIENTED_EDGE('',*,*,#4406,.F.);
#6094=ORIENTED_EDGE('',*,*,#4407,.F.);
#6095=ORIENTED_EDGE('',*,*,#4408,.T.);
#6096=ORIENTED_EDGE('',*,*,#4409,.F.);
#6097=ORIENTED_EDGE('',*,*,#4410,.T.);
#6098=ORIENTED_EDGE('',*,*,#4411,.T.);
#6099=ORIENTED_EDGE('',*,*,#4412,.T.);
#6100=ORIENTED_EDGE('',*,*,#4413,.T.);
#6101=ORIENTED_EDGE('',*,*,#4414,.T.);
#6102=ORIENTED_EDGE('',*,*,#4401,.F.);
#6103=ORIENTED_EDGE('',*,*,#4415,.T.);
#6104=ORIENTED_EDGE('',*,*,#4416,.F.);
#6105=ORIENTED_EDGE('',*,*,#4404,.F.);
#6106=ORIENTED_EDGE('',*,*,#4417,.T.);
#6107=ORIENTED_EDGE('',*,*,#4418,.T.);
#6108=ORIENTED_EDGE('',*,*,#4405,.T.);
#6109=ORIENTED_EDGE('',*,*,#4416,.T.);
#6110=ORIENTED_EDGE('',*,*,#4407,.T.);
#6111=ORIENTED_EDGE('',*,*,#4419,.T.);
#6112=ORIENTED_EDGE('',*,*,#4420,.T.);
#6113=ORIENTED_EDGE('',*,*,#4421,.T.);
#6114=ORIENTED_EDGE('',*,*,#4421,.F.);
#6115=ORIENTED_EDGE('',*,*,#4422,.T.);
#6116=ORIENTED_EDGE('',*,*,#4423,.F.);
#6117=ORIENTED_EDGE('',*,*,#4408,.F.);
#6118=ORIENTED_EDGE('',*,*,#4409,.T.);
#6119=ORIENTED_EDGE('',*,*,#4423,.T.);
#6120=ORIENTED_EDGE('',*,*,#4424,.T.);
#6121=ORIENTED_EDGE('',*,*,#4425,.T.);
#6122=ORIENTED_EDGE('',*,*,#4403,.F.);
#6123=ORIENTED_EDGE('',*,*,#4410,.F.);
#6124=ORIENTED_EDGE('',*,*,#4425,.F.);
#6125=ORIENTED_EDGE('',*,*,#4426,.F.);
#6126=ORIENTED_EDGE('',*,*,#4427,.F.);
#6127=ORIENTED_EDGE('',*,*,#4428,.T.);
#6128=ORIENTED_EDGE('',*,*,#4414,.F.);
#6129=ORIENTED_EDGE('',*,*,#4429,.F.);
#6130=ORIENTED_EDGE('',*,*,#4430,.F.);
#6131=ORIENTED_EDGE('',*,*,#4429,.T.);
#6132=ORIENTED_EDGE('',*,*,#4413,.F.);
#6133=ORIENTED_EDGE('',*,*,#4431,.F.);
#6134=ORIENTED_EDGE('',*,*,#4432,.F.);
#6135=ORIENTED_EDGE('',*,*,#4431,.T.);
#6136=ORIENTED_EDGE('',*,*,#4412,.F.);
#6137=ORIENTED_EDGE('',*,*,#4433,.F.);
#6138=ORIENTED_EDGE('',*,*,#4434,.F.);
#6139=ORIENTED_EDGE('',*,*,#4433,.T.);
#6140=ORIENTED_EDGE('',*,*,#4411,.F.);
#6141=ORIENTED_EDGE('',*,*,#4428,.F.);
#6142=ORIENTED_EDGE('',*,*,#4400,.F.);
#6143=ORIENTED_EDGE('',*,*,#4426,.T.);
#6144=ORIENTED_EDGE('',*,*,#4424,.F.);
#6145=ORIENTED_EDGE('',*,*,#4422,.F.);
#6146=ORIENTED_EDGE('',*,*,#4420,.F.);
#6147=ORIENTED_EDGE('',*,*,#4435,.F.);
#6148=ORIENTED_EDGE('',*,*,#4417,.F.);
#6149=ORIENTED_EDGE('',*,*,#4415,.F.);
#6150=ORIENTED_EDGE('',*,*,#4434,.T.);
#6151=ORIENTED_EDGE('',*,*,#4427,.T.);
#6152=ORIENTED_EDGE('',*,*,#4430,.T.);
#6153=ORIENTED_EDGE('',*,*,#4432,.T.);
#6154=ORIENTED_EDGE('',*,*,#4418,.F.);
#6155=ORIENTED_EDGE('',*,*,#4435,.T.);
#6156=ORIENTED_EDGE('',*,*,#4419,.F.);
#6157=ORIENTED_EDGE('',*,*,#4406,.T.);
#6158=ORIENTED_EDGE('',*,*,#4436,.T.);
#6159=ORIENTED_EDGE('',*,*,#4437,.T.);
#6160=ORIENTED_EDGE('',*,*,#4438,.T.);
#6161=ORIENTED_EDGE('',*,*,#4439,.T.);
#6162=ORIENTED_EDGE('',*,*,#4437,.F.);
#6163=ORIENTED_EDGE('',*,*,#4440,.T.);
#6164=ORIENTED_EDGE('',*,*,#4441,.F.);
#6165=ORIENTED_EDGE('',*,*,#4442,.T.);
#6166=ORIENTED_EDGE('',*,*,#4436,.F.);
#6167=ORIENTED_EDGE('',*,*,#4443,.T.);
#6168=ORIENTED_EDGE('',*,*,#4444,.F.);
#6169=ORIENTED_EDGE('',*,*,#4445,.T.);
#6170=ORIENTED_EDGE('',*,*,#4446,.F.);
#6171=ORIENTED_EDGE('',*,*,#4447,.T.);
#6172=ORIENTED_EDGE('',*,*,#4448,.F.);
#6173=ORIENTED_EDGE('',*,*,#4440,.F.);
#6174=ORIENTED_EDGE('',*,*,#4449,.T.);
#6175=ORIENTED_EDGE('',*,*,#4450,.T.);
#6176=ORIENTED_EDGE('',*,*,#4451,.T.);
#6177=ORIENTED_EDGE('',*,*,#4452,.T.);
#6178=ORIENTED_EDGE('',*,*,#4453,.T.);
#6179=ORIENTED_EDGE('',*,*,#4454,.T.);
#6180=ORIENTED_EDGE('',*,*,#4446,.T.);
#6181=ORIENTED_EDGE('',*,*,#4455,.T.);
#6182=ORIENTED_EDGE('',*,*,#4455,.F.);
#6183=ORIENTED_EDGE('',*,*,#4445,.F.);
#6184=ORIENTED_EDGE('',*,*,#4456,.F.);
#6185=ORIENTED_EDGE('',*,*,#4457,.F.);
#6186=ORIENTED_EDGE('',*,*,#4458,.T.);
#6187=ORIENTED_EDGE('',*,*,#4441,.T.);
#6188=ORIENTED_EDGE('',*,*,#4448,.T.);
#6189=ORIENTED_EDGE('',*,*,#4459,.T.);
#6190=ORIENTED_EDGE('',*,*,#4438,.F.);
#6191=ORIENTED_EDGE('',*,*,#4442,.F.);
#6192=ORIENTED_EDGE('',*,*,#4458,.F.);
#6193=ORIENTED_EDGE('',*,*,#4460,.F.);
#6194=ORIENTED_EDGE('',*,*,#4453,.F.);
#6195=ORIENTED_EDGE('',*,*,#4457,.T.);
#6196=ORIENTED_EDGE('',*,*,#4461,.F.);
#6197=ORIENTED_EDGE('',*,*,#4462,.F.);
#6198=ORIENTED_EDGE('',*,*,#4463,.T.);
#6199=ORIENTED_EDGE('',*,*,#4464,.T.);
#6200=ORIENTED_EDGE('',*,*,#4465,.T.);
#6201=ORIENTED_EDGE('',*,*,#4466,.T.);
#6202=ORIENTED_EDGE('',*,*,#4444,.T.);
#6203=ORIENTED_EDGE('',*,*,#4467,.T.);
#6204=ORIENTED_EDGE('',*,*,#4461,.T.);
#6205=ORIENTED_EDGE('',*,*,#4456,.T.);
#6206=ORIENTED_EDGE('',*,*,#4439,.F.);
#6207=ORIENTED_EDGE('',*,*,#4462,.T.);
#6208=ORIENTED_EDGE('',*,*,#4467,.F.);
#6209=ORIENTED_EDGE('',*,*,#4443,.F.);
#6210=ORIENTED_EDGE('',*,*,#4463,.F.);
#6211=ORIENTED_EDGE('',*,*,#4468,.T.);
#6212=ORIENTED_EDGE('',*,*,#4449,.F.);
#6213=ORIENTED_EDGE('',*,*,#4469,.F.);
#6214=ORIENTED_EDGE('',*,*,#4466,.F.);
#6215=ORIENTED_EDGE('',*,*,#4470,.T.);
#6216=ORIENTED_EDGE('',*,*,#4450,.F.);
#6217=ORIENTED_EDGE('',*,*,#4468,.F.);
#6218=ORIENTED_EDGE('',*,*,#4465,.F.);
#6219=ORIENTED_EDGE('',*,*,#4471,.T.);
#6220=ORIENTED_EDGE('',*,*,#4451,.F.);
#6221=ORIENTED_EDGE('',*,*,#4470,.F.);
#6222=ORIENTED_EDGE('',*,*,#4464,.F.);
#6223=ORIENTED_EDGE('',*,*,#4469,.T.);
#6224=ORIENTED_EDGE('',*,*,#4452,.F.);
#6225=ORIENTED_EDGE('',*,*,#4471,.F.);
#6226=ORIENTED_EDGE('',*,*,#4454,.F.);
#6227=ORIENTED_EDGE('',*,*,#4460,.T.);
#6228=ORIENTED_EDGE('',*,*,#4459,.F.);
#6229=ORIENTED_EDGE('',*,*,#4447,.F.);
#6230=ORIENTED_EDGE('',*,*,#4472,.T.);
#6231=ORIENTED_EDGE('',*,*,#4473,.T.);
#6232=ORIENTED_EDGE('',*,*,#4474,.T.);
#6233=ORIENTED_EDGE('',*,*,#4475,.T.);
#6234=ORIENTED_EDGE('',*,*,#4473,.F.);
#6235=ORIENTED_EDGE('',*,*,#4476,.F.);
#6236=ORIENTED_EDGE('',*,*,#4477,.F.);
#6237=ORIENTED_EDGE('',*,*,#4478,.T.);
#6238=ORIENTED_EDGE('',*,*,#4472,.F.);
#6239=ORIENTED_EDGE('',*,*,#4479,.T.);
#6240=ORIENTED_EDGE('',*,*,#4480,.F.);
#6241=ORIENTED_EDGE('',*,*,#4481,.T.);
#6242=ORIENTED_EDGE('',*,*,#4482,.F.);
#6243=ORIENTED_EDGE('',*,*,#4483,.T.);
#6244=ORIENTED_EDGE('',*,*,#4484,.F.);
#6245=ORIENTED_EDGE('',*,*,#4476,.T.);
#6246=ORIENTED_EDGE('',*,*,#4485,.T.);
#6247=ORIENTED_EDGE('',*,*,#4486,.T.);
#6248=ORIENTED_EDGE('',*,*,#4487,.T.);
#6249=ORIENTED_EDGE('',*,*,#4488,.T.);
#6250=ORIENTED_EDGE('',*,*,#4480,.T.);
#6251=ORIENTED_EDGE('',*,*,#4489,.T.);
#6252=ORIENTED_EDGE('',*,*,#4490,.T.);
#6253=ORIENTED_EDGE('',*,*,#4491,.T.);
#6254=ORIENTED_EDGE('',*,*,#4491,.F.);
#6255=ORIENTED_EDGE('',*,*,#4492,.T.);
#6256=ORIENTED_EDGE('',*,*,#4493,.F.);
#6257=ORIENTED_EDGE('',*,*,#4481,.F.);
#6258=ORIENTED_EDGE('',*,*,#4482,.T.);
#6259=ORIENTED_EDGE('',*,*,#4493,.T.);
#6260=ORIENTED_EDGE('',*,*,#4494,.T.);
#6261=ORIENTED_EDGE('',*,*,#4495,.T.);
#6262=ORIENTED_EDGE('',*,*,#4496,.T.);
#6263=ORIENTED_EDGE('',*,*,#4477,.T.);
#6264=ORIENTED_EDGE('',*,*,#4484,.T.);
#6265=ORIENTED_EDGE('',*,*,#4497,.T.);
#6266=ORIENTED_EDGE('',*,*,#4495,.F.);
#6267=ORIENTED_EDGE('',*,*,#4498,.F.);
#6268=ORIENTED_EDGE('',*,*,#4497,.F.);
#6269=ORIENTED_EDGE('',*,*,#4483,.F.);
#6270=ORIENTED_EDGE('',*,*,#4474,.F.);
#6271=ORIENTED_EDGE('',*,*,#4478,.F.);
#6272=ORIENTED_EDGE('',*,*,#4496,.F.);
#6273=ORIENTED_EDGE('',*,*,#4498,.T.);
#6274=ORIENTED_EDGE('',*,*,#4494,.F.);
#6275=ORIENTED_EDGE('',*,*,#4492,.F.);
#6276=ORIENTED_EDGE('',*,*,#4490,.F.);
#6277=ORIENTED_EDGE('',*,*,#4499,.F.);
#6278=ORIENTED_EDGE('',*,*,#4500,.T.);
#6279=ORIENTED_EDGE('',*,*,#4501,.T.);
#6280=ORIENTED_EDGE('',*,*,#4502,.T.);
#6281=ORIENTED_EDGE('',*,*,#4503,.T.);
#6282=ORIENTED_EDGE('',*,*,#4501,.F.);
#6283=ORIENTED_EDGE('',*,*,#4504,.T.);
#6284=ORIENTED_EDGE('',*,*,#4488,.F.);
#6285=ORIENTED_EDGE('',*,*,#4505,.F.);
#6286=ORIENTED_EDGE('',*,*,#4502,.F.);
#6287=ORIENTED_EDGE('',*,*,#4505,.T.);
#6288=ORIENTED_EDGE('',*,*,#4487,.F.);
#6289=ORIENTED_EDGE('',*,*,#4506,.F.);
#6290=ORIENTED_EDGE('',*,*,#4503,.F.);
#6291=ORIENTED_EDGE('',*,*,#4506,.T.);
#6292=ORIENTED_EDGE('',*,*,#4486,.F.);
#6293=ORIENTED_EDGE('',*,*,#4507,.F.);
#6294=ORIENTED_EDGE('',*,*,#4500,.F.);
#6295=ORIENTED_EDGE('',*,*,#4507,.T.);
#6296=ORIENTED_EDGE('',*,*,#4485,.F.);
#6297=ORIENTED_EDGE('',*,*,#4504,.F.);
#6298=ORIENTED_EDGE('',*,*,#4475,.F.);
#6299=ORIENTED_EDGE('',*,*,#4499,.T.);
#6300=ORIENTED_EDGE('',*,*,#4489,.F.);
#6301=ORIENTED_EDGE('',*,*,#4479,.F.);
#6302=ORIENTED_EDGE('',*,*,#4508,.T.);
#6303=ORIENTED_EDGE('',*,*,#4509,.T.);
#6304=ORIENTED_EDGE('',*,*,#4510,.T.);
#6305=ORIENTED_EDGE('',*,*,#4511,.T.);
#6306=ORIENTED_EDGE('',*,*,#4509,.F.);
#6307=ORIENTED_EDGE('',*,*,#4512,.F.);
#6308=ORIENTED_EDGE('',*,*,#4513,.F.);
#6309=ORIENTED_EDGE('',*,*,#4514,.T.);
#6310=ORIENTED_EDGE('',*,*,#4508,.F.);
#6311=ORIENTED_EDGE('',*,*,#4515,.T.);
#6312=ORIENTED_EDGE('',*,*,#4516,.F.);
#6313=ORIENTED_EDGE('',*,*,#4517,.T.);
#6314=ORIENTED_EDGE('',*,*,#4518,.F.);
#6315=ORIENTED_EDGE('',*,*,#4519,.F.);
#6316=ORIENTED_EDGE('',*,*,#4520,.F.);
#6317=ORIENTED_EDGE('',*,*,#4512,.T.);
#6318=ORIENTED_EDGE('',*,*,#4521,.T.);
#6319=ORIENTED_EDGE('',*,*,#4522,.T.);
#6320=ORIENTED_EDGE('',*,*,#4523,.T.);
#6321=ORIENTED_EDGE('',*,*,#4524,.T.);
#6322=ORIENTED_EDGE('',*,*,#4525,.T.);
#6323=ORIENTED_EDGE('',*,*,#4526,.T.);
#6324=ORIENTED_EDGE('',*,*,#4516,.T.);
#6325=ORIENTED_EDGE('',*,*,#4527,.T.);
#6326=ORIENTED_EDGE('',*,*,#4526,.F.);
#6327=ORIENTED_EDGE('',*,*,#4528,.T.);
#6328=ORIENTED_EDGE('',*,*,#4529,.F.);
#6329=ORIENTED_EDGE('',*,*,#4517,.F.);
#6330=ORIENTED_EDGE('',*,*,#4530,.T.);
#6331=ORIENTED_EDGE('',*,*,#4531,.T.);
#6332=ORIENTED_EDGE('',*,*,#4518,.T.);
#6333=ORIENTED_EDGE('',*,*,#4529,.T.);
#6334=ORIENTED_EDGE('',*,*,#4520,.T.);
#6335=ORIENTED_EDGE('',*,*,#4532,.T.);
#6336=ORIENTED_EDGE('',*,*,#4533,.T.);
#6337=ORIENTED_EDGE('',*,*,#4513,.T.);
#6338=ORIENTED_EDGE('',*,*,#4510,.F.);
#6339=ORIENTED_EDGE('',*,*,#4514,.F.);
#6340=ORIENTED_EDGE('',*,*,#4533,.F.);
#6341=ORIENTED_EDGE('',*,*,#4534,.F.);
#6342=ORIENTED_EDGE('',*,*,#4530,.F.);
#6343=ORIENTED_EDGE('',*,*,#4528,.F.);
#6344=ORIENTED_EDGE('',*,*,#4525,.F.);
#6345=ORIENTED_EDGE('',*,*,#4535,.T.);
#6346=ORIENTED_EDGE('',*,*,#4536,.T.);
#6347=ORIENTED_EDGE('',*,*,#4537,.T.);
#6348=ORIENTED_EDGE('',*,*,#4538,.T.);
#6349=ORIENTED_EDGE('',*,*,#4539,.T.);
#6350=ORIENTED_EDGE('',*,*,#4511,.F.);
#6351=ORIENTED_EDGE('',*,*,#4535,.F.);
#6352=ORIENTED_EDGE('',*,*,#4527,.F.);
#6353=ORIENTED_EDGE('',*,*,#4515,.F.);
#6354=ORIENTED_EDGE('',*,*,#4536,.F.);
#6355=ORIENTED_EDGE('',*,*,#4540,.T.);
#6356=ORIENTED_EDGE('',*,*,#4521,.F.);
#6357=ORIENTED_EDGE('',*,*,#4541,.F.);
#6358=ORIENTED_EDGE('',*,*,#4539,.F.);
#6359=ORIENTED_EDGE('',*,*,#4542,.T.);
#6360=ORIENTED_EDGE('',*,*,#4522,.F.);
#6361=ORIENTED_EDGE('',*,*,#4540,.F.);
#6362=ORIENTED_EDGE('',*,*,#4538,.F.);
#6363=ORIENTED_EDGE('',*,*,#4543,.T.);
#6364=ORIENTED_EDGE('',*,*,#4523,.F.);
#6365=ORIENTED_EDGE('',*,*,#4542,.F.);
#6366=ORIENTED_EDGE('',*,*,#4537,.F.);
#6367=ORIENTED_EDGE('',*,*,#4541,.T.);
#6368=ORIENTED_EDGE('',*,*,#4524,.F.);
#6369=ORIENTED_EDGE('',*,*,#4543,.F.);
#6370=ORIENTED_EDGE('',*,*,#4531,.F.);
#6371=ORIENTED_EDGE('',*,*,#4534,.T.);
#6372=ORIENTED_EDGE('',*,*,#4532,.F.);
#6373=ORIENTED_EDGE('',*,*,#4519,.T.);
#6374=ORIENTED_EDGE('',*,*,#4544,.T.);
#6375=ORIENTED_EDGE('',*,*,#4545,.T.);
#6376=ORIENTED_EDGE('',*,*,#4546,.T.);
#6377=ORIENTED_EDGE('',*,*,#4547,.T.);
#6378=ORIENTED_EDGE('',*,*,#4545,.F.);
#6379=ORIENTED_EDGE('',*,*,#4548,.T.);
#6380=ORIENTED_EDGE('',*,*,#4549,.F.);
#6381=ORIENTED_EDGE('',*,*,#4550,.T.);
#6382=ORIENTED_EDGE('',*,*,#4544,.F.);
#6383=ORIENTED_EDGE('',*,*,#4551,.T.);
#6384=ORIENTED_EDGE('',*,*,#4552,.F.);
#6385=ORIENTED_EDGE('',*,*,#4553,.T.);
#6386=ORIENTED_EDGE('',*,*,#4554,.F.);
#6387=ORIENTED_EDGE('',*,*,#4555,.T.);
#6388=ORIENTED_EDGE('',*,*,#4556,.F.);
#6389=ORIENTED_EDGE('',*,*,#4548,.F.);
#6390=ORIENTED_EDGE('',*,*,#4557,.T.);
#6391=ORIENTED_EDGE('',*,*,#4558,.T.);
#6392=ORIENTED_EDGE('',*,*,#4559,.T.);
#6393=ORIENTED_EDGE('',*,*,#4560,.T.);
#6394=ORIENTED_EDGE('',*,*,#4561,.T.);
#6395=ORIENTED_EDGE('',*,*,#4549,.T.);
#6396=ORIENTED_EDGE('',*,*,#4556,.T.);
#6397=ORIENTED_EDGE('',*,*,#4562,.T.);
#6398=ORIENTED_EDGE('',*,*,#4562,.F.);
#6399=ORIENTED_EDGE('',*,*,#4555,.F.);
#6400=ORIENTED_EDGE('',*,*,#4563,.F.);
#6401=ORIENTED_EDGE('',*,*,#4564,.F.);
#6402=ORIENTED_EDGE('',*,*,#4565,.T.);
#6403=ORIENTED_EDGE('',*,*,#4563,.T.);
#6404=ORIENTED_EDGE('',*,*,#4554,.T.);
#6405=ORIENTED_EDGE('',*,*,#4566,.T.);
#6406=ORIENTED_EDGE('',*,*,#4566,.F.);
#6407=ORIENTED_EDGE('',*,*,#4553,.F.);
#6408=ORIENTED_EDGE('',*,*,#4567,.F.);
#6409=ORIENTED_EDGE('',*,*,#4568,.F.);
#6410=ORIENTED_EDGE('',*,*,#4552,.T.);
#6411=ORIENTED_EDGE('',*,*,#4569,.T.);
#6412=ORIENTED_EDGE('',*,*,#4570,.T.);
#6413=ORIENTED_EDGE('',*,*,#4567,.T.);
#6414=ORIENTED_EDGE('',*,*,#4547,.F.);
#6415=ORIENTED_EDGE('',*,*,#4571,.F.);
#6416=ORIENTED_EDGE('',*,*,#4569,.F.);
#6417=ORIENTED_EDGE('',*,*,#4551,.F.);
#6418=ORIENTED_EDGE('',*,*,#4558,.F.);
#6419=ORIENTED_EDGE('',*,*,#4572,.T.);
#6420=ORIENTED_EDGE('',*,*,#4573,.F.);
#6421=ORIENTED_EDGE('',*,*,#4574,.F.);
#6422=ORIENTED_EDGE('',*,*,#4559,.F.);
#6423=ORIENTED_EDGE('',*,*,#4574,.T.);
#6424=ORIENTED_EDGE('',*,*,#4575,.F.);
#6425=ORIENTED_EDGE('',*,*,#4576,.F.);
#6426=ORIENTED_EDGE('',*,*,#4560,.F.);
#6427=ORIENTED_EDGE('',*,*,#4576,.T.);
#6428=ORIENTED_EDGE('',*,*,#4577,.F.);
#6429=ORIENTED_EDGE('',*,*,#4578,.F.);
#6430=ORIENTED_EDGE('',*,*,#4557,.F.);
#6431=ORIENTED_EDGE('',*,*,#4578,.T.);
#6432=ORIENTED_EDGE('',*,*,#4579,.F.);
#6433=ORIENTED_EDGE('',*,*,#4572,.F.);
#6434=ORIENTED_EDGE('',*,*,#4546,.F.);
#6435=ORIENTED_EDGE('',*,*,#4550,.F.);
#6436=ORIENTED_EDGE('',*,*,#4561,.F.);
#6437=ORIENTED_EDGE('',*,*,#4564,.T.);
#6438=ORIENTED_EDGE('',*,*,#4565,.F.);
#6439=ORIENTED_EDGE('',*,*,#4568,.T.);
#6440=ORIENTED_EDGE('',*,*,#4570,.F.);
#6441=ORIENTED_EDGE('',*,*,#4571,.T.);
#6442=ORIENTED_EDGE('',*,*,#4579,.T.);
#6443=ORIENTED_EDGE('',*,*,#4577,.T.);
#6444=ORIENTED_EDGE('',*,*,#4575,.T.);
#6445=ORIENTED_EDGE('',*,*,#4573,.T.);
#6446=ORIENTED_EDGE('',*,*,#4580,.T.);
#6447=ORIENTED_EDGE('',*,*,#4581,.T.);
#6448=ORIENTED_EDGE('',*,*,#4582,.T.);
#6449=ORIENTED_EDGE('',*,*,#4583,.T.);
#6450=ORIENTED_EDGE('',*,*,#4583,.F.);
#6451=ORIENTED_EDGE('',*,*,#4584,.F.);
#6452=ORIENTED_EDGE('',*,*,#4585,.F.);
#6453=ORIENTED_EDGE('',*,*,#4586,.F.);
#6454=ORIENTED_EDGE('',*,*,#4582,.F.);
#6455=ORIENTED_EDGE('',*,*,#4587,.F.);
#6456=ORIENTED_EDGE('',*,*,#4588,.F.);
#6457=ORIENTED_EDGE('',*,*,#4589,.T.);
#6458=ORIENTED_EDGE('',*,*,#4590,.F.);
#6459=ORIENTED_EDGE('',*,*,#4591,.T.);
#6460=ORIENTED_EDGE('',*,*,#4592,.F.);
#6461=ORIENTED_EDGE('',*,*,#4584,.T.);
#6462=ORIENTED_EDGE('',*,*,#4593,.T.);
#6463=ORIENTED_EDGE('',*,*,#4594,.T.);
#6464=ORIENTED_EDGE('',*,*,#4595,.T.);
#6465=ORIENTED_EDGE('',*,*,#4596,.T.);
#6466=ORIENTED_EDGE('',*,*,#4588,.T.);
#6467=ORIENTED_EDGE('',*,*,#4597,.T.);
#6468=ORIENTED_EDGE('',*,*,#4598,.T.);
#6469=ORIENTED_EDGE('',*,*,#4599,.T.);
#6470=ORIENTED_EDGE('',*,*,#4599,.F.);
#6471=ORIENTED_EDGE('',*,*,#4600,.F.);
#6472=ORIENTED_EDGE('',*,*,#4601,.F.);
#6473=ORIENTED_EDGE('',*,*,#4589,.F.);
#6474=ORIENTED_EDGE('',*,*,#4580,.F.);
#6475=ORIENTED_EDGE('',*,*,#4586,.T.);
#6476=ORIENTED_EDGE('',*,*,#4602,.F.);
#6477=ORIENTED_EDGE('',*,*,#4603,.T.);
#6478=ORIENTED_EDGE('',*,*,#4604,.F.);
#6479=ORIENTED_EDGE('',*,*,#4600,.T.);
#6480=ORIENTED_EDGE('',*,*,#4598,.F.);
#6481=ORIENTED_EDGE('',*,*,#4605,.F.);
#6482=ORIENTED_EDGE('',*,*,#4606,.T.);
#6483=ORIENTED_EDGE('',*,*,#4607,.T.);
#6484=ORIENTED_EDGE('',*,*,#4608,.T.);
#6485=ORIENTED_EDGE('',*,*,#4609,.T.);
#6486=ORIENTED_EDGE('',*,*,#4590,.T.);
#6487=ORIENTED_EDGE('',*,*,#4601,.T.);
#6488=ORIENTED_EDGE('',*,*,#4604,.T.);
#6489=ORIENTED_EDGE('',*,*,#4610,.T.);
#6490=ORIENTED_EDGE('',*,*,#4610,.F.);
#6491=ORIENTED_EDGE('',*,*,#4603,.F.);
#6492=ORIENTED_EDGE('',*,*,#4611,.F.);
#6493=ORIENTED_EDGE('',*,*,#4591,.F.);
#6494=ORIENTED_EDGE('',*,*,#4602,.T.);
#6495=ORIENTED_EDGE('',*,*,#4585,.T.);
#6496=ORIENTED_EDGE('',*,*,#4592,.T.);
#6497=ORIENTED_EDGE('',*,*,#4611,.T.);
#6498=ORIENTED_EDGE('',*,*,#4607,.F.);
#6499=ORIENTED_EDGE('',*,*,#4612,.T.);
#6500=ORIENTED_EDGE('',*,*,#4596,.F.);
#6501=ORIENTED_EDGE('',*,*,#4613,.F.);
#6502=ORIENTED_EDGE('',*,*,#4608,.F.);
#6503=ORIENTED_EDGE('',*,*,#4613,.T.);
#6504=ORIENTED_EDGE('',*,*,#4595,.F.);
#6505=ORIENTED_EDGE('',*,*,#4614,.F.);
#6506=ORIENTED_EDGE('',*,*,#4609,.F.);
#6507=ORIENTED_EDGE('',*,*,#4614,.T.);
#6508=ORIENTED_EDGE('',*,*,#4594,.F.);
#6509=ORIENTED_EDGE('',*,*,#4615,.F.);
#6510=ORIENTED_EDGE('',*,*,#4606,.F.);
#6511=ORIENTED_EDGE('',*,*,#4615,.T.);
#6512=ORIENTED_EDGE('',*,*,#4593,.F.);
#6513=ORIENTED_EDGE('',*,*,#4612,.F.);
#6514=ORIENTED_EDGE('',*,*,#4581,.F.);
#6515=ORIENTED_EDGE('',*,*,#4605,.T.);
#6516=ORIENTED_EDGE('',*,*,#4597,.F.);
#6517=ORIENTED_EDGE('',*,*,#4587,.T.);
#6518=ORIENTED_EDGE('',*,*,#4616,.T.);
#6519=ORIENTED_EDGE('',*,*,#4617,.T.);
#6520=ORIENTED_EDGE('',*,*,#4618,.T.);
#6521=ORIENTED_EDGE('',*,*,#4619,.T.);
#6522=ORIENTED_EDGE('',*,*,#4619,.F.);
#6523=ORIENTED_EDGE('',*,*,#4620,.F.);
#6524=ORIENTED_EDGE('',*,*,#4621,.F.);
#6525=ORIENTED_EDGE('',*,*,#4622,.F.);
#6526=ORIENTED_EDGE('',*,*,#4618,.F.);
#6527=ORIENTED_EDGE('',*,*,#4623,.F.);
#6528=ORIENTED_EDGE('',*,*,#4624,.F.);
#6529=ORIENTED_EDGE('',*,*,#4625,.T.);
#6530=ORIENTED_EDGE('',*,*,#4626,.F.);
#6531=ORIENTED_EDGE('',*,*,#4627,.T.);
#6532=ORIENTED_EDGE('',*,*,#4628,.F.);
#6533=ORIENTED_EDGE('',*,*,#4620,.T.);
#6534=ORIENTED_EDGE('',*,*,#4629,.T.);
#6535=ORIENTED_EDGE('',*,*,#4630,.T.);
#6536=ORIENTED_EDGE('',*,*,#4631,.T.);
#6537=ORIENTED_EDGE('',*,*,#4632,.T.);
#6538=ORIENTED_EDGE('',*,*,#4624,.T.);
#6539=ORIENTED_EDGE('',*,*,#4633,.T.);
#6540=ORIENTED_EDGE('',*,*,#4634,.T.);
#6541=ORIENTED_EDGE('',*,*,#4635,.T.);
#6542=ORIENTED_EDGE('',*,*,#4635,.F.);
#6543=ORIENTED_EDGE('',*,*,#4636,.F.);
#6544=ORIENTED_EDGE('',*,*,#4637,.F.);
#6545=ORIENTED_EDGE('',*,*,#4625,.F.);
#6546=ORIENTED_EDGE('',*,*,#4616,.F.);
#6547=ORIENTED_EDGE('',*,*,#4622,.T.);
#6548=ORIENTED_EDGE('',*,*,#4638,.F.);
#6549=ORIENTED_EDGE('',*,*,#4639,.T.);
#6550=ORIENTED_EDGE('',*,*,#4640,.F.);
#6551=ORIENTED_EDGE('',*,*,#4636,.T.);
#6552=ORIENTED_EDGE('',*,*,#4634,.F.);
#6553=ORIENTED_EDGE('',*,*,#4641,.F.);
#6554=ORIENTED_EDGE('',*,*,#4642,.T.);
#6555=ORIENTED_EDGE('',*,*,#4643,.T.);
#6556=ORIENTED_EDGE('',*,*,#4644,.T.);
#6557=ORIENTED_EDGE('',*,*,#4645,.T.);
#6558=ORIENTED_EDGE('',*,*,#4626,.T.);
#6559=ORIENTED_EDGE('',*,*,#4637,.T.);
#6560=ORIENTED_EDGE('',*,*,#4640,.T.);
#6561=ORIENTED_EDGE('',*,*,#4646,.T.);
#6562=ORIENTED_EDGE('',*,*,#4646,.F.);
#6563=ORIENTED_EDGE('',*,*,#4639,.F.);
#6564=ORIENTED_EDGE('',*,*,#4647,.F.);
#6565=ORIENTED_EDGE('',*,*,#4627,.F.);
#6566=ORIENTED_EDGE('',*,*,#4638,.T.);
#6567=ORIENTED_EDGE('',*,*,#4621,.T.);
#6568=ORIENTED_EDGE('',*,*,#4628,.T.);
#6569=ORIENTED_EDGE('',*,*,#4647,.T.);
#6570=ORIENTED_EDGE('',*,*,#4642,.F.);
#6571=ORIENTED_EDGE('',*,*,#4648,.T.);
#6572=ORIENTED_EDGE('',*,*,#4629,.F.);
#6573=ORIENTED_EDGE('',*,*,#4649,.F.);
#6574=ORIENTED_EDGE('',*,*,#4645,.F.);
#6575=ORIENTED_EDGE('',*,*,#4650,.T.);
#6576=ORIENTED_EDGE('',*,*,#4630,.F.);
#6577=ORIENTED_EDGE('',*,*,#4648,.F.);
#6578=ORIENTED_EDGE('',*,*,#4644,.F.);
#6579=ORIENTED_EDGE('',*,*,#4651,.T.);
#6580=ORIENTED_EDGE('',*,*,#4631,.F.);
#6581=ORIENTED_EDGE('',*,*,#4650,.F.);
#6582=ORIENTED_EDGE('',*,*,#4643,.F.);
#6583=ORIENTED_EDGE('',*,*,#4649,.T.);
#6584=ORIENTED_EDGE('',*,*,#4632,.F.);
#6585=ORIENTED_EDGE('',*,*,#4651,.F.);
#6586=ORIENTED_EDGE('',*,*,#4617,.F.);
#6587=ORIENTED_EDGE('',*,*,#4641,.T.);
#6588=ORIENTED_EDGE('',*,*,#4633,.F.);
#6589=ORIENTED_EDGE('',*,*,#4623,.T.);
#6590=ORIENTED_EDGE('',*,*,#4652,.T.);
#6591=ORIENTED_EDGE('',*,*,#4653,.T.);
#6592=ORIENTED_EDGE('',*,*,#4654,.T.);
#6593=ORIENTED_EDGE('',*,*,#4655,.T.);
#6594=ORIENTED_EDGE('',*,*,#4653,.F.);
#6595=ORIENTED_EDGE('',*,*,#4656,.T.);
#6596=ORIENTED_EDGE('',*,*,#4657,.F.);
#6597=ORIENTED_EDGE('',*,*,#4658,.T.);
#6598=ORIENTED_EDGE('',*,*,#4652,.F.);
#6599=ORIENTED_EDGE('',*,*,#4659,.T.);
#6600=ORIENTED_EDGE('',*,*,#4660,.F.);
#6601=ORIENTED_EDGE('',*,*,#4661,.T.);
#6602=ORIENTED_EDGE('',*,*,#4662,.F.);
#6603=ORIENTED_EDGE('',*,*,#4663,.T.);
#6604=ORIENTED_EDGE('',*,*,#4664,.F.);
#6605=ORIENTED_EDGE('',*,*,#4656,.F.);
#6606=ORIENTED_EDGE('',*,*,#4665,.T.);
#6607=ORIENTED_EDGE('',*,*,#4666,.T.);
#6608=ORIENTED_EDGE('',*,*,#4667,.T.);
#6609=ORIENTED_EDGE('',*,*,#4668,.T.);
#6610=ORIENTED_EDGE('',*,*,#4660,.T.);
#6611=ORIENTED_EDGE('',*,*,#4669,.T.);
#6612=ORIENTED_EDGE('',*,*,#4670,.T.);
#6613=ORIENTED_EDGE('',*,*,#4671,.T.);
#6614=ORIENTED_EDGE('',*,*,#4671,.F.);
#6615=ORIENTED_EDGE('',*,*,#4672,.F.);
#6616=ORIENTED_EDGE('',*,*,#4673,.F.);
#6617=ORIENTED_EDGE('',*,*,#4661,.F.);
#6618=ORIENTED_EDGE('',*,*,#4654,.F.);
#6619=ORIENTED_EDGE('',*,*,#4658,.F.);
#6620=ORIENTED_EDGE('',*,*,#4674,.F.);
#6621=ORIENTED_EDGE('',*,*,#4675,.T.);
#6622=ORIENTED_EDGE('',*,*,#4676,.F.);
#6623=ORIENTED_EDGE('',*,*,#4672,.T.);
#6624=ORIENTED_EDGE('',*,*,#4670,.F.);
#6625=ORIENTED_EDGE('',*,*,#4677,.T.);
#6626=ORIENTED_EDGE('',*,*,#4678,.T.);
#6627=ORIENTED_EDGE('',*,*,#4679,.T.);
#6628=ORIENTED_EDGE('',*,*,#4680,.T.);
#6629=ORIENTED_EDGE('',*,*,#4681,.T.);
#6630=ORIENTED_EDGE('',*,*,#4676,.T.);
#6631=ORIENTED_EDGE('',*,*,#4682,.T.);
#6632=ORIENTED_EDGE('',*,*,#4662,.T.);
#6633=ORIENTED_EDGE('',*,*,#4673,.T.);
#6634=ORIENTED_EDGE('',*,*,#4682,.F.);
#6635=ORIENTED_EDGE('',*,*,#4675,.F.);
#6636=ORIENTED_EDGE('',*,*,#4683,.F.);
#6637=ORIENTED_EDGE('',*,*,#4663,.F.);
#6638=ORIENTED_EDGE('',*,*,#4674,.T.);
#6639=ORIENTED_EDGE('',*,*,#4657,.T.);
#6640=ORIENTED_EDGE('',*,*,#4664,.T.);
#6641=ORIENTED_EDGE('',*,*,#4683,.T.);
#6642=ORIENTED_EDGE('',*,*,#4655,.F.);
#6643=ORIENTED_EDGE('',*,*,#4677,.F.);
#6644=ORIENTED_EDGE('',*,*,#4669,.F.);
#6645=ORIENTED_EDGE('',*,*,#4659,.F.);
#6646=ORIENTED_EDGE('',*,*,#4679,.F.);
#6647=ORIENTED_EDGE('',*,*,#4684,.T.);
#6648=ORIENTED_EDGE('',*,*,#4668,.F.);
#6649=ORIENTED_EDGE('',*,*,#4685,.F.);
#6650=ORIENTED_EDGE('',*,*,#4680,.F.);
#6651=ORIENTED_EDGE('',*,*,#4685,.T.);
#6652=ORIENTED_EDGE('',*,*,#4667,.F.);
#6653=ORIENTED_EDGE('',*,*,#4686,.F.);
#6654=ORIENTED_EDGE('',*,*,#4681,.F.);
#6655=ORIENTED_EDGE('',*,*,#4686,.T.);
#6656=ORIENTED_EDGE('',*,*,#4666,.F.);
#6657=ORIENTED_EDGE('',*,*,#4687,.F.);
#6658=ORIENTED_EDGE('',*,*,#4678,.F.);
#6659=ORIENTED_EDGE('',*,*,#4687,.T.);
#6660=ORIENTED_EDGE('',*,*,#4665,.F.);
#6661=ORIENTED_EDGE('',*,*,#4684,.F.);
#6662=ORIENTED_EDGE('',*,*,#4688,.T.);
#6663=ORIENTED_EDGE('',*,*,#4689,.T.);
#6664=ORIENTED_EDGE('',*,*,#4690,.T.);
#6665=ORIENTED_EDGE('',*,*,#4691,.T.);
#6666=ORIENTED_EDGE('',*,*,#4690,.F.);
#6667=ORIENTED_EDGE('',*,*,#4692,.F.);
#6668=ORIENTED_EDGE('',*,*,#4693,.F.);
#6669=ORIENTED_EDGE('',*,*,#4694,.T.);
#6670=ORIENTED_EDGE('',*,*,#4695,.F.);
#6671=ORIENTED_EDGE('',*,*,#4696,.T.);
#6672=ORIENTED_EDGE('',*,*,#4697,.F.);
#6673=ORIENTED_EDGE('',*,*,#4698,.T.);
#6674=ORIENTED_EDGE('',*,*,#4699,.T.);
#6675=ORIENTED_EDGE('',*,*,#4700,.T.);
#6676=ORIENTED_EDGE('',*,*,#4701,.T.);
#6677=ORIENTED_EDGE('',*,*,#4702,.T.);
#6678=ORIENTED_EDGE('',*,*,#4689,.F.);
#6679=ORIENTED_EDGE('',*,*,#4703,.T.);
#6680=ORIENTED_EDGE('',*,*,#4704,.F.);
#6681=ORIENTED_EDGE('',*,*,#4692,.T.);
#6682=ORIENTED_EDGE('',*,*,#4693,.T.);
#6683=ORIENTED_EDGE('',*,*,#4704,.T.);
#6684=ORIENTED_EDGE('',*,*,#4705,.T.);
#6685=ORIENTED_EDGE('',*,*,#4706,.T.);
#6686=ORIENTED_EDGE('',*,*,#4695,.T.);
#6687=ORIENTED_EDGE('',*,*,#4707,.T.);
#6688=ORIENTED_EDGE('',*,*,#4708,.T.);
#6689=ORIENTED_EDGE('',*,*,#4709,.T.);
#6690=ORIENTED_EDGE('',*,*,#4709,.F.);
#6691=ORIENTED_EDGE('',*,*,#4710,.F.);
#6692=ORIENTED_EDGE('',*,*,#4711,.F.);
#6693=ORIENTED_EDGE('',*,*,#4696,.F.);
#6694=ORIENTED_EDGE('',*,*,#4688,.F.);
#6695=ORIENTED_EDGE('',*,*,#4712,.T.);
#6696=ORIENTED_EDGE('',*,*,#4713,.F.);
#6697=ORIENTED_EDGE('',*,*,#4710,.T.);
#6698=ORIENTED_EDGE('',*,*,#4708,.F.);
#6699=ORIENTED_EDGE('',*,*,#4714,.T.);
#6700=ORIENTED_EDGE('',*,*,#4705,.F.);
#6701=ORIENTED_EDGE('',*,*,#4703,.F.);
#6702=ORIENTED_EDGE('',*,*,#4715,.T.);
#6703=ORIENTED_EDGE('',*,*,#4716,.T.);
#6704=ORIENTED_EDGE('',*,*,#4717,.T.);
#6705=ORIENTED_EDGE('',*,*,#4718,.T.);
#6706=ORIENTED_EDGE('',*,*,#4713,.T.);
#6707=ORIENTED_EDGE('',*,*,#4719,.T.);
#6708=ORIENTED_EDGE('',*,*,#4697,.T.);
#6709=ORIENTED_EDGE('',*,*,#4711,.T.);
#6710=ORIENTED_EDGE('',*,*,#4691,.F.);
#6711=ORIENTED_EDGE('',*,*,#4698,.F.);
#6712=ORIENTED_EDGE('',*,*,#4719,.F.);
#6713=ORIENTED_EDGE('',*,*,#4712,.F.);
#6714=ORIENTED_EDGE('',*,*,#4715,.F.);
#6715=ORIENTED_EDGE('',*,*,#4720,.T.);
#6716=ORIENTED_EDGE('',*,*,#4699,.F.);
#6717=ORIENTED_EDGE('',*,*,#4721,.F.);
#6718=ORIENTED_EDGE('',*,*,#4718,.F.);
#6719=ORIENTED_EDGE('',*,*,#4722,.T.);
#6720=ORIENTED_EDGE('',*,*,#4700,.F.);
#6721=ORIENTED_EDGE('',*,*,#4720,.F.);
#6722=ORIENTED_EDGE('',*,*,#4717,.F.);
#6723=ORIENTED_EDGE('',*,*,#4723,.T.);
#6724=ORIENTED_EDGE('',*,*,#4701,.F.);
#6725=ORIENTED_EDGE('',*,*,#4722,.F.);
#6726=ORIENTED_EDGE('',*,*,#4716,.F.);
#6727=ORIENTED_EDGE('',*,*,#4721,.T.);
#6728=ORIENTED_EDGE('',*,*,#4702,.F.);
#6729=ORIENTED_EDGE('',*,*,#4723,.F.);
#6730=ORIENTED_EDGE('',*,*,#4706,.F.);
#6731=ORIENTED_EDGE('',*,*,#4714,.F.);
#6732=ORIENTED_EDGE('',*,*,#4707,.F.);
#6733=ORIENTED_EDGE('',*,*,#4694,.F.);
#6734=ORIENTED_EDGE('',*,*,#4724,.T.);
#6735=ORIENTED_EDGE('',*,*,#4725,.T.);
#6736=ORIENTED_EDGE('',*,*,#4726,.T.);
#6737=ORIENTED_EDGE('',*,*,#4727,.T.);
#6738=ORIENTED_EDGE('',*,*,#4727,.F.);
#6739=ORIENTED_EDGE('',*,*,#4728,.F.);
#6740=ORIENTED_EDGE('',*,*,#4729,.F.);
#6741=ORIENTED_EDGE('',*,*,#4730,.F.);
#6742=ORIENTED_EDGE('',*,*,#4726,.F.);
#6743=ORIENTED_EDGE('',*,*,#4731,.T.);
#6744=ORIENTED_EDGE('',*,*,#4732,.F.);
#6745=ORIENTED_EDGE('',*,*,#4733,.T.);
#6746=ORIENTED_EDGE('',*,*,#4734,.F.);
#6747=ORIENTED_EDGE('',*,*,#4735,.T.);
#6748=ORIENTED_EDGE('',*,*,#4736,.F.);
#6749=ORIENTED_EDGE('',*,*,#4728,.T.);
#6750=ORIENTED_EDGE('',*,*,#4737,.T.);
#6751=ORIENTED_EDGE('',*,*,#4738,.T.);
#6752=ORIENTED_EDGE('',*,*,#4739,.T.);
#6753=ORIENTED_EDGE('',*,*,#4740,.T.);
#6754=ORIENTED_EDGE('',*,*,#4734,.T.);
#6755=ORIENTED_EDGE('',*,*,#4741,.T.);
#6756=ORIENTED_EDGE('',*,*,#4742,.T.);
#6757=ORIENTED_EDGE('',*,*,#4743,.T.);
#6758=ORIENTED_EDGE('',*,*,#4724,.F.);
#6759=ORIENTED_EDGE('',*,*,#4730,.T.);
#6760=ORIENTED_EDGE('',*,*,#4744,.F.);
#6761=ORIENTED_EDGE('',*,*,#4745,.T.);
#6762=ORIENTED_EDGE('',*,*,#4742,.F.);
#6763=ORIENTED_EDGE('',*,*,#4746,.T.);
#6764=ORIENTED_EDGE('',*,*,#4747,.F.);
#6765=ORIENTED_EDGE('',*,*,#4748,.T.);
#6766=ORIENTED_EDGE('',*,*,#4749,.T.);
#6767=ORIENTED_EDGE('',*,*,#4750,.T.);
#6768=ORIENTED_EDGE('',*,*,#4751,.T.);
#6769=ORIENTED_EDGE('',*,*,#4752,.T.);
#6770=ORIENTED_EDGE('',*,*,#4741,.F.);
#6771=ORIENTED_EDGE('',*,*,#4733,.F.);
#6772=ORIENTED_EDGE('',*,*,#4753,.F.);
#6773=ORIENTED_EDGE('',*,*,#4746,.F.);
#6774=ORIENTED_EDGE('',*,*,#4747,.T.);
#6775=ORIENTED_EDGE('',*,*,#4753,.T.);
#6776=ORIENTED_EDGE('',*,*,#4732,.T.);
#6777=ORIENTED_EDGE('',*,*,#4754,.T.);
#6778=ORIENTED_EDGE('',*,*,#4744,.T.);
#6779=ORIENTED_EDGE('',*,*,#4729,.T.);
#6780=ORIENTED_EDGE('',*,*,#4736,.T.);
#6781=ORIENTED_EDGE('',*,*,#4755,.T.);
#6782=ORIENTED_EDGE('',*,*,#4743,.F.);
#6783=ORIENTED_EDGE('',*,*,#4745,.F.);
#6784=ORIENTED_EDGE('',*,*,#4755,.F.);
#6785=ORIENTED_EDGE('',*,*,#4735,.F.);
#6786=ORIENTED_EDGE('',*,*,#4738,.F.);
#6787=ORIENTED_EDGE('',*,*,#4756,.T.);
#6788=ORIENTED_EDGE('',*,*,#4752,.F.);
#6789=ORIENTED_EDGE('',*,*,#4757,.F.);
#6790=ORIENTED_EDGE('',*,*,#4739,.F.);
#6791=ORIENTED_EDGE('',*,*,#4757,.T.);
#6792=ORIENTED_EDGE('',*,*,#4751,.F.);
#6793=ORIENTED_EDGE('',*,*,#4758,.F.);
#6794=ORIENTED_EDGE('',*,*,#4740,.F.);
#6795=ORIENTED_EDGE('',*,*,#4758,.T.);
#6796=ORIENTED_EDGE('',*,*,#4750,.F.);
#6797=ORIENTED_EDGE('',*,*,#4759,.F.);
#6798=ORIENTED_EDGE('',*,*,#4737,.F.);
#6799=ORIENTED_EDGE('',*,*,#4759,.T.);
#6800=ORIENTED_EDGE('',*,*,#4749,.F.);
#6801=ORIENTED_EDGE('',*,*,#4756,.F.);
#6802=ORIENTED_EDGE('',*,*,#4725,.F.);
#6803=ORIENTED_EDGE('',*,*,#4748,.F.);
#6804=ORIENTED_EDGE('',*,*,#4754,.F.);
#6805=ORIENTED_EDGE('',*,*,#4731,.F.);
#6806=ORIENTED_EDGE('',*,*,#4760,.T.);
#6807=ORIENTED_EDGE('',*,*,#4761,.T.);
#6808=ORIENTED_EDGE('',*,*,#4762,.T.);
#6809=ORIENTED_EDGE('',*,*,#4763,.T.);
#6810=ORIENTED_EDGE('',*,*,#4763,.F.);
#6811=ORIENTED_EDGE('',*,*,#4764,.F.);
#6812=ORIENTED_EDGE('',*,*,#4765,.F.);
#6813=ORIENTED_EDGE('',*,*,#4766,.F.);
#6814=ORIENTED_EDGE('',*,*,#4762,.F.);
#6815=ORIENTED_EDGE('',*,*,#4767,.T.);
#6816=ORIENTED_EDGE('',*,*,#4768,.F.);
#6817=ORIENTED_EDGE('',*,*,#4769,.F.);
#6818=ORIENTED_EDGE('',*,*,#4770,.F.);
#6819=ORIENTED_EDGE('',*,*,#4771,.T.);
#6820=ORIENTED_EDGE('',*,*,#4772,.F.);
#6821=ORIENTED_EDGE('',*,*,#4764,.T.);
#6822=ORIENTED_EDGE('',*,*,#4773,.T.);
#6823=ORIENTED_EDGE('',*,*,#4774,.T.);
#6824=ORIENTED_EDGE('',*,*,#4775,.T.);
#6825=ORIENTED_EDGE('',*,*,#4776,.T.);
#6826=ORIENTED_EDGE('',*,*,#4770,.T.);
#6827=ORIENTED_EDGE('',*,*,#4777,.T.);
#6828=ORIENTED_EDGE('',*,*,#4778,.T.);
#6829=ORIENTED_EDGE('',*,*,#4779,.T.);
#6830=ORIENTED_EDGE('',*,*,#4779,.F.);
#6831=ORIENTED_EDGE('',*,*,#4780,.F.);
#6832=ORIENTED_EDGE('',*,*,#4781,.F.);
#6833=ORIENTED_EDGE('',*,*,#4771,.F.);
#6834=ORIENTED_EDGE('',*,*,#4772,.T.);
#6835=ORIENTED_EDGE('',*,*,#4781,.T.);
#6836=ORIENTED_EDGE('',*,*,#4782,.T.);
#6837=ORIENTED_EDGE('',*,*,#4765,.T.);
#6838=ORIENTED_EDGE('',*,*,#4783,.T.);
#6839=ORIENTED_EDGE('',*,*,#4784,.T.);
#6840=ORIENTED_EDGE('',*,*,#4768,.T.);
#6841=ORIENTED_EDGE('',*,*,#4785,.T.);
#6842=ORIENTED_EDGE('',*,*,#4761,.F.);
#6843=ORIENTED_EDGE('',*,*,#4786,.F.);
#6844=ORIENTED_EDGE('',*,*,#4785,.F.);
#6845=ORIENTED_EDGE('',*,*,#4767,.F.);
#6846=ORIENTED_EDGE('',*,*,#4760,.F.);
#6847=ORIENTED_EDGE('',*,*,#4766,.T.);
#6848=ORIENTED_EDGE('',*,*,#4782,.F.);
#6849=ORIENTED_EDGE('',*,*,#4780,.T.);
#6850=ORIENTED_EDGE('',*,*,#4778,.F.);
#6851=ORIENTED_EDGE('',*,*,#4787,.F.);
#6852=ORIENTED_EDGE('',*,*,#4783,.F.);
#6853=ORIENTED_EDGE('',*,*,#4786,.T.);
#6854=ORIENTED_EDGE('',*,*,#4788,.T.);
#6855=ORIENTED_EDGE('',*,*,#4789,.T.);
#6856=ORIENTED_EDGE('',*,*,#4790,.T.);
#6857=ORIENTED_EDGE('',*,*,#4791,.T.);
#6858=ORIENTED_EDGE('',*,*,#4788,.F.);
#6859=ORIENTED_EDGE('',*,*,#4792,.T.);
#6860=ORIENTED_EDGE('',*,*,#4773,.F.);
#6861=ORIENTED_EDGE('',*,*,#4793,.F.);
#6862=ORIENTED_EDGE('',*,*,#4791,.F.);
#6863=ORIENTED_EDGE('',*,*,#4794,.T.);
#6864=ORIENTED_EDGE('',*,*,#4774,.F.);
#6865=ORIENTED_EDGE('',*,*,#4792,.F.);
#6866=ORIENTED_EDGE('',*,*,#4790,.F.);
#6867=ORIENTED_EDGE('',*,*,#4795,.T.);
#6868=ORIENTED_EDGE('',*,*,#4775,.F.);
#6869=ORIENTED_EDGE('',*,*,#4794,.F.);
#6870=ORIENTED_EDGE('',*,*,#4789,.F.);
#6871=ORIENTED_EDGE('',*,*,#4793,.T.);
#6872=ORIENTED_EDGE('',*,*,#4776,.F.);
#6873=ORIENTED_EDGE('',*,*,#4795,.F.);
#6874=ORIENTED_EDGE('',*,*,#4777,.F.);
#6875=ORIENTED_EDGE('',*,*,#4769,.T.);
#6876=ORIENTED_EDGE('',*,*,#4784,.F.);
#6877=ORIENTED_EDGE('',*,*,#4787,.T.);
#6878=PLANE('',#7693);
#6879=PLANE('',#7694);
#6880=PLANE('',#7695);
#6881=PLANE('',#7696);
#6882=PLANE('',#7697);
#6883=PLANE('',#7698);
#6884=PLANE('',#7699);
#6885=PLANE('',#7700);
#6886=PLANE('',#7701);
#6887=PLANE('',#7702);
#6888=PLANE('',#7703);
#6889=PLANE('',#7704);
#6890=PLANE('',#7705);
#6891=PLANE('',#7706);
#6892=PLANE('',#7707);
#6893=PLANE('',#7708);
#6894=PLANE('',#7709);
#6895=PLANE('',#7710);
#6896=PLANE('',#7711);
#6897=PLANE('',#7712);
#6898=PLANE('',#7713);
#6899=PLANE('',#7714);
#6900=PLANE('',#7715);
#6901=PLANE('',#7716);
#6902=PLANE('',#7717);
#6903=PLANE('',#7718);
#6904=PLANE('',#7719);
#6905=PLANE('',#7720);
#6906=PLANE('',#7721);
#6907=PLANE('',#7722);
#6908=PLANE('',#7723);
#6909=PLANE('',#7724);
#6910=PLANE('',#7725);
#6911=PLANE('',#7726);
#6912=PLANE('',#7727);
#6913=PLANE('',#7728);
#6914=PLANE('',#7729);
#6915=PLANE('',#7730);
#6916=PLANE('',#7731);
#6917=PLANE('',#7732);
#6918=PLANE('',#7733);
#6919=PLANE('',#7734);
#6920=PLANE('',#7735);
#6921=PLANE('',#7736);
#6922=PLANE('',#7737);
#6923=PLANE('',#7738);
#6924=PLANE('',#7739);
#6925=PLANE('',#7740);
#6926=PLANE('',#7741);
#6927=PLANE('',#7742);
#6928=PLANE('',#7743);
#6929=PLANE('',#7744);
#6930=PLANE('',#7745);
#6931=PLANE('',#7746);
#6932=PLANE('',#7747);
#6933=PLANE('',#7748);
#6934=PLANE('',#7749);
#6935=PLANE('',#7750);
#6936=PLANE('',#7751);
#6937=PLANE('',#7752);
#6938=PLANE('',#7753);
#6939=PLANE('',#7754);
#6940=PLANE('',#7755);
#6941=PLANE('',#7756);
#6942=PLANE('',#7757);
#6943=PLANE('',#7758);
#6944=PLANE('',#7762);
#6945=PLANE('',#7763);
#6946=PLANE('',#7764);
#6947=PLANE('',#7765);
#6948=PLANE('',#7766);
#6949=PLANE('',#7767);
#6950=PLANE('',#7768);
#6951=PLANE('',#7769);
#6952=PLANE('',#7770);
#6953=PLANE('',#7771);
#6954=PLANE('',#7772);
#6955=PLANE('',#7773);
#6956=PLANE('',#7774);
#6957=PLANE('',#7775);
#6958=PLANE('',#7776);
#6959=PLANE('',#7777);
#6960=PLANE('',#7778);
#6961=PLANE('',#7779);
#6962=PLANE('',#7780);
#6963=PLANE('',#7781);
#6964=PLANE('',#7782);
#6965=PLANE('',#7783);
#6966=PLANE('',#7784);
#6967=PLANE('',#7785);
#6968=PLANE('',#7786);
#6969=PLANE('',#7787);
#6970=PLANE('',#7788);
#6971=PLANE('',#7789);
#6972=PLANE('',#7790);
#6973=PLANE('',#7791);
#6974=PLANE('',#7792);
#6975=PLANE('',#7793);
#6976=PLANE('',#7794);
#6977=PLANE('',#7795);
#6978=PLANE('',#7796);
#6979=PLANE('',#7797);
#6980=PLANE('',#7798);
#6981=PLANE('',#7799);
#6982=PLANE('',#7800);
#6983=PLANE('',#7801);
#6984=PLANE('',#7802);
#6985=PLANE('',#7803);
#6986=PLANE('',#7804);
#6987=PLANE('',#7805);
#6988=PLANE('',#7806);
#6989=PLANE('',#7807);
#6990=PLANE('',#7808);
#6991=PLANE('',#7809);
#6992=PLANE('',#7810);
#6993=PLANE('',#7811);
#6994=PLANE('',#7812);
#6995=PLANE('',#7813);
#6996=PLANE('',#7814);
#6997=PLANE('',#7815);
#6998=PLANE('',#7816);
#6999=PLANE('',#7817);
#7000=PLANE('',#7818);
#7001=PLANE('',#7819);
#7002=PLANE('',#7820);
#7003=PLANE('',#7821);
#7004=PLANE('',#7822);
#7005=PLANE('',#7823);
#7006=PLANE('',#7824);
#7007=PLANE('',#7825);
#7008=PLANE('',#7826);
#7009=PLANE('',#7827);
#7010=PLANE('',#7828);
#7011=PLANE('',#7829);
#7012=PLANE('',#7830);
#7013=PLANE('',#7831);
#7014=PLANE('',#7832);
#7015=PLANE('',#7833);
#7016=PLANE('',#7834);
#7017=PLANE('',#7835);
#7018=PLANE('',#7836);
#7019=PLANE('',#7837);
#7020=PLANE('',#7838);
#7021=PLANE('',#7839);
#7022=PLANE('',#7840);
#7023=PLANE('',#7841);
#7024=PLANE('',#7842);
#7025=PLANE('',#7843);
#7026=PLANE('',#7844);
#7027=PLANE('',#7845);
#7028=PLANE('',#7846);
#7029=PLANE('',#7847);
#7030=PLANE('',#7848);
#7031=PLANE('',#7849);
#7032=PLANE('',#7850);
#7033=PLANE('',#7851);
#7034=PLANE('',#7852);
#7035=PLANE('',#7853);
#7036=PLANE('',#7854);
#7037=PLANE('',#7855);
#7038=PLANE('',#7856);
#7039=PLANE('',#7857);
#7040=PLANE('',#7858);
#7041=PLANE('',#7859);
#7042=PLANE('',#7860);
#7043=PLANE('',#7861);
#7044=PLANE('',#7862);
#7045=PLANE('',#7866);
#7046=PLANE('',#7870);
#7047=PLANE('',#7875);
#7048=PLANE('',#7878);
#7049=PLANE('',#7879);
#7050=PLANE('',#7880);
#7051=PLANE('',#7881);
#7052=PLANE('',#7882);
#7053=PLANE('',#7883);
#7054=PLANE('',#7884);
#7055=PLANE('',#7888);
#7056=PLANE('',#7892);
#7057=PLANE('',#7897);
#7058=PLANE('',#7900);
#7059=PLANE('',#7901);
#7060=PLANE('',#7902);
#7061=PLANE('',#7903);
#7062=PLANE('',#7904);
#7063=PLANE('',#7905);
#7064=PLANE('',#7906);
#7065=PLANE('',#7910);
#7066=PLANE('',#7912);
#7067=PLANE('',#7915);
#7068=PLANE('',#7916);
#7069=PLANE('',#7917);
#7070=PLANE('',#7918);
#7071=PLANE('',#7922);
#7072=PLANE('',#7924);
#7073=PLANE('',#7927);
#7074=PLANE('',#7928);
#7075=PLANE('',#7929);
#7076=PLANE('',#7930);
#7077=PLANE('',#7934);
#7078=PLANE('',#7936);
#7079=PLANE('',#7940);
#7080=PLANE('',#7941);
#7081=PLANE('',#7944);
#7082=PLANE('',#7945);
#7083=PLANE('',#7946);
#7084=PLANE('',#7947);
#7085=PLANE('',#7951);
#7086=PLANE('',#7955);
#7087=PLANE('',#7960);
#7088=PLANE('',#7963);
#7089=PLANE('',#7964);
#7090=PLANE('',#7965);
#7091=PLANE('',#7966);
#7092=PLANE('',#7967);
#7093=PLANE('',#7968);
#7094=PLANE('',#7969);
#7095=PLANE('',#7973);
#7096=PLANE('',#7974);
#7097=PLANE('',#7980);
#7098=PLANE('',#7983);
#7099=PLANE('',#7986);
#7100=PLANE('',#7987);
#7101=PLANE('',#7988);
#7102=PLANE('',#7989);
#7103=PLANE('',#7990);
#7104=PLANE('',#7991);
#7105=PLANE('',#7995);
#7106=PLANE('',#7999);
#7107=PLANE('',#8004);
#7108=PLANE('',#8007);
#7109=PLANE('',#8008);
#7110=PLANE('',#8009);
#7111=PLANE('',#8010);
#7112=PLANE('',#8011);
#7113=PLANE('',#8012);
#7114=PLANE('',#8013);
#7115=PLANE('',#8017);
#7116=PLANE('',#8021);
#7117=PLANE('',#8026);
#7118=PLANE('',#8029);
#7119=PLANE('',#8030);
#7120=PLANE('',#8031);
#7121=PLANE('',#8032);
#7122=PLANE('',#8033);
#7123=PLANE('',#8034);
#7124=PLANE('',#8035);
#7125=PLANE('',#8039);
#7126=PLANE('',#8040);
#7127=PLANE('',#8046);
#7128=PLANE('',#8049);
#7129=PLANE('',#8052);
#7130=PLANE('',#8053);
#7131=PLANE('',#8054);
#7132=PLANE('',#8055);
#7133=PLANE('',#8056);
#7134=PLANE('',#8057);
#7135=PLANE('',#8061);
#7136=PLANE('',#8062);
#7137=PLANE('',#8068);
#7138=PLANE('',#8073);
#7139=PLANE('',#8074);
#7140=PLANE('',#8075);
#7141=PLANE('',#8076);
#7142=PLANE('',#8077);
#7143=PLANE('',#8078);
#7144=PLANE('',#8079);
#7145=PLANE('',#8083);
#7146=PLANE('',#8084);
#7147=PLANE('',#8090);
#7148=PLANE('',#8095);
#7149=PLANE('',#8096);
#7150=PLANE('',#8097);
#7151=PLANE('',#8098);
#7152=PLANE('',#8099);
#7153=PLANE('',#8100);
#7154=PLANE('',#8101);
#7155=PLANE('',#8105);
#7156=PLANE('',#8106);
#7157=PLANE('',#8112);
#7158=PLANE('',#8115);
#7159=PLANE('',#8118);
#7160=PLANE('',#8119);
#7161=PLANE('',#8120);
#7162=PLANE('',#8121);
#7163=PLANE('',#8122);
#7164=PLANE('',#8123);
#7165=PLANE('',#8127);
#7166=PLANE('',#8128);
#7167=PLANE('',#8134);
#7168=PLANE('',#8135);
#7169=PLANE('',#8139);
#7170=PLANE('',#8141);
#7171=PLANE('',#8142);
#7172=PLANE('',#8143);
#7173=PLANE('',#8144);
#7174=PLANE('',#8145);
#7175=PLANE('',#8149);
#7176=PLANE('',#8150);
#7177=PLANE('',#8156);
#7178=PLANE('',#8157);
#7179=PLANE('',#8161);
#7180=PLANE('',#8163);
#7181=PLANE('',#8164);
#7182=PLANE('',#8165);
#7183=PLANE('',#8166);
#7184=PLANE('',#8167);
#7185=PLANE('',#8171);
#7186=PLANE('',#8172);
#7187=PLANE('',#8178);
#7188=PLANE('',#8179);
#7189=PLANE('',#8183);
#7190=PLANE('',#8185);
#7191=PLANE('',#8186);
#7192=PLANE('',#8187);
#7193=PLANE('',#8188);
#7194=PLANE('',#8189);
#7195=PLANE('',#8193);
#7196=PLANE('',#8197);
#7197=PLANE('',#8202);
#7198=PLANE('',#8203);
#7199=PLANE('',#8206);
#7200=PLANE('',#8207);
#7201=PLANE('',#8208);
#7202=PLANE('',#8209);
#7203=PLANE('',#8210);
#7204=PLANE('',#8211);
#7205=PLANE('',#8215);
#7206=PLANE('',#8216);
#7207=PLANE('',#8222);
#7208=PLANE('',#8225);
#7209=PLANE('',#8228);
#7210=PLANE('',#8229);
#7211=PLANE('',#8230);
#7212=PLANE('',#8231);
#7213=PLANE('',#8232);
#7214=PLANE('',#8233);
#7215=PLANE('',#8237);
#7216=PLANE('',#8238);
#7217=PLANE('',#8244);
#7218=PLANE('',#8249);
#7219=PLANE('',#8250);
#7220=PLANE('',#8251);
#7221=PLANE('',#8252);
#7222=PLANE('',#8253);
#7223=PLANE('',#8254);
#7224=PLANE('',#8255);
#7225=ADVANCED_FACE('',(#365),#6878,.T.);
#7226=ADVANCED_FACE('',(#366),#6879,.T.);
#7227=ADVANCED_FACE('',(#367),#6880,.T.);
#7228=ADVANCED_FACE('',(#368),#6881,.T.);
#7229=ADVANCED_FACE('',(#369),#6882,.T.);
#7230=ADVANCED_FACE('',(#370),#6883,.T.);
#7231=ADVANCED_FACE('',(#371),#6884,.T.);
#7232=ADVANCED_FACE('',(#372),#6885,.T.);
#7233=ADVANCED_FACE('',(#373),#6886,.T.);
#7234=ADVANCED_FACE('',(#374),#6887,.T.);
#7235=ADVANCED_FACE('',(#375),#6888,.T.);
#7236=ADVANCED_FACE('',(#376),#6889,.T.);
#7237=ADVANCED_FACE('',(#377),#6890,.T.);
#7238=ADVANCED_FACE('',(#378),#6891,.T.);
#7239=ADVANCED_FACE('',(#379),#6892,.T.);
#7240=ADVANCED_FACE('',(#380),#6893,.T.);
#7241=ADVANCED_FACE('',(#381),#6894,.T.);
#7242=ADVANCED_FACE('',(#382),#6895,.T.);
#7243=ADVANCED_FACE('',(#383),#6896,.T.);
#7244=ADVANCED_FACE('',(#384),#6897,.T.);
#7245=ADVANCED_FACE('',(#385),#6898,.T.);
#7246=ADVANCED_FACE('',(#386),#6899,.T.);
#7247=ADVANCED_FACE('',(#387),#6900,.T.);
#7248=ADVANCED_FACE('',(#388),#6901,.T.);
#7249=ADVANCED_FACE('',(#389),#6902,.T.);
#7250=ADVANCED_FACE('',(#390),#6903,.T.);
#7251=ADVANCED_FACE('',(#391),#6904,.T.);
#7252=ADVANCED_FACE('',(#392),#6905,.T.);
#7253=ADVANCED_FACE('',(#393),#6906,.T.);
#7254=ADVANCED_FACE('',(#394),#6907,.T.);
#7255=ADVANCED_FACE('',(#395),#6908,.T.);
#7256=ADVANCED_FACE('',(#396),#6909,.T.);
#7257=ADVANCED_FACE('',(#397),#6910,.T.);
#7258=ADVANCED_FACE('',(#398),#6911,.T.);
#7259=ADVANCED_FACE('',(#399),#6912,.T.);
#7260=ADVANCED_FACE('',(#400),#6913,.T.);
#7261=ADVANCED_FACE('',(#401),#6914,.T.);
#7262=ADVANCED_FACE('',(#402),#6915,.T.);
#7263=ADVANCED_FACE('',(#403),#6916,.T.);
#7264=ADVANCED_FACE('',(#404),#6917,.T.);
#7265=ADVANCED_FACE('',(#405),#6918,.T.);
#7266=ADVANCED_FACE('',(#406),#6919,.T.);
#7267=ADVANCED_FACE('',(#407),#6920,.T.);
#7268=ADVANCED_FACE('',(#408),#6921,.T.);
#7269=ADVANCED_FACE('',(#409),#6922,.T.);
#7270=ADVANCED_FACE('',(#410),#6923,.T.);
#7271=ADVANCED_FACE('',(#411),#6924,.T.);
#7272=ADVANCED_FACE('',(#412),#6925,.T.);
#7273=ADVANCED_FACE('',(#413),#6926,.T.);
#7274=ADVANCED_FACE('',(#414),#6927,.T.);
#7275=ADVANCED_FACE('',(#415),#6928,.T.);
#7276=ADVANCED_FACE('',(#416),#6929,.T.);
#7277=ADVANCED_FACE('',(#417),#6930,.T.);
#7278=ADVANCED_FACE('',(#418),#6931,.T.);
#7279=ADVANCED_FACE('',(#419),#6932,.T.);
#7280=ADVANCED_FACE('',(#420),#6933,.T.);
#7281=ADVANCED_FACE('',(#421),#6934,.T.);
#7282=ADVANCED_FACE('',(#422),#6935,.T.);
#7283=ADVANCED_FACE('',(#423),#6936,.T.);
#7284=ADVANCED_FACE('',(#424),#6937,.T.);
#7285=ADVANCED_FACE('',(#425),#6938,.T.);
#7286=ADVANCED_FACE('',(#426),#6939,.T.);
#7287=ADVANCED_FACE('',(#427),#6940,.T.);
#7288=ADVANCED_FACE('',(#428),#6941,.T.);
#7289=ADVANCED_FACE('',(#429),#6942,.T.);
#7290=ADVANCED_FACE('',(#430),#6943,.T.);
#7291=ADVANCED_FACE('',(#431),#293,.F.);
#7292=ADVANCED_FACE('',(#432),#6944,.T.);
#7293=ADVANCED_FACE('',(#433),#6945,.T.);
#7294=ADVANCED_FACE('',(#434),#6946,.T.);
#7295=ADVANCED_FACE('',(#435,#85,#86,#87,#88,#89,#90,#91,#92,#93,#94,#95,
#96,#97,#98,#99,#100),#6947,.T.);
#7296=ADVANCED_FACE('',(#436,#101,#102,#103,#104,#105,#106,#107,#108,#109,
#110,#111,#112,#113,#114,#115,#116),#6948,.F.);
#7297=ADVANCED_FACE('',(#437),#6949,.T.);
#7298=ADVANCED_FACE('',(#438),#6950,.T.);
#7299=ADVANCED_FACE('',(#439),#6951,.T.);
#7300=ADVANCED_FACE('',(#440),#6952,.T.);
#7301=ADVANCED_FACE('',(#441),#6953,.T.);
#7302=ADVANCED_FACE('',(#442),#6954,.T.);
#7303=ADVANCED_FACE('',(#443),#6955,.T.);
#7304=ADVANCED_FACE('',(#444),#6956,.T.);
#7305=ADVANCED_FACE('',(#445),#6957,.T.);
#7306=ADVANCED_FACE('',(#446),#6958,.T.);
#7307=ADVANCED_FACE('',(#447),#6959,.T.);
#7308=ADVANCED_FACE('',(#448),#6960,.T.);
#7309=ADVANCED_FACE('',(#449),#6961,.T.);
#7310=ADVANCED_FACE('',(#450),#6962,.T.);
#7311=ADVANCED_FACE('',(#451),#6963,.T.);
#7312=ADVANCED_FACE('',(#452),#6964,.T.);
#7313=ADVANCED_FACE('',(#453),#6965,.T.);
#7314=ADVANCED_FACE('',(#454),#6966,.T.);
#7315=ADVANCED_FACE('',(#455),#6967,.T.);
#7316=ADVANCED_FACE('',(#456),#6968,.T.);
#7317=ADVANCED_FACE('',(#457),#6969,.T.);
#7318=ADVANCED_FACE('',(#458),#6970,.T.);
#7319=ADVANCED_FACE('',(#459),#6971,.T.);
#7320=ADVANCED_FACE('',(#460),#6972,.T.);
#7321=ADVANCED_FACE('',(#461),#6973,.T.);
#7322=ADVANCED_FACE('',(#462),#6974,.T.);
#7323=ADVANCED_FACE('',(#463),#6975,.T.);
#7324=ADVANCED_FACE('',(#464),#6976,.T.);
#7325=ADVANCED_FACE('',(#465),#6977,.T.);
#7326=ADVANCED_FACE('',(#466),#6978,.T.);
#7327=ADVANCED_FACE('',(#467),#6979,.T.);
#7328=ADVANCED_FACE('',(#468),#6980,.T.);
#7329=ADVANCED_FACE('',(#469),#6981,.T.);
#7330=ADVANCED_FACE('',(#470),#6982,.T.);
#7331=ADVANCED_FACE('',(#471),#6983,.T.);
#7332=ADVANCED_FACE('',(#472),#6984,.T.);
#7333=ADVANCED_FACE('',(#473),#6985,.T.);
#7334=ADVANCED_FACE('',(#474),#6986,.T.);
#7335=ADVANCED_FACE('',(#475),#6987,.T.);
#7336=ADVANCED_FACE('',(#476),#6988,.T.);
#7337=ADVANCED_FACE('',(#477),#6989,.T.);
#7338=ADVANCED_FACE('',(#478),#6990,.T.);
#7339=ADVANCED_FACE('',(#479),#6991,.T.);
#7340=ADVANCED_FACE('',(#480),#6992,.T.);
#7341=ADVANCED_FACE('',(#481),#6993,.T.);
#7342=ADVANCED_FACE('',(#482),#6994,.T.);
#7343=ADVANCED_FACE('',(#483),#6995,.T.);
#7344=ADVANCED_FACE('',(#484),#6996,.T.);
#7345=ADVANCED_FACE('',(#485),#6997,.T.);
#7346=ADVANCED_FACE('',(#486),#6998,.T.);
#7347=ADVANCED_FACE('',(#487),#6999,.T.);
#7348=ADVANCED_FACE('',(#488),#7000,.T.);
#7349=ADVANCED_FACE('',(#489),#7001,.T.);
#7350=ADVANCED_FACE('',(#490),#7002,.T.);
#7351=ADVANCED_FACE('',(#491),#7003,.T.);
#7352=ADVANCED_FACE('',(#492),#7004,.T.);
#7353=ADVANCED_FACE('',(#493),#7005,.T.);
#7354=ADVANCED_FACE('',(#494),#7006,.T.);
#7355=ADVANCED_FACE('',(#495),#7007,.T.);
#7356=ADVANCED_FACE('',(#496),#7008,.T.);
#7357=ADVANCED_FACE('',(#497),#7009,.T.);
#7358=ADVANCED_FACE('',(#498),#7010,.T.);
#7359=ADVANCED_FACE('',(#499),#7011,.T.);
#7360=ADVANCED_FACE('',(#500),#7012,.T.);
#7361=ADVANCED_FACE('',(#501),#7013,.T.);
#7362=ADVANCED_FACE('',(#502),#7014,.T.);
#7363=ADVANCED_FACE('',(#503),#7015,.T.);
#7364=ADVANCED_FACE('',(#504),#7016,.T.);
#7365=ADVANCED_FACE('',(#505),#7017,.T.);
#7366=ADVANCED_FACE('',(#506),#7018,.T.);
#7367=ADVANCED_FACE('',(#507),#7019,.T.);
#7368=ADVANCED_FACE('',(#508),#7020,.T.);
#7369=ADVANCED_FACE('',(#509),#7021,.T.);
#7370=ADVANCED_FACE('',(#510),#7022,.T.);
#7371=ADVANCED_FACE('',(#511),#7023,.T.);
#7372=ADVANCED_FACE('',(#512),#7024,.T.);
#7373=ADVANCED_FACE('',(#513),#7025,.T.);
#7374=ADVANCED_FACE('',(#514),#7026,.T.);
#7375=ADVANCED_FACE('',(#515),#7027,.T.);
#7376=ADVANCED_FACE('',(#516),#7028,.T.);
#7377=ADVANCED_FACE('',(#517),#7029,.T.);
#7378=ADVANCED_FACE('',(#518),#7030,.T.);
#7379=ADVANCED_FACE('',(#519),#7031,.T.);
#7380=ADVANCED_FACE('',(#520),#7032,.T.);
#7381=ADVANCED_FACE('',(#521),#7033,.T.);
#7382=ADVANCED_FACE('',(#522),#7034,.T.);
#7383=ADVANCED_FACE('',(#523),#7035,.T.);
#7384=ADVANCED_FACE('',(#524),#7036,.T.);
#7385=ADVANCED_FACE('',(#525),#7037,.T.);
#7386=ADVANCED_FACE('',(#526),#7038,.T.);
#7387=ADVANCED_FACE('',(#527),#7039,.T.);
#7388=ADVANCED_FACE('',(#528),#7040,.T.);
#7389=ADVANCED_FACE('',(#529),#7041,.T.);
#7390=ADVANCED_FACE('',(#530),#7042,.T.);
#7391=ADVANCED_FACE('',(#531),#7043,.T.);
#7392=ADVANCED_FACE('',(#532),#7044,.T.);
#7393=ADVANCED_FACE('',(#533),#294,.T.);
#7394=ADVANCED_FACE('',(#534,#117),#7045,.T.);
#7395=ADVANCED_FACE('',(#535),#7046,.T.);
#7396=ADVANCED_FACE('',(#536),#295,.T.);
#7397=ADVANCED_FACE('',(#537),#296,.T.);
#7398=ADVANCED_FACE('',(#538),#7047,.T.);
#7399=ADVANCED_FACE('',(#539),#297,.T.);
#7400=ADVANCED_FACE('',(#540),#7048,.T.);
#7401=ADVANCED_FACE('',(#541),#7049,.T.);
#7402=ADVANCED_FACE('',(#542),#7050,.T.);
#7403=ADVANCED_FACE('',(#543),#7051,.T.);
#7404=ADVANCED_FACE('',(#544),#7052,.T.);
#7405=ADVANCED_FACE('',(#545,#118),#7053,.T.);
#7406=ADVANCED_FACE('',(#546),#7054,.T.);
#7407=ADVANCED_FACE('',(#547),#298,.T.);
#7408=ADVANCED_FACE('',(#548,#119),#7055,.T.);
#7409=ADVANCED_FACE('',(#549),#7056,.T.);
#7410=ADVANCED_FACE('',(#550),#299,.T.);
#7411=ADVANCED_FACE('',(#551),#300,.T.);
#7412=ADVANCED_FACE('',(#552),#7057,.T.);
#7413=ADVANCED_FACE('',(#553),#301,.T.);
#7414=ADVANCED_FACE('',(#554),#7058,.T.);
#7415=ADVANCED_FACE('',(#555),#7059,.T.);
#7416=ADVANCED_FACE('',(#556),#7060,.T.);
#7417=ADVANCED_FACE('',(#557),#7061,.T.);
#7418=ADVANCED_FACE('',(#558),#7062,.T.);
#7419=ADVANCED_FACE('',(#559,#120),#7063,.T.);
#7420=ADVANCED_FACE('',(#560),#7064,.T.);
#7421=ADVANCED_FACE('',(#561),#302,.T.);
#7422=ADVANCED_FACE('',(#562),#7065,.T.);
#7423=ADVANCED_FACE('',(#563),#7066,.T.);
#7424=ADVANCED_FACE('',(#564),#303,.T.);
#7425=ADVANCED_FACE('',(#565),#7067,.T.);
#7426=ADVANCED_FACE('',(#566),#7068,.T.);
#7427=ADVANCED_FACE('',(#567),#7069,.T.);
#7428=ADVANCED_FACE('',(#568),#7070,.T.);
#7429=ADVANCED_FACE('',(#569),#304,.T.);
#7430=ADVANCED_FACE('',(#570),#7071,.T.);
#7431=ADVANCED_FACE('',(#571),#7072,.T.);
#7432=ADVANCED_FACE('',(#572),#305,.T.);
#7433=ADVANCED_FACE('',(#573),#7073,.T.);
#7434=ADVANCED_FACE('',(#574),#7074,.T.);
#7435=ADVANCED_FACE('',(#575),#7075,.T.);
#7436=ADVANCED_FACE('',(#576),#7076,.T.);
#7437=ADVANCED_FACE('',(#577),#306,.T.);
#7438=ADVANCED_FACE('',(#578),#7077,.T.);
#7439=ADVANCED_FACE('',(#579),#7078,.T.);
#7440=ADVANCED_FACE('',(#580),#307,.T.);
#7441=ADVANCED_FACE('',(#581),#7079,.T.);
#7442=ADVANCED_FACE('',(#582),#7080,.T.);
#7443=ADVANCED_FACE('',(#583),#308,.F.);
#7444=ADVANCED_FACE('',(#584),#7081,.T.);
#7445=ADVANCED_FACE('',(#585),#7082,.T.);
#7446=ADVANCED_FACE('',(#586),#7083,.T.);
#7447=ADVANCED_FACE('',(#587),#7084,.F.);
#7448=ADVANCED_FACE('',(#588),#309,.T.);
#7449=ADVANCED_FACE('',(#589,#121),#7085,.T.);
#7450=ADVANCED_FACE('',(#590),#7086,.T.);
#7451=ADVANCED_FACE('',(#591),#310,.T.);
#7452=ADVANCED_FACE('',(#592),#311,.T.);
#7453=ADVANCED_FACE('',(#593),#7087,.T.);
#7454=ADVANCED_FACE('',(#594),#312,.T.);
#7455=ADVANCED_FACE('',(#595),#7088,.F.);
#7456=ADVANCED_FACE('',(#596),#7089,.T.);
#7457=ADVANCED_FACE('',(#597),#7090,.T.);
#7458=ADVANCED_FACE('',(#598),#7091,.T.);
#7459=ADVANCED_FACE('',(#599),#7092,.T.);
#7460=ADVANCED_FACE('',(#600,#122),#7093,.T.);
#7461=ADVANCED_FACE('',(#601),#7094,.T.);
#7462=ADVANCED_FACE('',(#602),#313,.T.);
#7463=ADVANCED_FACE('',(#603),#7095,.T.);
#7464=ADVANCED_FACE('',(#604,#123),#7096,.T.);
#7465=ADVANCED_FACE('',(#605),#314,.T.);
#7466=ADVANCED_FACE('',(#606,#124),#7097,.T.);
#7467=ADVANCED_FACE('',(#607),#7098,.T.);
#7468=ADVANCED_FACE('',(#608),#315,.T.);
#7469=ADVANCED_FACE('',(#609),#316,.T.);
#7470=ADVANCED_FACE('',(#610),#7099,.F.);
#7471=ADVANCED_FACE('',(#611),#7100,.T.);
#7472=ADVANCED_FACE('',(#612),#7101,.T.);
#7473=ADVANCED_FACE('',(#613),#7102,.T.);
#7474=ADVANCED_FACE('',(#614),#7103,.T.);
#7475=ADVANCED_FACE('',(#615),#7104,.T.);
#7476=ADVANCED_FACE('',(#616),#317,.T.);
#7477=ADVANCED_FACE('',(#617,#125),#7105,.T.);
#7478=ADVANCED_FACE('',(#618),#7106,.T.);
#7479=ADVANCED_FACE('',(#619),#318,.T.);
#7480=ADVANCED_FACE('',(#620),#319,.T.);
#7481=ADVANCED_FACE('',(#621),#7107,.T.);
#7482=ADVANCED_FACE('',(#622),#320,.T.);
#7483=ADVANCED_FACE('',(#623),#7108,.F.);
#7484=ADVANCED_FACE('',(#624,#126),#7109,.T.);
#7485=ADVANCED_FACE('',(#625),#7110,.T.);
#7486=ADVANCED_FACE('',(#626),#7111,.T.);
#7487=ADVANCED_FACE('',(#627),#7112,.T.);
#7488=ADVANCED_FACE('',(#628),#7113,.T.);
#7489=ADVANCED_FACE('',(#629),#7114,.T.);
#7490=ADVANCED_FACE('',(#630),#321,.T.);
#7491=ADVANCED_FACE('',(#631,#127),#7115,.T.);
#7492=ADVANCED_FACE('',(#632),#7116,.T.);
#7493=ADVANCED_FACE('',(#633),#322,.T.);
#7494=ADVANCED_FACE('',(#634),#323,.T.);
#7495=ADVANCED_FACE('',(#635),#7117,.T.);
#7496=ADVANCED_FACE('',(#636),#324,.T.);
#7497=ADVANCED_FACE('',(#637),#7118,.F.);
#7498=ADVANCED_FACE('',(#638),#7119,.T.);
#7499=ADVANCED_FACE('',(#639),#7120,.T.);
#7500=ADVANCED_FACE('',(#640),#7121,.T.);
#7501=ADVANCED_FACE('',(#641),#7122,.T.);
#7502=ADVANCED_FACE('',(#642,#128),#7123,.T.);
#7503=ADVANCED_FACE('',(#643),#7124,.T.);
#7504=ADVANCED_FACE('',(#644),#325,.T.);
#7505=ADVANCED_FACE('',(#645),#7125,.T.);
#7506=ADVANCED_FACE('',(#646,#129),#7126,.T.);
#7507=ADVANCED_FACE('',(#647),#326,.T.);
#7508=ADVANCED_FACE('',(#648),#7127,.F.);
#7509=ADVANCED_FACE('',(#649),#327,.T.);
#7510=ADVANCED_FACE('',(#650,#130),#7128,.T.);
#7511=ADVANCED_FACE('',(#651),#328,.T.);
#7512=ADVANCED_FACE('',(#652),#7129,.T.);
#7513=ADVANCED_FACE('',(#653),#7130,.T.);
#7514=ADVANCED_FACE('',(#654),#7131,.T.);
#7515=ADVANCED_FACE('',(#655),#7132,.T.);
#7516=ADVANCED_FACE('',(#656),#7133,.T.);
#7517=ADVANCED_FACE('',(#657),#7134,.T.);
#7518=ADVANCED_FACE('',(#658),#329,.T.);
#7519=ADVANCED_FACE('',(#659),#7135,.T.);
#7520=ADVANCED_FACE('',(#660,#131),#7136,.T.);
#7521=ADVANCED_FACE('',(#661),#330,.T.);
#7522=ADVANCED_FACE('',(#662),#7137,.T.);
#7523=ADVANCED_FACE('',(#663),#331,.T.);
#7524=ADVANCED_FACE('',(#664),#332,.T.);
#7525=ADVANCED_FACE('',(#665),#7138,.F.);
#7526=ADVANCED_FACE('',(#666,#132),#7139,.T.);
#7527=ADVANCED_FACE('',(#667),#7140,.T.);
#7528=ADVANCED_FACE('',(#668),#7141,.T.);
#7529=ADVANCED_FACE('',(#669),#7142,.T.);
#7530=ADVANCED_FACE('',(#670),#7143,.T.);
#7531=ADVANCED_FACE('',(#671),#7144,.T.);
#7532=ADVANCED_FACE('',(#672),#333,.T.);
#7533=ADVANCED_FACE('',(#673),#7145,.T.);
#7534=ADVANCED_FACE('',(#674,#133),#7146,.T.);
#7535=ADVANCED_FACE('',(#675),#334,.T.);
#7536=ADVANCED_FACE('',(#676),#7147,.T.);
#7537=ADVANCED_FACE('',(#677),#335,.T.);
#7538=ADVANCED_FACE('',(#678),#336,.T.);
#7539=ADVANCED_FACE('',(#679,#134),#7148,.T.);
#7540=ADVANCED_FACE('',(#680),#7149,.F.);
#7541=ADVANCED_FACE('',(#681),#7150,.T.);
#7542=ADVANCED_FACE('',(#682),#7151,.T.);
#7543=ADVANCED_FACE('',(#683),#7152,.T.);
#7544=ADVANCED_FACE('',(#684),#7153,.T.);
#7545=ADVANCED_FACE('',(#685),#7154,.T.);
#7546=ADVANCED_FACE('',(#686),#337,.T.);
#7547=ADVANCED_FACE('',(#687),#7155,.T.);
#7548=ADVANCED_FACE('',(#688,#135),#7156,.T.);
#7549=ADVANCED_FACE('',(#689),#338,.T.);
#7550=ADVANCED_FACE('',(#690),#7157,.T.);
#7551=ADVANCED_FACE('',(#691),#339,.T.);
#7552=ADVANCED_FACE('',(#692),#7158,.F.);
#7553=ADVANCED_FACE('',(#693),#340,.T.);
#7554=ADVANCED_FACE('',(#694),#7159,.T.);
#7555=ADVANCED_FACE('',(#695),#7160,.T.);
#7556=ADVANCED_FACE('',(#696),#7161,.T.);
#7557=ADVANCED_FACE('',(#697),#7162,.T.);
#7558=ADVANCED_FACE('',(#698),#7163,.T.);
#7559=ADVANCED_FACE('',(#699,#136),#7164,.T.);
#7560=ADVANCED_FACE('',(#700),#341,.T.);
#7561=ADVANCED_FACE('',(#701),#7165,.T.);
#7562=ADVANCED_FACE('',(#702,#137),#7166,.T.);
#7563=ADVANCED_FACE('',(#703),#342,.T.);
#7564=ADVANCED_FACE('',(#704),#7167,.T.);
#7565=ADVANCED_FACE('',(#705,#138),#7168,.T.);
#7566=ADVANCED_FACE('',(#706),#343,.T.);
#7567=ADVANCED_FACE('',(#707),#7169,.F.);
#7568=ADVANCED_FACE('',(#708),#344,.T.);
#7569=ADVANCED_FACE('',(#709),#7170,.T.);
#7570=ADVANCED_FACE('',(#710),#7171,.T.);
#7571=ADVANCED_FACE('',(#711),#7172,.T.);
#7572=ADVANCED_FACE('',(#712),#7173,.T.);
#7573=ADVANCED_FACE('',(#713),#7174,.T.);
#7574=ADVANCED_FACE('',(#714),#345,.T.);
#7575=ADVANCED_FACE('',(#715),#7175,.T.);
#7576=ADVANCED_FACE('',(#716,#139),#7176,.T.);
#7577=ADVANCED_FACE('',(#717),#346,.T.);
#7578=ADVANCED_FACE('',(#718),#7177,.T.);
#7579=ADVANCED_FACE('',(#719,#140),#7178,.T.);
#7580=ADVANCED_FACE('',(#720),#347,.T.);
#7581=ADVANCED_FACE('',(#721),#7179,.F.);
#7582=ADVANCED_FACE('',(#722),#348,.T.);
#7583=ADVANCED_FACE('',(#723),#7180,.T.);
#7584=ADVANCED_FACE('',(#724),#7181,.T.);
#7585=ADVANCED_FACE('',(#725),#7182,.T.);
#7586=ADVANCED_FACE('',(#726),#7183,.T.);
#7587=ADVANCED_FACE('',(#727),#7184,.T.);
#7588=ADVANCED_FACE('',(#728),#349,.T.);
#7589=ADVANCED_FACE('',(#729),#7185,.T.);
#7590=ADVANCED_FACE('',(#730,#141),#7186,.T.);
#7591=ADVANCED_FACE('',(#731),#350,.T.);
#7592=ADVANCED_FACE('',(#732),#7187,.F.);
#7593=ADVANCED_FACE('',(#733,#142),#7188,.T.);
#7594=ADVANCED_FACE('',(#734),#351,.T.);
#7595=ADVANCED_FACE('',(#735),#7189,.T.);
#7596=ADVANCED_FACE('',(#736),#352,.T.);
#7597=ADVANCED_FACE('',(#737),#7190,.T.);
#7598=ADVANCED_FACE('',(#738),#7191,.T.);
#7599=ADVANCED_FACE('',(#739),#7192,.T.);
#7600=ADVANCED_FACE('',(#740),#7193,.T.);
#7601=ADVANCED_FACE('',(#741),#7194,.T.);
#7602=ADVANCED_FACE('',(#742),#353,.T.);
#7603=ADVANCED_FACE('',(#743,#143),#7195,.T.);
#7604=ADVANCED_FACE('',(#744),#7196,.T.);
#7605=ADVANCED_FACE('',(#745),#354,.T.);
#7606=ADVANCED_FACE('',(#746),#355,.T.);
#7607=ADVANCED_FACE('',(#747),#7197,.F.);
#7608=ADVANCED_FACE('',(#748,#144),#7198,.T.);
#7609=ADVANCED_FACE('',(#749),#356,.T.);
#7610=ADVANCED_FACE('',(#750),#7199,.T.);
#7611=ADVANCED_FACE('',(#751),#7200,.T.);
#7612=ADVANCED_FACE('',(#752),#7201,.T.);
#7613=ADVANCED_FACE('',(#753),#7202,.T.);
#7614=ADVANCED_FACE('',(#754),#7203,.T.);
#7615=ADVANCED_FACE('',(#755),#7204,.T.);
#7616=ADVANCED_FACE('',(#756),#357,.T.);
#7617=ADVANCED_FACE('',(#757),#7205,.T.);
#7618=ADVANCED_FACE('',(#758,#145),#7206,.T.);
#7619=ADVANCED_FACE('',(#759),#358,.T.);
#7620=ADVANCED_FACE('',(#760,#146),#7207,.T.);
#7621=ADVANCED_FACE('',(#761),#7208,.T.);
#7622=ADVANCED_FACE('',(#762),#359,.T.);
#7623=ADVANCED_FACE('',(#763),#360,.T.);
#7624=ADVANCED_FACE('',(#764),#7209,.F.);
#7625=ADVANCED_FACE('',(#765),#7210,.T.);
#7626=ADVANCED_FACE('',(#766),#7211,.T.);
#7627=ADVANCED_FACE('',(#767),#7212,.T.);
#7628=ADVANCED_FACE('',(#768),#7213,.T.);
#7629=ADVANCED_FACE('',(#769),#7214,.T.);
#7630=ADVANCED_FACE('',(#770),#361,.T.);
#7631=ADVANCED_FACE('',(#771),#7215,.F.);
#7632=ADVANCED_FACE('',(#772,#147),#7216,.T.);
#7633=ADVANCED_FACE('',(#773),#362,.T.);
#7634=ADVANCED_FACE('',(#774),#7217,.T.);
#7635=ADVANCED_FACE('',(#775),#363,.T.);
#7636=ADVANCED_FACE('',(#776),#364,.T.);
#7637=ADVANCED_FACE('',(#777),#7218,.T.);
#7638=ADVANCED_FACE('',(#778,#148),#7219,.T.);
#7639=ADVANCED_FACE('',(#779),#7220,.T.);
#7640=ADVANCED_FACE('',(#780),#7221,.T.);
#7641=ADVANCED_FACE('',(#781),#7222,.T.);
#7642=ADVANCED_FACE('',(#782),#7223,.T.);
#7643=ADVANCED_FACE('',(#783),#7224,.T.);
#7644=CLOSED_SHELL('',(#7225,#7226,#7227,#7228,#7229,#7230,#7231,#7232,
#7233,#7234,#7235,#7236,#7237,#7238,#7239,#7240,#7241,#7242,#7243,#7244,
#7245,#7246,#7247,#7248,#7249,#7250,#7251,#7252,#7253,#7254,#7255,#7256,
#7257,#7258,#7259,#7260,#7261,#7262,#7263,#7264,#7265,#7266,#7267,#7268,
#7269,#7270,#7271,#7272,#7273,#7274,#7275,#7276,#7277,#7278,#7279,#7280,
#7281,#7282,#7283,#7284,#7285,#7286,#7287,#7288,#7289,#7290,#7291,#7292,
#7293,#7294,#7295,#7296));
#7645=CLOSED_SHELL('',(#7297,#7298,#7299,#7300,#7301,#7302));
#7646=CLOSED_SHELL('',(#7303,#7304,#7305,#7306,#7307,#7308));
#7647=CLOSED_SHELL('',(#7309,#7310,#7311,#7312,#7313,#7314));
#7648=CLOSED_SHELL('',(#7315,#7316,#7317,#7318,#7319,#7320));
#7649=CLOSED_SHELL('',(#7321,#7322,#7323,#7324,#7325,#7326));
#7650=CLOSED_SHELL('',(#7327,#7328,#7329,#7330,#7331,#7332));
#7651=CLOSED_SHELL('',(#7333,#7334,#7335,#7336,#7337,#7338));
#7652=CLOSED_SHELL('',(#7339,#7340,#7341,#7342,#7343,#7344));
#7653=CLOSED_SHELL('',(#7345,#7346,#7347,#7348,#7349,#7350));
#7654=CLOSED_SHELL('',(#7351,#7352,#7353,#7354,#7355,#7356));
#7655=CLOSED_SHELL('',(#7357,#7358,#7359,#7360,#7361,#7362));
#7656=CLOSED_SHELL('',(#7363,#7364,#7365,#7366,#7367,#7368));
#7657=CLOSED_SHELL('',(#7369,#7370,#7371,#7372,#7373,#7374));
#7658=CLOSED_SHELL('',(#7375,#7376,#7377,#7378,#7379,#7380));
#7659=CLOSED_SHELL('',(#7381,#7382,#7383,#7384,#7385,#7386));
#7660=CLOSED_SHELL('',(#7387,#7388,#7389,#7390,#7391,#7392));
#7661=CLOSED_SHELL('',(#7393,#7394,#7395,#7396,#7397,#7398,#7399,#7400,
#7401,#7402,#7403,#7404,#7405,#7406));
#7662=CLOSED_SHELL('',(#7407,#7408,#7409,#7410,#7411,#7412,#7413,#7414,
#7415,#7416,#7417,#7418,#7419,#7420));
#7663=CLOSED_SHELL('',(#7421,#7422,#7423,#7424,#7425,#7426,#7427,#7428));
#7664=CLOSED_SHELL('',(#7429,#7430,#7431,#7432,#7433,#7434,#7435,#7436));
#7665=CLOSED_SHELL('',(#7437,#7438,#7439,#7440,#7441,#7442,#7443,#7444,
#7445,#7446,#7447));
#7666=CLOSED_SHELL('',(#7448,#7449,#7450,#7451,#7452,#7453,#7454,#7455,
#7456,#7457,#7458,#7459,#7460,#7461));
#7667=CLOSED_SHELL('',(#7462,#7463,#7464,#7465,#7466,#7467,#7468,#7469,
#7470,#7471,#7472,#7473,#7474,#7475));
#7668=CLOSED_SHELL('',(#7476,#7477,#7478,#7479,#7480,#7481,#7482,#7483,
#7484,#7485,#7486,#7487,#7488,#7489));
#7669=CLOSED_SHELL('',(#7490,#7491,#7492,#7493,#7494,#7495,#7496,#7497,
#7498,#7499,#7500,#7501,#7502,#7503));
#7670=CLOSED_SHELL('',(#7504,#7505,#7506,#7507,#7508,#7509,#7510,#7511,
#7512,#7513,#7514,#7515,#7516,#7517));
#7671=CLOSED_SHELL('',(#7518,#7519,#7520,#7521,#7522,#7523,#7524,#7525,
#7526,#7527,#7528,#7529,#7530,#7531));
#7672=CLOSED_SHELL('',(#7532,#7533,#7534,#7535,#7536,#7537,#7538,#7539,
#7540,#7541,#7542,#7543,#7544,#7545));
#7673=CLOSED_SHELL('',(#7546,#7547,#7548,#7549,#7550,#7551,#7552,#7553,
#7554,#7555,#7556,#7557,#7558,#7559));
#7674=CLOSED_SHELL('',(#7560,#7561,#7562,#7563,#7564,#7565,#7566,#7567,
#7568,#7569,#7570,#7571,#7572,#7573));
#7675=CLOSED_SHELL('',(#7574,#7575,#7576,#7577,#7578,#7579,#7580,#7581,
#7582,#7583,#7584,#7585,#7586,#7587));
#7676=CLOSED_SHELL('',(#7588,#7589,#7590,#7591,#7592,#7593,#7594,#7595,
#7596,#7597,#7598,#7599,#7600,#7601));
#7677=CLOSED_SHELL('',(#7602,#7603,#7604,#7605,#7606,#7607,#7608,#7609,
#7610,#7611,#7612,#7613,#7614,#7615));
#7678=CLOSED_SHELL('',(#7616,#7617,#7618,#7619,#7620,#7621,#7622,#7623,
#7624,#7625,#7626,#7627,#7628,#7629));
#7679=CLOSED_SHELL('',(#7630,#7631,#7632,#7633,#7634,#7635,#7636,#7637,
#7638,#7639,#7640,#7641,#7642,#7643));
#7680=DERIVED_UNIT_ELEMENT(#7682,1.);
#7681=DERIVED_UNIT_ELEMENT(#12441,-3.);
#7682=(
MASS_UNIT()
NAMED_UNIT(*)
SI_UNIT(.KILO.,.GRAM.)
);
#7683=DERIVED_UNIT((#7680,#7681));
#7684=MEASURE_REPRESENTATION_ITEM('density measure',
POSITIVE_RATIO_MEASURE(7850.),#7683);
#7685=PROPERTY_DEFINITION_REPRESENTATION(#7690,#7687);
#7686=PROPERTY_DEFINITION_REPRESENTATION(#7691,#7688);
#7687=REPRESENTATION('material name',(#7689),#12438);
#7688=REPRESENTATION('density',(#7684),#12438);
#7689=DESCRIPTIVE_REPRESENTATION_ITEM('\X2\AC15CCA0\X0\','\X2\AC15CCA0\X0\');
#7690=PROPERTY_DEFINITION('material property','material name',#12448);
#7691=PROPERTY_DEFINITION('material property','density of part',#12448);
#7692=AXIS2_PLACEMENT_3D('',#10281,#8256,#8257);
#7693=AXIS2_PLACEMENT_3D('',#10282,#8258,#8259);
#7694=AXIS2_PLACEMENT_3D('',#10291,#8264,#8265);
#7695=AXIS2_PLACEMENT_3D('',#10297,#8269,#8270);
#7696=AXIS2_PLACEMENT_3D('',#10303,#8274,#8275);
#7697=AXIS2_PLACEMENT_3D('',#10306,#8278,#8279);
#7698=AXIS2_PLACEMENT_3D('',#10315,#8284,#8285);
#7699=AXIS2_PLACEMENT_3D('',#10321,#8289,#8290);
#7700=AXIS2_PLACEMENT_3D('',#10327,#8294,#8295);
#7701=AXIS2_PLACEMENT_3D('',#10330,#8298,#8299);
#7702=AXIS2_PLACEMENT_3D('',#10339,#8304,#8305);
#7703=AXIS2_PLACEMENT_3D('',#10345,#8309,#8310);
#7704=AXIS2_PLACEMENT_3D('',#10351,#8314,#8315);
#7705=AXIS2_PLACEMENT_3D('',#10354,#8318,#8319);
#7706=AXIS2_PLACEMENT_3D('',#10363,#8324,#8325);
#7707=AXIS2_PLACEMENT_3D('',#10369,#8329,#8330);
#7708=AXIS2_PLACEMENT_3D('',#10375,#8334,#8335);
#7709=AXIS2_PLACEMENT_3D('',#10378,#8338,#8339);
#7710=AXIS2_PLACEMENT_3D('',#10387,#8344,#8345);
#7711=AXIS2_PLACEMENT_3D('',#10393,#8349,#8350);
#7712=AXIS2_PLACEMENT_3D('',#10399,#8354,#8355);
#7713=AXIS2_PLACEMENT_3D('',#10402,#8358,#8359);
#7714=AXIS2_PLACEMENT_3D('',#10411,#8364,#8365);
#7715=AXIS2_PLACEMENT_3D('',#10417,#8369,#8370);
#7716=AXIS2_PLACEMENT_3D('',#10423,#8374,#8375);
#7717=AXIS2_PLACEMENT_3D('',#10426,#8378,#8379);
#7718=AXIS2_PLACEMENT_3D('',#10435,#8384,#8385);
#7719=AXIS2_PLACEMENT_3D('',#10441,#8389,#8390);
#7720=AXIS2_PLACEMENT_3D('',#10447,#8394,#8395);
#7721=AXIS2_PLACEMENT_3D('',#10450,#8398,#8399);
#7722=AXIS2_PLACEMENT_3D('',#10459,#8404,#8405);
#7723=AXIS2_PLACEMENT_3D('',#10465,#8409,#8410);
#7724=AXIS2_PLACEMENT_3D('',#10471,#8414,#8415);
#7725=AXIS2_PLACEMENT_3D('',#10474,#8418,#8419);
#7726=AXIS2_PLACEMENT_3D('',#10483,#8424,#8425);
#7727=AXIS2_PLACEMENT_3D('',#10489,#8429,#8430);
#7728=AXIS2_PLACEMENT_3D('',#10495,#8434,#8435);
#7729=AXIS2_PLACEMENT_3D('',#10498,#8438,#8439);
#7730=AXIS2_PLACEMENT_3D('',#10507,#8444,#8445);
#7731=AXIS2_PLACEMENT_3D('',#10513,#8449,#8450);
#7732=AXIS2_PLACEMENT_3D('',#10519,#8454,#8455);
#7733=AXIS2_PLACEMENT_3D('',#10522,#8458,#8459);
#7734=AXIS2_PLACEMENT_3D('',#10531,#8464,#8465);
#7735=AXIS2_PLACEMENT_3D('',#10537,#8469,#8470);
#7736=AXIS2_PLACEMENT_3D('',#10543,#8474,#8475);
#7737=AXIS2_PLACEMENT_3D('',#10546,#8478,#8479);
#7738=AXIS2_PLACEMENT_3D('',#10555,#8484,#8485);
#7739=AXIS2_PLACEMENT_3D('',#10561,#8489,#8490);
#7740=AXIS2_PLACEMENT_3D('',#10567,#8494,#8495);
#7741=AXIS2_PLACEMENT_3D('',#10570,#8498,#8499);
#7742=AXIS2_PLACEMENT_3D('',#10579,#8504,#8505);
#7743=AXIS2_PLACEMENT_3D('',#10585,#8509,#8510);
#7744=AXIS2_PLACEMENT_3D('',#10591,#8514,#8515);
#7745=AXIS2_PLACEMENT_3D('',#10594,#8518,#8519);
#7746=AXIS2_PLACEMENT_3D('',#10603,#8524,#8525);
#7747=AXIS2_PLACEMENT_3D('',#10609,#8529,#8530);
#7748=AXIS2_PLACEMENT_3D('',#10615,#8534,#8535);
#7749=AXIS2_PLACEMENT_3D('',#10618,#8538,#8539);
#7750=AXIS2_PLACEMENT_3D('',#10627,#8544,#8545);
#7751=AXIS2_PLACEMENT_3D('',#10633,#8549,#8550);
#7752=AXIS2_PLACEMENT_3D('',#10639,#8554,#8555);
#7753=AXIS2_PLACEMENT_3D('',#10642,#8558,#8559);
#7754=AXIS2_PLACEMENT_3D('',#10651,#8564,#8565);
#7755=AXIS2_PLACEMENT_3D('',#10657,#8569,#8570);
#7756=AXIS2_PLACEMENT_3D('',#10663,#8574,#8575);
#7757=AXIS2_PLACEMENT_3D('',#10666,#8578,#8579);
#7758=AXIS2_PLACEMENT_3D('',#10675,#8584,#8585);
#7759=AXIS2_PLACEMENT_3D('',#10681,#8589,#8590);
#7760=AXIS2_PLACEMENT_3D('',#10683,#8591,#8592);
#7761=AXIS2_PLACEMENT_3D('',#10685,#8593,#8594);
#7762=AXIS2_PLACEMENT_3D('',#10687,#8596,#8597);
#7763=AXIS2_PLACEMENT_3D('',#10693,#8601,#8602);
#7764=AXIS2_PLACEMENT_3D('',#10699,#8606,#8607);
#7765=AXIS2_PLACEMENT_3D('',#10702,#8610,#8611);
#7766=AXIS2_PLACEMENT_3D('',#10703,#8612,#8613);
#7767=AXIS2_PLACEMENT_3D('',#10704,#8614,#8615);
#7768=AXIS2_PLACEMENT_3D('',#10713,#8620,#8621);
#7769=AXIS2_PLACEMENT_3D('',#10719,#8625,#8626);
#7770=AXIS2_PLACEMENT_3D('',#10723,#8629,#8630);
#7771=AXIS2_PLACEMENT_3D('',#10727,#8633,#8634);
#7772=AXIS2_PLACEMENT_3D('',#10729,#8636,#8637);
#7773=AXIS2_PLACEMENT_3D('',#10730,#8638,#8639);
#7774=AXIS2_PLACEMENT_3D('',#10739,#8644,#8645);
#7775=AXIS2_PLACEMENT_3D('',#10745,#8649,#8650);
#7776=AXIS2_PLACEMENT_3D('',#10749,#8653,#8654);
#7777=AXIS2_PLACEMENT_3D('',#10753,#8657,#8658);
#7778=AXIS2_PLACEMENT_3D('',#10755,#8660,#8661);
#7779=AXIS2_PLACEMENT_3D('',#10756,#8662,#8663);
#7780=AXIS2_PLACEMENT_3D('',#10765,#8668,#8669);
#7781=AXIS2_PLACEMENT_3D('',#10771,#8673,#8674);
#7782=AXIS2_PLACEMENT_3D('',#10775,#8677,#8678);
#7783=AXIS2_PLACEMENT_3D('',#10779,#8681,#8682);
#7784=AXIS2_PLACEMENT_3D('',#10781,#8684,#8685);
#7785=AXIS2_PLACEMENT_3D('',#10782,#8686,#8687);
#7786=AXIS2_PLACEMENT_3D('',#10791,#8692,#8693);
#7787=AXIS2_PLACEMENT_3D('',#10797,#8697,#8698);
#7788=AXIS2_PLACEMENT_3D('',#10801,#8701,#8702);
#7789=AXIS2_PLACEMENT_3D('',#10805,#8705,#8706);
#7790=AXIS2_PLACEMENT_3D('',#10807,#8708,#8709);
#7791=AXIS2_PLACEMENT_3D('',#10808,#8710,#8711);
#7792=AXIS2_PLACEMENT_3D('',#10817,#8716,#8717);
#7793=AXIS2_PLACEMENT_3D('',#10823,#8721,#8722);
#7794=AXIS2_PLACEMENT_3D('',#10827,#8725,#8726);
#7795=AXIS2_PLACEMENT_3D('',#10831,#8729,#8730);
#7796=AXIS2_PLACEMENT_3D('',#10833,#8732,#8733);
#7797=AXIS2_PLACEMENT_3D('',#10834,#8734,#8735);
#7798=AXIS2_PLACEMENT_3D('',#10843,#8740,#8741);
#7799=AXIS2_PLACEMENT_3D('',#10849,#8745,#8746);
#7800=AXIS2_PLACEMENT_3D('',#10853,#8749,#8750);
#7801=AXIS2_PLACEMENT_3D('',#10857,#8753,#8754);
#7802=AXIS2_PLACEMENT_3D('',#10859,#8756,#8757);
#7803=AXIS2_PLACEMENT_3D('',#10860,#8758,#8759);
#7804=AXIS2_PLACEMENT_3D('',#10869,#8764,#8765);
#7805=AXIS2_PLACEMENT_3D('',#10875,#8769,#8770);
#7806=AXIS2_PLACEMENT_3D('',#10879,#8773,#8774);
#7807=AXIS2_PLACEMENT_3D('',#10883,#8777,#8778);
#7808=AXIS2_PLACEMENT_3D('',#10885,#8780,#8781);
#7809=AXIS2_PLACEMENT_3D('',#10886,#8782,#8783);
#7810=AXIS2_PLACEMENT_3D('',#10895,#8788,#8789);
#7811=AXIS2_PLACEMENT_3D('',#10901,#8793,#8794);
#7812=AXIS2_PLACEMENT_3D('',#10905,#8797,#8798);
#7813=AXIS2_PLACEMENT_3D('',#10909,#8801,#8802);
#7814=AXIS2_PLACEMENT_3D('',#10911,#8804,#8805);
#7815=AXIS2_PLACEMENT_3D('',#10912,#8806,#8807);
#7816=AXIS2_PLACEMENT_3D('',#10921,#8812,#8813);
#7817=AXIS2_PLACEMENT_3D('',#10927,#8817,#8818);
#7818=AXIS2_PLACEMENT_3D('',#10931,#8821,#8822);
#7819=AXIS2_PLACEMENT_3D('',#10935,#8825,#8826);
#7820=AXIS2_PLACEMENT_3D('',#10937,#8828,#8829);
#7821=AXIS2_PLACEMENT_3D('',#10938,#8830,#8831);
#7822=AXIS2_PLACEMENT_3D('',#10947,#8836,#8837);
#7823=AXIS2_PLACEMENT_3D('',#10953,#8841,#8842);
#7824=AXIS2_PLACEMENT_3D('',#10957,#8845,#8846);
#7825=AXIS2_PLACEMENT_3D('',#10961,#8849,#8850);
#7826=AXIS2_PLACEMENT_3D('',#10963,#8852,#8853);
#7827=AXIS2_PLACEMENT_3D('',#10964,#8854,#8855);
#7828=AXIS2_PLACEMENT_3D('',#10973,#8860,#8861);
#7829=AXIS2_PLACEMENT_3D('',#10979,#8865,#8866);
#7830=AXIS2_PLACEMENT_3D('',#10983,#8869,#8870);
#7831=AXIS2_PLACEMENT_3D('',#10987,#8873,#8874);
#7832=AXIS2_PLACEMENT_3D('',#10989,#8876,#8877);
#7833=AXIS2_PLACEMENT_3D('',#10990,#8878,#8879);
#7834=AXIS2_PLACEMENT_3D('',#10999,#8884,#8885);
#7835=AXIS2_PLACEMENT_3D('',#11005,#8889,#8890);
#7836=AXIS2_PLACEMENT_3D('',#11009,#8893,#8894);
#7837=AXIS2_PLACEMENT_3D('',#11013,#8897,#8898);
#7838=AXIS2_PLACEMENT_3D('',#11015,#8900,#8901);
#7839=AXIS2_PLACEMENT_3D('',#11016,#8902,#8903);
#7840=AXIS2_PLACEMENT_3D('',#11025,#8908,#8909);
#7841=AXIS2_PLACEMENT_3D('',#11031,#8913,#8914);
#7842=AXIS2_PLACEMENT_3D('',#11035,#8917,#8918);
#7843=AXIS2_PLACEMENT_3D('',#11039,#8921,#8922);
#7844=AXIS2_PLACEMENT_3D('',#11041,#8924,#8925);
#7845=AXIS2_PLACEMENT_3D('',#11042,#8926,#8927);
#7846=AXIS2_PLACEMENT_3D('',#11051,#8932,#8933);
#7847=AXIS2_PLACEMENT_3D('',#11057,#8937,#8938);
#7848=AXIS2_PLACEMENT_3D('',#11061,#8941,#8942);
#7849=AXIS2_PLACEMENT_3D('',#11065,#8945,#8946);
#7850=AXIS2_PLACEMENT_3D('',#11067,#8948,#8949);
#7851=AXIS2_PLACEMENT_3D('',#11068,#8950,#8951);
#7852=AXIS2_PLACEMENT_3D('',#11077,#8956,#8957);
#7853=AXIS2_PLACEMENT_3D('',#11083,#8961,#8962);
#7854=AXIS2_PLACEMENT_3D('',#11087,#8965,#8966);
#7855=AXIS2_PLACEMENT_3D('',#11091,#8969,#8970);
#7856=AXIS2_PLACEMENT_3D('',#11093,#8972,#8973);
#7857=AXIS2_PLACEMENT_3D('',#11094,#8974,#8975);
#7858=AXIS2_PLACEMENT_3D('',#11103,#8980,#8981);
#7859=AXIS2_PLACEMENT_3D('',#11109,#8985,#8986);
#7860=AXIS2_PLACEMENT_3D('',#11113,#8989,#8990);
#7861=AXIS2_PLACEMENT_3D('',#11117,#8993,#8994);
#7862=AXIS2_PLACEMENT_3D('',#11119,#8996,#8997);
#7863=AXIS2_PLACEMENT_3D('',#11120,#8998,#8999);
#7864=AXIS2_PLACEMENT_3D('',#11123,#9000,#9001);
#7865=AXIS2_PLACEMENT_3D('',#11127,#9003,#9004);
#7866=AXIS2_PLACEMENT_3D('',#11129,#9006,#9007);
#7867=AXIS2_PLACEMENT_3D('',#11133,#9009,#9010);
#7868=AXIS2_PLACEMENT_3D('',#11137,#9012,#9013);
#7869=AXIS2_PLACEMENT_3D('',#11141,#9015,#9016);
#7870=AXIS2_PLACEMENT_3D('',#11151,#9022,#9023);
#7871=AXIS2_PLACEMENT_3D('',#11155,#9026,#9027);
#7872=AXIS2_PLACEMENT_3D('',#11157,#9028,#9029);
#7873=AXIS2_PLACEMENT_3D('',#11159,#9031,#9032);
#7874=AXIS2_PLACEMENT_3D('',#11163,#9034,#9035);
#7875=AXIS2_PLACEMENT_3D('',#11165,#9037,#9038);
#7876=AXIS2_PLACEMENT_3D('',#11169,#9041,#9042);
#7877=AXIS2_PLACEMENT_3D('',#11171,#9043,#9044);
#7878=AXIS2_PLACEMENT_3D('',#11173,#9046,#9047);
#7879=AXIS2_PLACEMENT_3D('',#11175,#9049,#9050);
#7880=AXIS2_PLACEMENT_3D('',#11181,#9054,#9055);
#7881=AXIS2_PLACEMENT_3D('',#11185,#9058,#9059);
#7882=AXIS2_PLACEMENT_3D('',#11189,#9062,#9063);
#7883=AXIS2_PLACEMENT_3D('',#11191,#9065,#9066);
#7884=AXIS2_PLACEMENT_3D('',#11193,#9068,#9069);
#7885=AXIS2_PLACEMENT_3D('',#11194,#9070,#9071);
#7886=AXIS2_PLACEMENT_3D('',#11197,#9072,#9073);
#7887=AXIS2_PLACEMENT_3D('',#11201,#9075,#9076);
#7888=AXIS2_PLACEMENT_3D('',#11203,#9078,#9079);
#7889=AXIS2_PLACEMENT_3D('',#11207,#9081,#9082);
#7890=AXIS2_PLACEMENT_3D('',#11211,#9084,#9085);
#7891=AXIS2_PLACEMENT_3D('',#11215,#9087,#9088);
#7892=AXIS2_PLACEMENT_3D('',#11225,#9094,#9095);
#7893=AXIS2_PLACEMENT_3D('',#11229,#9098,#9099);
#7894=AXIS2_PLACEMENT_3D('',#11231,#9100,#9101);
#7895=AXIS2_PLACEMENT_3D('',#11233,#9103,#9104);
#7896=AXIS2_PLACEMENT_3D('',#11236,#9105,#9106);
#7897=AXIS2_PLACEMENT_3D('',#11239,#9109,#9110);
#7898=AXIS2_PLACEMENT_3D('',#11243,#9113,#9114);
#7899=AXIS2_PLACEMENT_3D('',#11245,#9115,#9116);
#7900=AXIS2_PLACEMENT_3D('',#11247,#9118,#9119);
#7901=AXIS2_PLACEMENT_3D('',#11249,#9121,#9122);
#7902=AXIS2_PLACEMENT_3D('',#11255,#9126,#9127);
#7903=AXIS2_PLACEMENT_3D('',#11259,#9130,#9131);
#7904=AXIS2_PLACEMENT_3D('',#11263,#9134,#9135);
#7905=AXIS2_PLACEMENT_3D('',#11265,#9137,#9138);
#7906=AXIS2_PLACEMENT_3D('',#11267,#9140,#9141);
#7907=AXIS2_PLACEMENT_3D('',#11268,#9142,#9143);
#7908=AXIS2_PLACEMENT_3D('',#11271,#9144,#9145);
#7909=AXIS2_PLACEMENT_3D('',#11275,#9147,#9148);
#7910=AXIS2_PLACEMENT_3D('',#11277,#9150,#9151);
#7911=AXIS2_PLACEMENT_3D('',#11281,#9153,#9154);
#7912=AXIS2_PLACEMENT_3D('',#11287,#9158,#9159);
#7913=AXIS2_PLACEMENT_3D('',#11291,#9162,#9163);
#7914=AXIS2_PLACEMENT_3D('',#11293,#9164,#9165);
#7915=AXIS2_PLACEMENT_3D('',#11295,#9167,#9168);
#7916=AXIS2_PLACEMENT_3D('',#11301,#9172,#9173);
#7917=AXIS2_PLACEMENT_3D('',#11303,#9175,#9176);
#7918=AXIS2_PLACEMENT_3D('',#11305,#9178,#9179);
#7919=AXIS2_PLACEMENT_3D('',#11306,#9180,#9181);
#7920=AXIS2_PLACEMENT_3D('',#11309,#9182,#9183);
#7921=AXIS2_PLACEMENT_3D('',#11313,#9185,#9186);
#7922=AXIS2_PLACEMENT_3D('',#11315,#9188,#9189);
#7923=AXIS2_PLACEMENT_3D('',#11319,#9191,#9192);
#7924=AXIS2_PLACEMENT_3D('',#11325,#9196,#9197);
#7925=AXIS2_PLACEMENT_3D('',#11329,#9200,#9201);
#7926=AXIS2_PLACEMENT_3D('',#11331,#9202,#9203);
#7927=AXIS2_PLACEMENT_3D('',#11333,#9205,#9206);
#7928=AXIS2_PLACEMENT_3D('',#11337,#9209,#9210);
#7929=AXIS2_PLACEMENT_3D('',#11341,#9213,#9214);
#7930=AXIS2_PLACEMENT_3D('',#11343,#9216,#9217);
#7931=AXIS2_PLACEMENT_3D('',#11344,#9218,#9219);
#7932=AXIS2_PLACEMENT_3D('',#11347,#9220,#9221);
#7933=AXIS2_PLACEMENT_3D('',#11351,#9223,#9224);
#7934=AXIS2_PLACEMENT_3D('',#11353,#9226,#9227);
#7935=AXIS2_PLACEMENT_3D('',#11361,#9231,#9232);
#7936=AXIS2_PLACEMENT_3D('',#11365,#9235,#9236);
#7937=AXIS2_PLACEMENT_3D('',#11372,#9240,#9241);
#7938=AXIS2_PLACEMENT_3D('',#11373,#9242,#9243);
#7939=AXIS2_PLACEMENT_3D('',#11375,#9244,#9245);
#7940=AXIS2_PLACEMENT_3D('',#11377,#9247,#9248);
#7941=AXIS2_PLACEMENT_3D('',#11383,#9252,#9253);
#7942=AXIS2_PLACEMENT_3D('',#11385,#9255,#9256);
#7943=AXIS2_PLACEMENT_3D('',#11387,#9257,#9258);
#7944=AXIS2_PLACEMENT_3D('',#11389,#9260,#9261);
#7945=AXIS2_PLACEMENT_3D('',#11393,#9264,#9265);
#7946=AXIS2_PLACEMENT_3D('',#11397,#9268,#9269);
#7947=AXIS2_PLACEMENT_3D('',#11399,#9271,#9272);
#7948=AXIS2_PLACEMENT_3D('',#11400,#9273,#9274);
#7949=AXIS2_PLACEMENT_3D('',#11403,#9275,#9276);
#7950=AXIS2_PLACEMENT_3D('',#11407,#9278,#9279);
#7951=AXIS2_PLACEMENT_3D('',#11409,#9281,#9282);
#7952=AXIS2_PLACEMENT_3D('',#11413,#9284,#9285);
#7953=AXIS2_PLACEMENT_3D('',#11417,#9287,#9288);
#7954=AXIS2_PLACEMENT_3D('',#11421,#9290,#9291);
#7955=AXIS2_PLACEMENT_3D('',#11431,#9297,#9298);
#7956=AXIS2_PLACEMENT_3D('',#11435,#9301,#9302);
#7957=AXIS2_PLACEMENT_3D('',#11437,#9303,#9304);
#7958=AXIS2_PLACEMENT_3D('',#11439,#9306,#9307);
#7959=AXIS2_PLACEMENT_3D('',#11443,#9309,#9310);
#7960=AXIS2_PLACEMENT_3D('',#11445,#9312,#9313);
#7961=AXIS2_PLACEMENT_3D('',#11449,#9316,#9317);
#7962=AXIS2_PLACEMENT_3D('',#11451,#9318,#9319);
#7963=AXIS2_PLACEMENT_3D('',#11453,#9321,#9322);
#7964=AXIS2_PLACEMENT_3D('',#11455,#9324,#9325);
#7965=AXIS2_PLACEMENT_3D('',#11461,#9329,#9330);
#7966=AXIS2_PLACEMENT_3D('',#11465,#9333,#9334);
#7967=AXIS2_PLACEMENT_3D('',#11469,#9337,#9338);
#7968=AXIS2_PLACEMENT_3D('',#11471,#9340,#9341);
#7969=AXIS2_PLACEMENT_3D('',#11473,#9343,#9344);
#7970=AXIS2_PLACEMENT_3D('',#11474,#9345,#9346);
#7971=AXIS2_PLACEMENT_3D('',#11477,#9347,#9348);
#7972=AXIS2_PLACEMENT_3D('',#11481,#9350,#9351);
#7973=AXIS2_PLACEMENT_3D('',#11483,#9353,#9354);
#7974=AXIS2_PLACEMENT_3D('',#11489,#9358,#9359);
#7975=AXIS2_PLACEMENT_3D('',#11493,#9361,#9362);
#7976=AXIS2_PLACEMENT_3D('',#11497,#9364,#9365);
#7977=AXIS2_PLACEMENT_3D('',#11500,#9367,#9368);
#7978=AXIS2_PLACEMENT_3D('',#11509,#9373,#9374);
#7979=AXIS2_PLACEMENT_3D('',#11513,#9376,#9377);
#7980=AXIS2_PLACEMENT_3D('',#11515,#9379,#9380);
#7981=AXIS2_PLACEMENT_3D('',#11517,#9381,#9382);
#7982=AXIS2_PLACEMENT_3D('',#11522,#9385,#9386);
#7983=AXIS2_PLACEMENT_3D('',#11532,#9392,#9393);
#7984=AXIS2_PLACEMENT_3D('',#11534,#9395,#9396);
#7985=AXIS2_PLACEMENT_3D('',#11536,#9398,#9399);
#7986=AXIS2_PLACEMENT_3D('',#11538,#9401,#9402);
#7987=AXIS2_PLACEMENT_3D('',#11539,#9403,#9404);
#7988=AXIS2_PLACEMENT_3D('',#11542,#9407,#9408);
#7989=AXIS2_PLACEMENT_3D('',#11544,#9410,#9411);
#7990=AXIS2_PLACEMENT_3D('',#11546,#9413,#9414);
#7991=AXIS2_PLACEMENT_3D('',#11547,#9415,#9416);
#7992=AXIS2_PLACEMENT_3D('',#11548,#9417,#9418);
#7993=AXIS2_PLACEMENT_3D('',#11551,#9419,#9420);
#7994=AXIS2_PLACEMENT_3D('',#11555,#9422,#9423);
#7995=AXIS2_PLACEMENT_3D('',#11557,#9425,#9426);
#7996=AXIS2_PLACEMENT_3D('',#11561,#9428,#9429);
#7997=AXIS2_PLACEMENT_3D('',#11565,#9431,#9432);
#7998=AXIS2_PLACEMENT_3D('',#11569,#9434,#9435);
#7999=AXIS2_PLACEMENT_3D('',#11579,#9441,#9442);
#8000=AXIS2_PLACEMENT_3D('',#11583,#9445,#9446);
#8001=AXIS2_PLACEMENT_3D('',#11585,#9447,#9448);
#8002=AXIS2_PLACEMENT_3D('',#11587,#9450,#9451);
#8003=AXIS2_PLACEMENT_3D('',#11590,#9452,#9453);
#8004=AXIS2_PLACEMENT_3D('',#11593,#9456,#9457);
#8005=AXIS2_PLACEMENT_3D('',#11597,#9460,#9461);
#8006=AXIS2_PLACEMENT_3D('',#11599,#9462,#9463);
#8007=AXIS2_PLACEMENT_3D('',#11601,#9465,#9466);
#8008=AXIS2_PLACEMENT_3D('',#11603,#9468,#9469);
#8009=AXIS2_PLACEMENT_3D('',#11613,#9475,#9476);
#8010=AXIS2_PLACEMENT_3D('',#11616,#9479,#9480);
#8011=AXIS2_PLACEMENT_3D('',#11618,#9482,#9483);
#8012=AXIS2_PLACEMENT_3D('',#11620,#9485,#9486);
#8013=AXIS2_PLACEMENT_3D('',#11621,#9487,#9488);
#8014=AXIS2_PLACEMENT_3D('',#11622,#9489,#9490);
#8015=AXIS2_PLACEMENT_3D('',#11625,#9491,#9492);
#8016=AXIS2_PLACEMENT_3D('',#11629,#9494,#9495);
#8017=AXIS2_PLACEMENT_3D('',#11631,#9497,#9498);
#8018=AXIS2_PLACEMENT_3D('',#11635,#9500,#9501);
#8019=AXIS2_PLACEMENT_3D('',#11639,#9503,#9504);
#8020=AXIS2_PLACEMENT_3D('',#11643,#9506,#9507);
#8021=AXIS2_PLACEMENT_3D('',#11653,#9513,#9514);
#8022=AXIS2_PLACEMENT_3D('',#11657,#9517,#9518);
#8023=AXIS2_PLACEMENT_3D('',#11659,#9519,#9520);
#8024=AXIS2_PLACEMENT_3D('',#11661,#9522,#9523);
#8025=AXIS2_PLACEMENT_3D('',#11665,#9525,#9526);
#8026=AXIS2_PLACEMENT_3D('',#11667,#9528,#9529);
#8027=AXIS2_PLACEMENT_3D('',#11671,#9532,#9533);
#8028=AXIS2_PLACEMENT_3D('',#11673,#9534,#9535);
#8029=AXIS2_PLACEMENT_3D('',#11675,#9537,#9538);
#8030=AXIS2_PLACEMENT_3D('',#11677,#9540,#9541);
#8031=AXIS2_PLACEMENT_3D('',#11683,#9545,#9546);
#8032=AXIS2_PLACEMENT_3D('',#11687,#9549,#9550);
#8033=AXIS2_PLACEMENT_3D('',#11691,#9553,#9554);
#8034=AXIS2_PLACEMENT_3D('',#11693,#9556,#9557);
#8035=AXIS2_PLACEMENT_3D('',#11695,#9559,#9560);
#8036=AXIS2_PLACEMENT_3D('',#11696,#9561,#9562);
#8037=AXIS2_PLACEMENT_3D('',#11699,#9563,#9564);
#8038=AXIS2_PLACEMENT_3D('',#11703,#9566,#9567);
#8039=AXIS2_PLACEMENT_3D('',#11705,#9569,#9570);
#8040=AXIS2_PLACEMENT_3D('',#11711,#9574,#9575);
#8041=AXIS2_PLACEMENT_3D('',#11715,#9577,#9578);
#8042=AXIS2_PLACEMENT_3D('',#11719,#9580,#9581);
#8043=AXIS2_PLACEMENT_3D('',#11722,#9583,#9584);
#8044=AXIS2_PLACEMENT_3D('',#11731,#9589,#9590);
#8045=AXIS2_PLACEMENT_3D('',#11734,#9591,#9592);
#8046=AXIS2_PLACEMENT_3D('',#11737,#9595,#9596);
#8047=AXIS2_PLACEMENT_3D('',#11741,#9599,#9600);
#8048=AXIS2_PLACEMENT_3D('',#11743,#9601,#9602);
#8049=AXIS2_PLACEMENT_3D('',#11745,#9604,#9605);
#8050=AXIS2_PLACEMENT_3D('',#11748,#9607,#9608);
#8051=AXIS2_PLACEMENT_3D('',#11758,#9614,#9615);
#8052=AXIS2_PLACEMENT_3D('',#11760,#9617,#9618);
#8053=AXIS2_PLACEMENT_3D('',#11761,#9619,#9620);
#8054=AXIS2_PLACEMENT_3D('',#11764,#9623,#9624);
#8055=AXIS2_PLACEMENT_3D('',#11766,#9626,#9627);
#8056=AXIS2_PLACEMENT_3D('',#11768,#9629,#9630);
#8057=AXIS2_PLACEMENT_3D('',#11769,#9631,#9632);
#8058=AXIS2_PLACEMENT_3D('',#11770,#9633,#9634);
#8059=AXIS2_PLACEMENT_3D('',#11773,#9635,#9636);
#8060=AXIS2_PLACEMENT_3D('',#11777,#9638,#9639);
#8061=AXIS2_PLACEMENT_3D('',#11779,#9641,#9642);
#8062=AXIS2_PLACEMENT_3D('',#11785,#9646,#9647);
#8063=AXIS2_PLACEMENT_3D('',#11789,#9649,#9650);
#8064=AXIS2_PLACEMENT_3D('',#11793,#9652,#9653);
#8065=AXIS2_PLACEMENT_3D('',#11796,#9655,#9656);
#8066=AXIS2_PLACEMENT_3D('',#11805,#9661,#9662);
#8067=AXIS2_PLACEMENT_3D('',#11809,#9664,#9665);
#8068=AXIS2_PLACEMENT_3D('',#11811,#9667,#9668);
#8069=AXIS2_PLACEMENT_3D('',#11815,#9671,#9672);
#8070=AXIS2_PLACEMENT_3D('',#11817,#9673,#9674);
#8071=AXIS2_PLACEMENT_3D('',#11819,#9676,#9677);
#8072=AXIS2_PLACEMENT_3D('',#11821,#9678,#9679);
#8073=AXIS2_PLACEMENT_3D('',#11823,#9681,#9682);
#8074=AXIS2_PLACEMENT_3D('',#11825,#9684,#9685);
#8075=AXIS2_PLACEMENT_3D('',#11835,#9691,#9692);
#8076=AXIS2_PLACEMENT_3D('',#11838,#9695,#9696);
#8077=AXIS2_PLACEMENT_3D('',#11840,#9698,#9699);
#8078=AXIS2_PLACEMENT_3D('',#11842,#9701,#9702);
#8079=AXIS2_PLACEMENT_3D('',#11843,#9703,#9704);
#8080=AXIS2_PLACEMENT_3D('',#11844,#9705,#9706);
#8081=AXIS2_PLACEMENT_3D('',#11847,#9707,#9708);
#8082=AXIS2_PLACEMENT_3D('',#11851,#9710,#9711);
#8083=AXIS2_PLACEMENT_3D('',#11853,#9713,#9714);
#8084=AXIS2_PLACEMENT_3D('',#11859,#9718,#9719);
#8085=AXIS2_PLACEMENT_3D('',#11863,#9721,#9722);
#8086=AXIS2_PLACEMENT_3D('',#11867,#9724,#9725);
#8087=AXIS2_PLACEMENT_3D('',#11870,#9727,#9728);
#8088=AXIS2_PLACEMENT_3D('',#11879,#9733,#9734);
#8089=AXIS2_PLACEMENT_3D('',#11882,#9735,#9736);
#8090=AXIS2_PLACEMENT_3D('',#11885,#9739,#9740);
#8091=AXIS2_PLACEMENT_3D('',#11889,#9743,#9744);
#8092=AXIS2_PLACEMENT_3D('',#11891,#9745,#9746);
#8093=AXIS2_PLACEMENT_3D('',#11893,#9748,#9749);
#8094=AXIS2_PLACEMENT_3D('',#11896,#9751,#9752);
#8095=AXIS2_PLACEMENT_3D('',#11897,#9753,#9754);
#8096=AXIS2_PLACEMENT_3D('',#11908,#9761,#9762);
#8097=AXIS2_PLACEMENT_3D('',#11909,#9763,#9764);
#8098=AXIS2_PLACEMENT_3D('',#11912,#9767,#9768);
#8099=AXIS2_PLACEMENT_3D('',#11914,#9770,#9771);
#8100=AXIS2_PLACEMENT_3D('',#11916,#9773,#9774);
#8101=AXIS2_PLACEMENT_3D('',#11917,#9775,#9776);
#8102=AXIS2_PLACEMENT_3D('',#11918,#9777,#9778);
#8103=AXIS2_PLACEMENT_3D('',#11921,#9779,#9780);
#8104=AXIS2_PLACEMENT_3D('',#11925,#9782,#9783);
#8105=AXIS2_PLACEMENT_3D('',#11927,#9785,#9786);
#8106=AXIS2_PLACEMENT_3D('',#11933,#9790,#9791);
#8107=AXIS2_PLACEMENT_3D('',#11937,#9793,#9794);
#8108=AXIS2_PLACEMENT_3D('',#11941,#9796,#9797);
#8109=AXIS2_PLACEMENT_3D('',#11944,#9799,#9800);
#8110=AXIS2_PLACEMENT_3D('',#11953,#9805,#9806);
#8111=AXIS2_PLACEMENT_3D('',#11955,#9807,#9808);
#8112=AXIS2_PLACEMENT_3D('',#11957,#9810,#9811);
#8113=AXIS2_PLACEMENT_3D('',#11961,#9814,#9815);
#8114=AXIS2_PLACEMENT_3D('',#11963,#9816,#9817);
#8115=AXIS2_PLACEMENT_3D('',#11965,#9819,#9820);
#8116=AXIS2_PLACEMENT_3D('',#11969,#9823,#9824);
#8117=AXIS2_PLACEMENT_3D('',#11972,#9826,#9827);
#8118=AXIS2_PLACEMENT_3D('',#11973,#9828,#9829);
#8119=AXIS2_PLACEMENT_3D('',#11975,#9831,#9832);
#8120=AXIS2_PLACEMENT_3D('',#11981,#9836,#9837);
#8121=AXIS2_PLACEMENT_3D('',#11985,#9840,#9841);
#8122=AXIS2_PLACEMENT_3D('',#11989,#9844,#9845);
#8123=AXIS2_PLACEMENT_3D('',#11991,#9847,#9848);
#8124=AXIS2_PLACEMENT_3D('',#11992,#9849,#9850);
#8125=AXIS2_PLACEMENT_3D('',#11995,#9851,#9852);
#8126=AXIS2_PLACEMENT_3D('',#11999,#9854,#9855);
#8127=AXIS2_PLACEMENT_3D('',#12001,#9857,#9858);
#8128=AXIS2_PLACEMENT_3D('',#12007,#9862,#9863);
#8129=AXIS2_PLACEMENT_3D('',#12011,#9865,#9866);
#8130=AXIS2_PLACEMENT_3D('',#12015,#9868,#9869);
#8131=AXIS2_PLACEMENT_3D('',#12018,#9871,#9872);
#8132=AXIS2_PLACEMENT_3D('',#12027,#9877,#9878);
#8133=AXIS2_PLACEMENT_3D('',#12031,#9880,#9881);
#8134=AXIS2_PLACEMENT_3D('',#12033,#9883,#9884);
#8135=AXIS2_PLACEMENT_3D('',#12037,#9887,#9888);
#8136=AXIS2_PLACEMENT_3D('',#12039,#9889,#9890);
#8137=AXIS2_PLACEMENT_3D('',#12042,#9892,#9893);
#8138=AXIS2_PLACEMENT_3D('',#12052,#9899,#9900);
#8139=AXIS2_PLACEMENT_3D('',#12054,#9902,#9903);
#8140=AXIS2_PLACEMENT_3D('',#12056,#9905,#9906);
#8141=AXIS2_PLACEMENT_3D('',#12057,#9907,#9908);
#8142=AXIS2_PLACEMENT_3D('',#12060,#9911,#9912);
#8143=AXIS2_PLACEMENT_3D('',#12062,#9914,#9915);
#8144=AXIS2_PLACEMENT_3D('',#12064,#9917,#9918);
#8145=AXIS2_PLACEMENT_3D('',#12065,#9919,#9920);
#8146=AXIS2_PLACEMENT_3D('',#12066,#9921,#9922);
#8147=AXIS2_PLACEMENT_3D('',#12069,#9923,#9924);
#8148=AXIS2_PLACEMENT_3D('',#12073,#9926,#9927);
#8149=AXIS2_PLACEMENT_3D('',#12075,#9929,#9930);
#8150=AXIS2_PLACEMENT_3D('',#12081,#9934,#9935);
#8151=AXIS2_PLACEMENT_3D('',#12085,#9937,#9938);
#8152=AXIS2_PLACEMENT_3D('',#12089,#9940,#9941);
#8153=AXIS2_PLACEMENT_3D('',#12092,#9943,#9944);
#8154=AXIS2_PLACEMENT_3D('',#12101,#9949,#9950);
#8155=AXIS2_PLACEMENT_3D('',#12105,#9952,#9953);
#8156=AXIS2_PLACEMENT_3D('',#12107,#9955,#9956);
#8157=AXIS2_PLACEMENT_3D('',#12111,#9959,#9960);
#8158=AXIS2_PLACEMENT_3D('',#12113,#9961,#9962);
#8159=AXIS2_PLACEMENT_3D('',#12116,#9964,#9965);
#8160=AXIS2_PLACEMENT_3D('',#12126,#9971,#9972);
#8161=AXIS2_PLACEMENT_3D('',#12128,#9974,#9975);
#8162=AXIS2_PLACEMENT_3D('',#12130,#9977,#9978);
#8163=AXIS2_PLACEMENT_3D('',#12131,#9979,#9980);
#8164=AXIS2_PLACEMENT_3D('',#12134,#9983,#9984);
#8165=AXIS2_PLACEMENT_3D('',#12136,#9986,#9987);
#8166=AXIS2_PLACEMENT_3D('',#12138,#9989,#9990);
#8167=AXIS2_PLACEMENT_3D('',#12139,#9991,#9992);
#8168=AXIS2_PLACEMENT_3D('',#12140,#9993,#9994);
#8169=AXIS2_PLACEMENT_3D('',#12143,#9995,#9996);
#8170=AXIS2_PLACEMENT_3D('',#12147,#9998,#9999);
#8171=AXIS2_PLACEMENT_3D('',#12149,#10001,#10002);
#8172=AXIS2_PLACEMENT_3D('',#12155,#10006,#10007);
#8173=AXIS2_PLACEMENT_3D('',#12159,#10009,#10010);
#8174=AXIS2_PLACEMENT_3D('',#12163,#10012,#10013);
#8175=AXIS2_PLACEMENT_3D('',#12166,#10015,#10016);
#8176=AXIS2_PLACEMENT_3D('',#12175,#10021,#10022);
#8177=AXIS2_PLACEMENT_3D('',#12179,#10024,#10025);
#8178=AXIS2_PLACEMENT_3D('',#12181,#10027,#10028);
#8179=AXIS2_PLACEMENT_3D('',#12185,#10031,#10032);
#8180=AXIS2_PLACEMENT_3D('',#12187,#10033,#10034);
#8181=AXIS2_PLACEMENT_3D('',#12190,#10036,#10037);
#8182=AXIS2_PLACEMENT_3D('',#12200,#10043,#10044);
#8183=AXIS2_PLACEMENT_3D('',#12202,#10046,#10047);
#8184=AXIS2_PLACEMENT_3D('',#12204,#10049,#10050);
#8185=AXIS2_PLACEMENT_3D('',#12205,#10051,#10052);
#8186=AXIS2_PLACEMENT_3D('',#12206,#10053,#10054);
#8187=AXIS2_PLACEMENT_3D('',#12209,#10057,#10058);
#8188=AXIS2_PLACEMENT_3D('',#12211,#10060,#10061);
#8189=AXIS2_PLACEMENT_3D('',#12213,#10063,#10064);
#8190=AXIS2_PLACEMENT_3D('',#12214,#10065,#10066);
#8191=AXIS2_PLACEMENT_3D('',#12217,#10067,#10068);
#8192=AXIS2_PLACEMENT_3D('',#12221,#10070,#10071);
#8193=AXIS2_PLACEMENT_3D('',#12223,#10073,#10074);
#8194=AXIS2_PLACEMENT_3D('',#12227,#10076,#10077);
#8195=AXIS2_PLACEMENT_3D('',#12231,#10079,#10080);
#8196=AXIS2_PLACEMENT_3D('',#12235,#10082,#10083);
#8197=AXIS2_PLACEMENT_3D('',#12245,#10089,#10090);
#8198=AXIS2_PLACEMENT_3D('',#12249,#10093,#10094);
#8199=AXIS2_PLACEMENT_3D('',#12251,#10095,#10096);
#8200=AXIS2_PLACEMENT_3D('',#12253,#10098,#10099);
#8201=AXIS2_PLACEMENT_3D('',#12257,#10101,#10102);
#8202=AXIS2_PLACEMENT_3D('',#12259,#10104,#10105);
#8203=AXIS2_PLACEMENT_3D('',#12263,#10108,#10109);
#8204=AXIS2_PLACEMENT_3D('',#12266,#10111,#10112);
#8205=AXIS2_PLACEMENT_3D('',#12276,#10118,#10119);
#8206=AXIS2_PLACEMENT_3D('',#12278,#10121,#10122);
#8207=AXIS2_PLACEMENT_3D('',#12279,#10123,#10124);
#8208=AXIS2_PLACEMENT_3D('',#12282,#10127,#10128);
#8209=AXIS2_PLACEMENT_3D('',#12284,#10130,#10131);
#8210=AXIS2_PLACEMENT_3D('',#12286,#10133,#10134);
#8211=AXIS2_PLACEMENT_3D('',#12287,#10135,#10136);
#8212=AXIS2_PLACEMENT_3D('',#12288,#10137,#10138);
#8213=AXIS2_PLACEMENT_3D('',#12291,#10139,#10140);
#8214=AXIS2_PLACEMENT_3D('',#12295,#10142,#10143);
#8215=AXIS2_PLACEMENT_3D('',#12297,#10145,#10146);
#8216=AXIS2_PLACEMENT_3D('',#12303,#10150,#10151);
#8217=AXIS2_PLACEMENT_3D('',#12307,#10153,#10154);
#8218=AXIS2_PLACEMENT_3D('',#12311,#10156,#10157);
#8219=AXIS2_PLACEMENT_3D('',#12314,#10159,#10160);
#8220=AXIS2_PLACEMENT_3D('',#12323,#10165,#10166);
#8221=AXIS2_PLACEMENT_3D('',#12327,#10168,#10169);
#8222=AXIS2_PLACEMENT_3D('',#12329,#10171,#10172);
#8223=AXIS2_PLACEMENT_3D('',#12331,#10173,#10174);
#8224=AXIS2_PLACEMENT_3D('',#12336,#10177,#10178);
#8225=AXIS2_PLACEMENT_3D('',#12346,#10184,#10185);
#8226=AXIS2_PLACEMENT_3D('',#12348,#10187,#10188);
#8227=AXIS2_PLACEMENT_3D('',#12350,#10190,#10191);
#8228=AXIS2_PLACEMENT_3D('',#12352,#10193,#10194);
#8229=AXIS2_PLACEMENT_3D('',#12353,#10195,#10196);
#8230=AXIS2_PLACEMENT_3D('',#12356,#10199,#10200);
#8231=AXIS2_PLACEMENT_3D('',#12358,#10202,#10203);
#8232=AXIS2_PLACEMENT_3D('',#12360,#10205,#10206);
#8233=AXIS2_PLACEMENT_3D('',#12361,#10207,#10208);
#8234=AXIS2_PLACEMENT_3D('',#12362,#10209,#10210);
#8235=AXIS2_PLACEMENT_3D('',#12365,#10211,#10212);
#8236=AXIS2_PLACEMENT_3D('',#12369,#10214,#10215);
#8237=AXIS2_PLACEMENT_3D('',#12371,#10217,#10218);
#8238=AXIS2_PLACEMENT_3D('',#12377,#10222,#10223);
#8239=AXIS2_PLACEMENT_3D('',#12381,#10225,#10226);
#8240=AXIS2_PLACEMENT_3D('',#12385,#10228,#10229);
#8241=AXIS2_PLACEMENT_3D('',#12388,#10231,#10232);
#8242=AXIS2_PLACEMENT_3D('',#12397,#10237,#10238);
#8243=AXIS2_PLACEMENT_3D('',#12401,#10240,#10241);
#8244=AXIS2_PLACEMENT_3D('',#12403,#10243,#10244);
#8245=AXIS2_PLACEMENT_3D('',#12407,#10247,#10248);
#8246=AXIS2_PLACEMENT_3D('',#12408,#10249,#10250);
#8247=AXIS2_PLACEMENT_3D('',#12409,#10251,#10252);
#8248=AXIS2_PLACEMENT_3D('',#12412,#10253,#10254);
#8249=AXIS2_PLACEMENT_3D('',#12415,#10257,#10258);
#8250=AXIS2_PLACEMENT_3D('',#12417,#10260,#10261);
#8251=AXIS2_PLACEMENT_3D('',#12427,#10267,#10268);
#8252=AXIS2_PLACEMENT_3D('',#12430,#10271,#10272);
#8253=AXIS2_PLACEMENT_3D('',#12432,#10274,#10275);
#8254=AXIS2_PLACEMENT_3D('',#12434,#10277,#10278);
#8255=AXIS2_PLACEMENT_3D('',#12435,#10279,#10280);
#8256=DIRECTION('axis',(0.,0.,1.));
#8257=DIRECTION('refdir',(1.,0.,0.));
#8258=DIRECTION('center_axis',(0.,-1.,0.));
#8259=DIRECTION('ref_axis',(1.,0.,0.));
#8260=DIRECTION('',(1.,0.,0.));
#8261=DIRECTION('',(0.,0.,1.));
#8262=DIRECTION('',(1.,0.,0.));
#8263=DIRECTION('',(0.,0.,1.));
#8264=DIRECTION('center_axis',(1.,0.,0.));
#8265=DIRECTION('ref_axis',(0.,1.,0.));
#8266=DIRECTION('',(0.,1.,0.));
#8267=DIRECTION('',(0.,1.,0.));
#8268=DIRECTION('',(0.,0.,1.));
#8269=DIRECTION('center_axis',(0.,1.,0.));
#8270=DIRECTION('ref_axis',(-1.,0.,0.));
#8271=DIRECTION('',(-1.,0.,0.));
#8272=DIRECTION('',(-1.,0.,0.));
#8273=DIRECTION('',(0.,0.,1.));
#8274=DIRECTION('center_axis',(-1.,0.,0.));
#8275=DIRECTION('ref_axis',(0.,-1.,0.));
#8276=DIRECTION('',(0.,-1.,0.));
#8277=DIRECTION('',(0.,-1.,0.));
#8278=DIRECTION('center_axis',(0.,-1.,0.));
#8279=DIRECTION('ref_axis',(1.,0.,0.));
#8280=DIRECTION('',(1.,0.,0.));
#8281=DIRECTION('',(0.,0.,1.));
#8282=DIRECTION('',(1.,0.,0.));
#8283=DIRECTION('',(0.,0.,1.));
#8284=DIRECTION('center_axis',(1.,0.,0.));
#8285=DIRECTION('ref_axis',(0.,1.,0.));
#8286=DIRECTION('',(0.,1.,0.));
#8287=DIRECTION('',(0.,1.,0.));
#8288=DIRECTION('',(0.,0.,1.));
#8289=DIRECTION('center_axis',(0.,1.,0.));
#8290=DIRECTION('ref_axis',(-1.,0.,0.));
#8291=DIRECTION('',(-1.,0.,0.));
#8292=DIRECTION('',(-1.,0.,0.));
#8293=DIRECTION('',(0.,0.,1.));
#8294=DIRECTION('center_axis',(-1.,0.,0.));
#8295=DIRECTION('ref_axis',(0.,-1.,0.));
#8296=DIRECTION('',(0.,-1.,0.));
#8297=DIRECTION('',(0.,-1.,0.));
#8298=DIRECTION('center_axis',(0.,-1.,0.));
#8299=DIRECTION('ref_axis',(1.,0.,0.));
#8300=DIRECTION('',(1.,0.,0.));
#8301=DIRECTION('',(0.,0.,1.));
#8302=DIRECTION('',(1.,0.,0.));
#8303=DIRECTION('',(0.,0.,1.));
#8304=DIRECTION('center_axis',(1.,0.,0.));
#8305=DIRECTION('ref_axis',(0.,1.,0.));
#8306=DIRECTION('',(0.,1.,0.));
#8307=DIRECTION('',(0.,1.,0.));
#8308=DIRECTION('',(0.,0.,1.));
#8309=DIRECTION('center_axis',(0.,1.,0.));
#8310=DIRECTION('ref_axis',(-1.,0.,0.));
#8311=DIRECTION('',(-1.,0.,0.));
#8312=DIRECTION('',(-1.,0.,0.));
#8313=DIRECTION('',(0.,0.,1.));
#8314=DIRECTION('center_axis',(-1.,0.,0.));
#8315=DIRECTION('ref_axis',(0.,-1.,0.));
#8316=DIRECTION('',(0.,-1.,0.));
#8317=DIRECTION('',(0.,-1.,0.));
#8318=DIRECTION('center_axis',(0.,-1.,0.));
#8319=DIRECTION('ref_axis',(1.,0.,0.));
#8320=DIRECTION('',(1.,0.,0.));
#8321=DIRECTION('',(0.,0.,1.));
#8322=DIRECTION('',(1.,0.,0.));
#8323=DIRECTION('',(0.,0.,1.));
#8324=DIRECTION('center_axis',(1.,0.,0.));
#8325=DIRECTION('ref_axis',(0.,1.,0.));
#8326=DIRECTION('',(0.,1.,0.));
#8327=DIRECTION('',(0.,1.,0.));
#8328=DIRECTION('',(0.,0.,1.));
#8329=DIRECTION('center_axis',(0.,1.,0.));
#8330=DIRECTION('ref_axis',(-1.,0.,0.));
#8331=DIRECTION('',(-1.,0.,0.));
#8332=DIRECTION('',(-1.,0.,0.));
#8333=DIRECTION('',(0.,0.,1.));
#8334=DIRECTION('center_axis',(-1.,0.,0.));
#8335=DIRECTION('ref_axis',(0.,-1.,0.));
#8336=DIRECTION('',(0.,-1.,0.));
#8337=DIRECTION('',(0.,-1.,0.));
#8338=DIRECTION('center_axis',(0.,-1.,0.));
#8339=DIRECTION('ref_axis',(1.,0.,0.));
#8340=DIRECTION('',(1.,0.,0.));
#8341=DIRECTION('',(0.,0.,1.));
#8342=DIRECTION('',(1.,0.,0.));
#8343=DIRECTION('',(0.,0.,1.));
#8344=DIRECTION('center_axis',(1.,0.,0.));
#8345=DIRECTION('ref_axis',(0.,1.,0.));
#8346=DIRECTION('',(0.,1.,0.));
#8347=DIRECTION('',(0.,1.,0.));
#8348=DIRECTION('',(0.,0.,1.));
#8349=DIRECTION('center_axis',(0.,1.,0.));
#8350=DIRECTION('ref_axis',(-1.,0.,0.));
#8351=DIRECTION('',(-1.,0.,0.));
#8352=DIRECTION('',(-1.,0.,0.));
#8353=DIRECTION('',(0.,0.,1.));
#8354=DIRECTION('center_axis',(-1.,0.,0.));
#8355=DIRECTION('ref_axis',(0.,-1.,0.));
#8356=DIRECTION('',(0.,-1.,0.));
#8357=DIRECTION('',(0.,-1.,0.));
#8358=DIRECTION('center_axis',(0.,-1.,0.));
#8359=DIRECTION('ref_axis',(1.,0.,0.));
#8360=DIRECTION('',(1.,0.,0.));
#8361=DIRECTION('',(0.,0.,1.));
#8362=DIRECTION('',(1.,0.,0.));
#8363=DIRECTION('',(0.,0.,1.));
#8364=DIRECTION('center_axis',(1.,0.,0.));
#8365=DIRECTION('ref_axis',(0.,1.,0.));
#8366=DIRECTION('',(0.,1.,0.));
#8367=DIRECTION('',(0.,1.,0.));
#8368=DIRECTION('',(0.,0.,1.));
#8369=DIRECTION('center_axis',(0.,1.,0.));
#8370=DIRECTION('ref_axis',(-1.,0.,0.));
#8371=DIRECTION('',(-1.,0.,0.));
#8372=DIRECTION('',(-1.,0.,0.));
#8373=DIRECTION('',(0.,0.,1.));
#8374=DIRECTION('center_axis',(-1.,0.,0.));
#8375=DIRECTION('ref_axis',(0.,-1.,0.));
#8376=DIRECTION('',(0.,-1.,0.));
#8377=DIRECTION('',(0.,-1.,0.));
#8378=DIRECTION('center_axis',(0.,-1.,0.));
#8379=DIRECTION('ref_axis',(1.,0.,0.));
#8380=DIRECTION('',(1.,0.,0.));
#8381=DIRECTION('',(0.,0.,1.));
#8382=DIRECTION('',(1.,0.,0.));
#8383=DIRECTION('',(0.,0.,1.));
#8384=DIRECTION('center_axis',(1.,0.,0.));
#8385=DIRECTION('ref_axis',(0.,1.,0.));
#8386=DIRECTION('',(0.,1.,0.));
#8387=DIRECTION('',(0.,1.,0.));
#8388=DIRECTION('',(0.,0.,1.));
#8389=DIRECTION('center_axis',(0.,1.,0.));
#8390=DIRECTION('ref_axis',(-1.,0.,0.));
#8391=DIRECTION('',(-1.,0.,0.));
#8392=DIRECTION('',(-1.,0.,0.));
#8393=DIRECTION('',(0.,0.,1.));
#8394=DIRECTION('center_axis',(-1.,0.,0.));
#8395=DIRECTION('ref_axis',(0.,-1.,0.));
#8396=DIRECTION('',(0.,-1.,0.));
#8397=DIRECTION('',(0.,-1.,0.));
#8398=DIRECTION('center_axis',(0.,-1.,0.));
#8399=DIRECTION('ref_axis',(1.,0.,0.));
#8400=DIRECTION('',(1.,0.,0.));
#8401=DIRECTION('',(0.,0.,1.));
#8402=DIRECTION('',(1.,0.,0.));
#8403=DIRECTION('',(0.,0.,1.));
#8404=DIRECTION('center_axis',(1.,0.,0.));
#8405=DIRECTION('ref_axis',(0.,1.,0.));
#8406=DIRECTION('',(0.,1.,0.));
#8407=DIRECTION('',(0.,1.,0.));
#8408=DIRECTION('',(0.,0.,1.));
#8409=DIRECTION('center_axis',(0.,1.,0.));
#8410=DIRECTION('ref_axis',(-1.,0.,0.));
#8411=DIRECTION('',(-1.,0.,0.));
#8412=DIRECTION('',(-1.,0.,0.));
#8413=DIRECTION('',(0.,0.,1.));
#8414=DIRECTION('center_axis',(-1.,0.,0.));
#8415=DIRECTION('ref_axis',(0.,-1.,0.));
#8416=DIRECTION('',(0.,-1.,0.));
#8417=DIRECTION('',(0.,-1.,0.));
#8418=DIRECTION('center_axis',(0.,-1.,0.));
#8419=DIRECTION('ref_axis',(1.,0.,0.));
#8420=DIRECTION('',(1.,0.,0.));
#8421=DIRECTION('',(0.,0.,1.));
#8422=DIRECTION('',(1.,0.,0.));
#8423=DIRECTION('',(0.,0.,1.));
#8424=DIRECTION('center_axis',(1.,0.,0.));
#8425=DIRECTION('ref_axis',(0.,1.,0.));
#8426=DIRECTION('',(0.,1.,0.));
#8427=DIRECTION('',(0.,1.,0.));
#8428=DIRECTION('',(0.,0.,1.));
#8429=DIRECTION('center_axis',(0.,1.,0.));
#8430=DIRECTION('ref_axis',(-1.,0.,0.));
#8431=DIRECTION('',(-1.,0.,0.));
#8432=DIRECTION('',(-1.,0.,0.));
#8433=DIRECTION('',(0.,0.,1.));
#8434=DIRECTION('center_axis',(-1.,0.,0.));
#8435=DIRECTION('ref_axis',(0.,-1.,0.));
#8436=DIRECTION('',(0.,-1.,0.));
#8437=DIRECTION('',(0.,-1.,0.));
#8438=DIRECTION('center_axis',(0.,-1.,0.));
#8439=DIRECTION('ref_axis',(1.,0.,0.));
#8440=DIRECTION('',(1.,0.,0.));
#8441=DIRECTION('',(0.,0.,1.));
#8442=DIRECTION('',(1.,0.,0.));
#8443=DIRECTION('',(0.,0.,1.));
#8444=DIRECTION('center_axis',(1.,0.,0.));
#8445=DIRECTION('ref_axis',(0.,1.,0.));
#8446=DIRECTION('',(0.,1.,0.));
#8447=DIRECTION('',(0.,1.,0.));
#8448=DIRECTION('',(0.,0.,1.));
#8449=DIRECTION('center_axis',(0.,1.,0.));
#8450=DIRECTION('ref_axis',(-1.,0.,0.));
#8451=DIRECTION('',(-1.,0.,0.));
#8452=DIRECTION('',(-1.,0.,0.));
#8453=DIRECTION('',(0.,0.,1.));
#8454=DIRECTION('center_axis',(-1.,0.,0.));
#8455=DIRECTION('ref_axis',(0.,-1.,0.));
#8456=DIRECTION('',(0.,-1.,0.));
#8457=DIRECTION('',(0.,-1.,0.));
#8458=DIRECTION('center_axis',(0.,-1.,0.));
#8459=DIRECTION('ref_axis',(1.,0.,0.));
#8460=DIRECTION('',(1.,0.,0.));
#8461=DIRECTION('',(0.,0.,1.));
#8462=DIRECTION('',(1.,0.,0.));
#8463=DIRECTION('',(0.,0.,1.));
#8464=DIRECTION('center_axis',(1.,0.,0.));
#8465=DIRECTION('ref_axis',(0.,1.,0.));
#8466=DIRECTION('',(0.,1.,0.));
#8467=DIRECTION('',(0.,1.,0.));
#8468=DIRECTION('',(0.,0.,1.));
#8469=DIRECTION('center_axis',(0.,1.,0.));
#8470=DIRECTION('ref_axis',(-1.,0.,0.));
#8471=DIRECTION('',(-1.,0.,0.));
#8472=DIRECTION('',(-1.,0.,0.));
#8473=DIRECTION('',(0.,0.,1.));
#8474=DIRECTION('center_axis',(-1.,0.,0.));
#8475=DIRECTION('ref_axis',(0.,-1.,0.));
#8476=DIRECTION('',(0.,-1.,0.));
#8477=DIRECTION('',(0.,-1.,0.));
#8478=DIRECTION('center_axis',(0.,-1.,0.));
#8479=DIRECTION('ref_axis',(1.,0.,0.));
#8480=DIRECTION('',(1.,0.,0.));
#8481=DIRECTION('',(0.,0.,1.));
#8482=DIRECTION('',(1.,0.,0.));
#8483=DIRECTION('',(0.,0.,1.));
#8484=DIRECTION('center_axis',(1.,0.,0.));
#8485=DIRECTION('ref_axis',(0.,1.,0.));
#8486=DIRECTION('',(0.,1.,0.));
#8487=DIRECTION('',(0.,1.,0.));
#8488=DIRECTION('',(0.,0.,1.));
#8489=DIRECTION('center_axis',(0.,1.,0.));
#8490=DIRECTION('ref_axis',(-1.,0.,0.));
#8491=DIRECTION('',(-1.,0.,0.));
#8492=DIRECTION('',(-1.,0.,0.));
#8493=DIRECTION('',(0.,0.,1.));
#8494=DIRECTION('center_axis',(-1.,0.,0.));
#8495=DIRECTION('ref_axis',(0.,-1.,0.));
#8496=DIRECTION('',(0.,-1.,0.));
#8497=DIRECTION('',(0.,-1.,0.));
#8498=DIRECTION('center_axis',(1.,0.,0.));
#8499=DIRECTION('ref_axis',(0.,1.,0.));
#8500=DIRECTION('',(0.,1.,0.));
#8501=DIRECTION('',(0.,0.,1.));
#8502=DIRECTION('',(0.,1.,0.));
#8503=DIRECTION('',(0.,0.,1.));
#8504=DIRECTION('center_axis',(0.,1.,0.));
#8505=DIRECTION('ref_axis',(-1.,0.,0.));
#8506=DIRECTION('',(-1.,0.,0.));
#8507=DIRECTION('',(-1.,0.,0.));
#8508=DIRECTION('',(0.,0.,1.));
#8509=DIRECTION('center_axis',(-1.,0.,0.));
#8510=DIRECTION('ref_axis',(0.,-1.,0.));
#8511=DIRECTION('',(0.,-1.,0.));
#8512=DIRECTION('',(0.,-1.,0.));
#8513=DIRECTION('',(0.,0.,1.));
#8514=DIRECTION('center_axis',(0.,-1.,0.));
#8515=DIRECTION('ref_axis',(1.,0.,0.));
#8516=DIRECTION('',(1.,0.,0.));
#8517=DIRECTION('',(1.,0.,0.));
#8518=DIRECTION('center_axis',(0.,-1.,0.));
#8519=DIRECTION('ref_axis',(1.,0.,0.));
#8520=DIRECTION('',(1.,0.,0.));
#8521=DIRECTION('',(0.,0.,1.));
#8522=DIRECTION('',(1.,0.,0.));
#8523=DIRECTION('',(0.,0.,1.));
#8524=DIRECTION('center_axis',(1.,0.,0.));
#8525=DIRECTION('ref_axis',(0.,1.,0.));
#8526=DIRECTION('',(0.,1.,0.));
#8527=DIRECTION('',(0.,1.,0.));
#8528=DIRECTION('',(0.,0.,1.));
#8529=DIRECTION('center_axis',(0.,1.,0.));
#8530=DIRECTION('ref_axis',(-1.,0.,0.));
#8531=DIRECTION('',(-1.,0.,0.));
#8532=DIRECTION('',(-1.,0.,0.));
#8533=DIRECTION('',(0.,0.,1.));
#8534=DIRECTION('center_axis',(-1.,0.,0.));
#8535=DIRECTION('ref_axis',(0.,-1.,0.));
#8536=DIRECTION('',(0.,-1.,0.));
#8537=DIRECTION('',(0.,-1.,0.));
#8538=DIRECTION('center_axis',(0.,-1.,0.));
#8539=DIRECTION('ref_axis',(1.,0.,0.));
#8540=DIRECTION('',(1.,0.,0.));
#8541=DIRECTION('',(0.,0.,1.));
#8542=DIRECTION('',(1.,0.,0.));
#8543=DIRECTION('',(0.,0.,1.));
#8544=DIRECTION('center_axis',(1.,0.,0.));
#8545=DIRECTION('ref_axis',(0.,1.,0.));
#8546=DIRECTION('',(0.,1.,0.));
#8547=DIRECTION('',(0.,1.,0.));
#8548=DIRECTION('',(0.,0.,1.));
#8549=DIRECTION('center_axis',(0.,1.,0.));
#8550=DIRECTION('ref_axis',(-1.,0.,0.));
#8551=DIRECTION('',(-1.,0.,0.));
#8552=DIRECTION('',(-1.,0.,0.));
#8553=DIRECTION('',(0.,0.,1.));
#8554=DIRECTION('center_axis',(-1.,0.,0.));
#8555=DIRECTION('ref_axis',(0.,-1.,0.));
#8556=DIRECTION('',(0.,-1.,0.));
#8557=DIRECTION('',(0.,-1.,0.));
#8558=DIRECTION('center_axis',(0.,-1.,0.));
#8559=DIRECTION('ref_axis',(1.,0.,0.));
#8560=DIRECTION('',(1.,0.,0.));
#8561=DIRECTION('',(0.,0.,1.));
#8562=DIRECTION('',(1.,0.,0.));
#8563=DIRECTION('',(0.,0.,1.));
#8564=DIRECTION('center_axis',(1.,0.,0.));
#8565=DIRECTION('ref_axis',(0.,1.,0.));
#8566=DIRECTION('',(0.,1.,0.));
#8567=DIRECTION('',(0.,1.,0.));
#8568=DIRECTION('',(0.,0.,1.));
#8569=DIRECTION('center_axis',(0.,1.,0.));
#8570=DIRECTION('ref_axis',(-1.,0.,0.));
#8571=DIRECTION('',(-1.,0.,0.));
#8572=DIRECTION('',(-1.,0.,0.));
#8573=DIRECTION('',(0.,0.,1.));
#8574=DIRECTION('center_axis',(-1.,0.,0.));
#8575=DIRECTION('ref_axis',(0.,-1.,0.));
#8576=DIRECTION('',(0.,-1.,0.));
#8577=DIRECTION('',(0.,-1.,0.));
#8578=DIRECTION('center_axis',(-1.,0.,0.));
#8579=DIRECTION('ref_axis',(0.,-1.,0.));
#8580=DIRECTION('',(0.,1.,0.));
#8581=DIRECTION('',(0.,0.,1.));
#8582=DIRECTION('',(0.,-1.,0.));
#8583=DIRECTION('',(0.,0.,1.));
#8584=DIRECTION('center_axis',(1.11022302462516E-16,1.,0.));
#8585=DIRECTION('ref_axis',(-1.,1.11022302462516E-16,0.));
#8586=DIRECTION('',(1.,-1.11022302462516E-16,0.));
#8587=DIRECTION('',(-1.,1.11022302462516E-16,0.));
#8588=DIRECTION('',(0.,0.,1.));
#8589=DIRECTION('center_axis',(0.,0.,1.));
#8590=DIRECTION('ref_axis',(-1.,0.,0.));
#8591=DIRECTION('center_axis',(0.,0.,1.));
#8592=DIRECTION('ref_axis',(-1.,0.,0.));
#8593=DIRECTION('center_axis',(0.,0.,-1.));
#8594=DIRECTION('ref_axis',(-1.,0.,0.));
#8595=DIRECTION('',(0.,0.,1.));
#8596=DIRECTION('center_axis',(3.5527136788005E-15,1.,0.));
#8597=DIRECTION('ref_axis',(-1.,3.5527136788005E-15,0.));
#8598=DIRECTION('',(-1.,3.5527136788005E-15,0.));
#8599=DIRECTION('',(-1.,3.5527136788005E-15,0.));
#8600=DIRECTION('',(0.,0.,1.));
#8601=DIRECTION('center_axis',(1.,0.,0.));
#8602=DIRECTION('ref_axis',(0.,1.,0.));
#8603=DIRECTION('',(0.,1.,0.));
#8604=DIRECTION('',(0.,1.,0.));
#8605=DIRECTION('',(0.,0.,1.));
#8606=DIRECTION('center_axis',(-8.88178419700125E-16,-1.,0.));
#8607=DIRECTION('ref_axis',(1.,-8.88178419700125E-16,0.));
#8608=DIRECTION('',(-1.,8.88178419700125E-16,0.));
#8609=DIRECTION('',(1.,-8.88178419700125E-16,0.));
#8610=DIRECTION('center_axis',(0.,0.,1.));
#8611=DIRECTION('ref_axis',(-1.,0.,0.));
#8612=DIRECTION('center_axis',(0.,0.,1.));
#8613=DIRECTION('ref_axis',(-1.,0.,0.));
#8614=DIRECTION('center_axis',(0.,0.,-1.));
#8615=DIRECTION('ref_axis',(-1.,0.,0.));
#8616=DIRECTION('',(0.,-1.,0.));
#8617=DIRECTION('',(-1.,0.,0.));
#8618=DIRECTION('',(0.,1.,0.));
#8619=DIRECTION('',(1.,0.,0.));
#8620=DIRECTION('center_axis',(0.,-1.,0.));
#8621=DIRECTION('ref_axis',(1.,0.,0.));
#8622=DIRECTION('',(0.,0.,-1.));
#8623=DIRECTION('',(1.,0.,0.));
#8624=DIRECTION('',(0.,0.,1.));
#8625=DIRECTION('center_axis',(-1.,0.,0.));
#8626=DIRECTION('ref_axis',(0.,-1.,0.));
#8627=DIRECTION('',(0.,-1.,0.));
#8628=DIRECTION('',(0.,0.,1.));
#8629=DIRECTION('center_axis',(0.,1.,0.));
#8630=DIRECTION('ref_axis',(-1.,0.,0.));
#8631=DIRECTION('',(-1.,0.,0.));
#8632=DIRECTION('',(0.,0.,1.));
#8633=DIRECTION('center_axis',(1.,0.,0.));
#8634=DIRECTION('ref_axis',(0.,1.,0.));
#8635=DIRECTION('',(0.,1.,0.));
#8636=DIRECTION('center_axis',(0.,0.,1.));
#8637=DIRECTION('ref_axis',(1.,0.,0.));
#8638=DIRECTION('center_axis',(0.,0.,-1.));
#8639=DIRECTION('ref_axis',(-1.,0.,0.));
#8640=DIRECTION('',(0.,-1.,0.));
#8641=DIRECTION('',(-1.,0.,0.));
#8642=DIRECTION('',(0.,1.,0.));
#8643=DIRECTION('',(1.,0.,0.));
#8644=DIRECTION('center_axis',(0.,-1.,0.));
#8645=DIRECTION('ref_axis',(1.,0.,0.));
#8646=DIRECTION('',(0.,0.,-1.));
#8647=DIRECTION('',(1.,0.,0.));
#8648=DIRECTION('',(0.,0.,1.));
#8649=DIRECTION('center_axis',(-1.,0.,0.));
#8650=DIRECTION('ref_axis',(0.,-1.,0.));
#8651=DIRECTION('',(0.,-1.,0.));
#8652=DIRECTION('',(0.,0.,1.));
#8653=DIRECTION('center_axis',(0.,1.,0.));
#8654=DIRECTION('ref_axis',(-1.,0.,0.));
#8655=DIRECTION('',(-1.,0.,0.));
#8656=DIRECTION('',(0.,0.,1.));
#8657=DIRECTION('center_axis',(1.,0.,0.));
#8658=DIRECTION('ref_axis',(0.,1.,0.));
#8659=DIRECTION('',(0.,1.,0.));
#8660=DIRECTION('center_axis',(0.,0.,1.));
#8661=DIRECTION('ref_axis',(1.,0.,0.));
#8662=DIRECTION('center_axis',(0.,0.,-1.));
#8663=DIRECTION('ref_axis',(-1.,0.,0.));
#8664=DIRECTION('',(0.,-1.,0.));
#8665=DIRECTION('',(-1.,0.,0.));
#8666=DIRECTION('',(0.,1.,0.));
#8667=DIRECTION('',(1.,0.,0.));
#8668=DIRECTION('center_axis',(0.,-1.,0.));
#8669=DIRECTION('ref_axis',(1.,0.,0.));
#8670=DIRECTION('',(0.,0.,-1.));
#8671=DIRECTION('',(1.,0.,0.));
#8672=DIRECTION('',(0.,0.,1.));
#8673=DIRECTION('center_axis',(-1.,0.,0.));
#8674=DIRECTION('ref_axis',(0.,-1.,0.));
#8675=DIRECTION('',(0.,-1.,0.));
#8676=DIRECTION('',(0.,0.,1.));
#8677=DIRECTION('center_axis',(0.,1.,0.));
#8678=DIRECTION('ref_axis',(-1.,0.,0.));
#8679=DIRECTION('',(-1.,0.,0.));
#8680=DIRECTION('',(0.,0.,1.));
#8681=DIRECTION('center_axis',(1.,0.,0.));
#8682=DIRECTION('ref_axis',(0.,1.,0.));
#8683=DIRECTION('',(0.,1.,0.));
#8684=DIRECTION('center_axis',(0.,0.,1.));
#8685=DIRECTION('ref_axis',(1.,0.,0.));
#8686=DIRECTION('center_axis',(0.,0.,-1.));
#8687=DIRECTION('ref_axis',(-1.,0.,0.));
#8688=DIRECTION('',(0.,-1.,0.));
#8689=DIRECTION('',(-1.,0.,0.));
#8690=DIRECTION('',(0.,1.,0.));
#8691=DIRECTION('',(1.,0.,0.));
#8692=DIRECTION('center_axis',(0.,-1.,0.));
#8693=DIRECTION('ref_axis',(1.,0.,0.));
#8694=DIRECTION('',(0.,0.,-1.));
#8695=DIRECTION('',(1.,0.,0.));
#8696=DIRECTION('',(0.,0.,1.));
#8697=DIRECTION('center_axis',(-1.,0.,0.));
#8698=DIRECTION('ref_axis',(0.,-1.,0.));
#8699=DIRECTION('',(0.,-1.,0.));
#8700=DIRECTION('',(0.,0.,1.));
#8701=DIRECTION('center_axis',(0.,1.,0.));
#8702=DIRECTION('ref_axis',(-1.,0.,0.));
#8703=DIRECTION('',(-1.,0.,0.));
#8704=DIRECTION('',(0.,0.,1.));
#8705=DIRECTION('center_axis',(1.,0.,0.));
#8706=DIRECTION('ref_axis',(0.,1.,0.));
#8707=DIRECTION('',(0.,1.,0.));
#8708=DIRECTION('center_axis',(0.,0.,1.));
#8709=DIRECTION('ref_axis',(1.,0.,0.));
#8710=DIRECTION('center_axis',(0.,0.,-1.));
#8711=DIRECTION('ref_axis',(-1.,0.,0.));
#8712=DIRECTION('',(0.,-1.,0.));
#8713=DIRECTION('',(-1.,0.,0.));
#8714=DIRECTION('',(0.,1.,0.));
#8715=DIRECTION('',(1.,0.,0.));
#8716=DIRECTION('center_axis',(0.,-1.,0.));
#8717=DIRECTION('ref_axis',(1.,0.,0.));
#8718=DIRECTION('',(0.,0.,-1.));
#8719=DIRECTION('',(1.,0.,0.));
#8720=DIRECTION('',(0.,0.,1.));
#8721=DIRECTION('center_axis',(-1.,0.,0.));
#8722=DIRECTION('ref_axis',(0.,-1.,0.));
#8723=DIRECTION('',(0.,-1.,0.));
#8724=DIRECTION('',(0.,0.,1.));
#8725=DIRECTION('center_axis',(0.,1.,0.));
#8726=DIRECTION('ref_axis',(-1.,0.,0.));
#8727=DIRECTION('',(-1.,0.,0.));
#8728=DIRECTION('',(0.,0.,1.));
#8729=DIRECTION('center_axis',(1.,0.,0.));
#8730=DIRECTION('ref_axis',(0.,1.,0.));
#8731=DIRECTION('',(0.,1.,0.));
#8732=DIRECTION('center_axis',(0.,0.,1.));
#8733=DIRECTION('ref_axis',(1.,0.,0.));
#8734=DIRECTION('center_axis',(0.,0.,-1.));
#8735=DIRECTION('ref_axis',(-1.,0.,0.));
#8736=DIRECTION('',(0.,-1.,0.));
#8737=DIRECTION('',(-1.,0.,0.));
#8738=DIRECTION('',(0.,1.,0.));
#8739=DIRECTION('',(1.,0.,0.));
#8740=DIRECTION('center_axis',(0.,-1.,0.));
#8741=DIRECTION('ref_axis',(1.,0.,0.));
#8742=DIRECTION('',(0.,0.,-1.));
#8743=DIRECTION('',(1.,0.,0.));
#8744=DIRECTION('',(0.,0.,1.));
#8745=DIRECTION('center_axis',(-1.,0.,0.));
#8746=DIRECTION('ref_axis',(0.,-1.,0.));
#8747=DIRECTION('',(0.,-1.,0.));
#8748=DIRECTION('',(0.,0.,1.));
#8749=DIRECTION('center_axis',(0.,1.,0.));
#8750=DIRECTION('ref_axis',(-1.,0.,0.));
#8751=DIRECTION('',(-1.,0.,0.));
#8752=DIRECTION('',(0.,0.,1.));
#8753=DIRECTION('center_axis',(1.,0.,0.));
#8754=DIRECTION('ref_axis',(0.,1.,0.));
#8755=DIRECTION('',(0.,1.,0.));
#8756=DIRECTION('center_axis',(0.,0.,1.));
#8757=DIRECTION('ref_axis',(1.,0.,0.));
#8758=DIRECTION('center_axis',(0.,0.,-1.));
#8759=DIRECTION('ref_axis',(-1.,0.,0.));
#8760=DIRECTION('',(0.,-1.,0.));
#8761=DIRECTION('',(-1.,0.,0.));
#8762=DIRECTION('',(0.,1.,0.));
#8763=DIRECTION('',(1.,0.,0.));
#8764=DIRECTION('center_axis',(0.,-1.,0.));
#8765=DIRECTION('ref_axis',(1.,0.,0.));
#8766=DIRECTION('',(0.,0.,-1.));
#8767=DIRECTION('',(1.,0.,0.));
#8768=DIRECTION('',(0.,0.,1.));
#8769=DIRECTION('center_axis',(-1.,0.,0.));
#8770=DIRECTION('ref_axis',(0.,-1.,0.));
#8771=DIRECTION('',(0.,-1.,0.));
#8772=DIRECTION('',(0.,0.,1.));
#8773=DIRECTION('center_axis',(0.,1.,0.));
#8774=DIRECTION('ref_axis',(-1.,0.,0.));
#8775=DIRECTION('',(-1.,0.,0.));
#8776=DIRECTION('',(0.,0.,1.));
#8777=DIRECTION('center_axis',(1.,0.,0.));
#8778=DIRECTION('ref_axis',(0.,1.,0.));
#8779=DIRECTION('',(0.,1.,0.));
#8780=DIRECTION('center_axis',(0.,0.,1.));
#8781=DIRECTION('ref_axis',(1.,0.,0.));
#8782=DIRECTION('center_axis',(0.,0.,-1.));
#8783=DIRECTION('ref_axis',(-1.,0.,0.));
#8784=DIRECTION('',(0.,-1.,0.));
#8785=DIRECTION('',(-1.,0.,0.));
#8786=DIRECTION('',(0.,1.,0.));
#8787=DIRECTION('',(1.,0.,0.));
#8788=DIRECTION('center_axis',(0.,-1.,0.));
#8789=DIRECTION('ref_axis',(1.,0.,0.));
#8790=DIRECTION('',(0.,0.,-1.));
#8791=DIRECTION('',(1.,0.,0.));
#8792=DIRECTION('',(0.,0.,1.));
#8793=DIRECTION('center_axis',(-1.,0.,0.));
#8794=DIRECTION('ref_axis',(0.,-1.,0.));
#8795=DIRECTION('',(0.,-1.,0.));
#8796=DIRECTION('',(0.,0.,1.));
#8797=DIRECTION('center_axis',(0.,1.,0.));
#8798=DIRECTION('ref_axis',(-1.,0.,0.));
#8799=DIRECTION('',(-1.,0.,0.));
#8800=DIRECTION('',(0.,0.,1.));
#8801=DIRECTION('center_axis',(1.,0.,0.));
#8802=DIRECTION('ref_axis',(0.,1.,0.));
#8803=DIRECTION('',(0.,1.,0.));
#8804=DIRECTION('center_axis',(0.,0.,1.));
#8805=DIRECTION('ref_axis',(1.,0.,0.));
#8806=DIRECTION('center_axis',(0.,0.,-1.));
#8807=DIRECTION('ref_axis',(-1.,0.,0.));
#8808=DIRECTION('',(0.,-1.,0.));
#8809=DIRECTION('',(-1.,0.,0.));
#8810=DIRECTION('',(0.,1.,0.));
#8811=DIRECTION('',(1.,0.,0.));
#8812=DIRECTION('center_axis',(0.,-1.,0.));
#8813=DIRECTION('ref_axis',(1.,0.,0.));
#8814=DIRECTION('',(0.,0.,-1.));
#8815=DIRECTION('',(1.,0.,0.));
#8816=DIRECTION('',(0.,0.,1.));
#8817=DIRECTION('center_axis',(-1.,0.,0.));
#8818=DIRECTION('ref_axis',(0.,-1.,0.));
#8819=DIRECTION('',(0.,-1.,0.));
#8820=DIRECTION('',(0.,0.,1.));
#8821=DIRECTION('center_axis',(0.,1.,0.));
#8822=DIRECTION('ref_axis',(-1.,0.,0.));
#8823=DIRECTION('',(-1.,0.,0.));
#8824=DIRECTION('',(0.,0.,1.));
#8825=DIRECTION('center_axis',(1.,0.,0.));
#8826=DIRECTION('ref_axis',(0.,1.,0.));
#8827=DIRECTION('',(0.,1.,0.));
#8828=DIRECTION('center_axis',(0.,0.,1.));
#8829=DIRECTION('ref_axis',(1.,0.,0.));
#8830=DIRECTION('center_axis',(0.,0.,-1.));
#8831=DIRECTION('ref_axis',(-1.,0.,0.));
#8832=DIRECTION('',(0.,-1.,0.));
#8833=DIRECTION('',(-1.,0.,0.));
#8834=DIRECTION('',(0.,1.,0.));
#8835=DIRECTION('',(1.,0.,0.));
#8836=DIRECTION('center_axis',(0.,-1.,0.));
#8837=DIRECTION('ref_axis',(1.,0.,0.));
#8838=DIRECTION('',(0.,0.,-1.));
#8839=DIRECTION('',(1.,0.,0.));
#8840=DIRECTION('',(0.,0.,1.));
#8841=DIRECTION('center_axis',(-1.,0.,0.));
#8842=DIRECTION('ref_axis',(0.,-1.,0.));
#8843=DIRECTION('',(0.,-1.,0.));
#8844=DIRECTION('',(0.,0.,1.));
#8845=DIRECTION('center_axis',(0.,1.,0.));
#8846=DIRECTION('ref_axis',(-1.,0.,0.));
#8847=DIRECTION('',(-1.,0.,0.));
#8848=DIRECTION('',(0.,0.,1.));
#8849=DIRECTION('center_axis',(1.,0.,0.));
#8850=DIRECTION('ref_axis',(0.,1.,0.));
#8851=DIRECTION('',(0.,1.,0.));
#8852=DIRECTION('center_axis',(0.,0.,1.));
#8853=DIRECTION('ref_axis',(1.,0.,0.));
#8854=DIRECTION('center_axis',(0.,0.,-1.));
#8855=DIRECTION('ref_axis',(-1.,0.,0.));
#8856=DIRECTION('',(0.,-1.,0.));
#8857=DIRECTION('',(-1.,0.,0.));
#8858=DIRECTION('',(0.,1.,0.));
#8859=DIRECTION('',(1.,0.,0.));
#8860=DIRECTION('center_axis',(0.,-1.,0.));
#8861=DIRECTION('ref_axis',(1.,0.,0.));
#8862=DIRECTION('',(0.,0.,-1.));
#8863=DIRECTION('',(1.,0.,0.));
#8864=DIRECTION('',(0.,0.,1.));
#8865=DIRECTION('center_axis',(-1.,0.,0.));
#8866=DIRECTION('ref_axis',(0.,-1.,0.));
#8867=DIRECTION('',(0.,-1.,0.));
#8868=DIRECTION('',(0.,0.,1.));
#8869=DIRECTION('center_axis',(0.,1.,0.));
#8870=DIRECTION('ref_axis',(-1.,0.,0.));
#8871=DIRECTION('',(-1.,0.,0.));
#8872=DIRECTION('',(0.,0.,1.));
#8873=DIRECTION('center_axis',(1.,0.,0.));
#8874=DIRECTION('ref_axis',(0.,1.,0.));
#8875=DIRECTION('',(0.,1.,0.));
#8876=DIRECTION('center_axis',(0.,0.,1.));
#8877=DIRECTION('ref_axis',(1.,0.,0.));
#8878=DIRECTION('center_axis',(0.,0.,-1.));
#8879=DIRECTION('ref_axis',(-1.,0.,0.));
#8880=DIRECTION('',(0.,-1.,0.));
#8881=DIRECTION('',(-1.,0.,0.));
#8882=DIRECTION('',(0.,1.,0.));
#8883=DIRECTION('',(1.,0.,0.));
#8884=DIRECTION('center_axis',(0.,-1.,0.));
#8885=DIRECTION('ref_axis',(1.,0.,0.));
#8886=DIRECTION('',(0.,0.,-1.));
#8887=DIRECTION('',(1.,0.,0.));
#8888=DIRECTION('',(0.,0.,1.));
#8889=DIRECTION('center_axis',(-1.,0.,0.));
#8890=DIRECTION('ref_axis',(0.,-1.,0.));
#8891=DIRECTION('',(0.,-1.,0.));
#8892=DIRECTION('',(0.,0.,1.));
#8893=DIRECTION('center_axis',(0.,1.,0.));
#8894=DIRECTION('ref_axis',(-1.,0.,0.));
#8895=DIRECTION('',(-1.,0.,0.));
#8896=DIRECTION('',(0.,0.,1.));
#8897=DIRECTION('center_axis',(1.,0.,0.));
#8898=DIRECTION('ref_axis',(0.,1.,0.));
#8899=DIRECTION('',(0.,1.,0.));
#8900=DIRECTION('center_axis',(0.,0.,1.));
#8901=DIRECTION('ref_axis',(1.,0.,0.));
#8902=DIRECTION('center_axis',(0.,0.,-1.));
#8903=DIRECTION('ref_axis',(-1.,0.,0.));
#8904=DIRECTION('',(0.,-1.,0.));
#8905=DIRECTION('',(-1.,0.,0.));
#8906=DIRECTION('',(0.,1.,0.));
#8907=DIRECTION('',(1.,0.,0.));
#8908=DIRECTION('center_axis',(0.,-1.,0.));
#8909=DIRECTION('ref_axis',(1.,0.,0.));
#8910=DIRECTION('',(0.,0.,-1.));
#8911=DIRECTION('',(1.,0.,0.));
#8912=DIRECTION('',(0.,0.,1.));
#8913=DIRECTION('center_axis',(-1.,0.,0.));
#8914=DIRECTION('ref_axis',(0.,-1.,0.));
#8915=DIRECTION('',(0.,-1.,0.));
#8916=DIRECTION('',(0.,0.,1.));
#8917=DIRECTION('center_axis',(0.,1.,0.));
#8918=DIRECTION('ref_axis',(-1.,0.,0.));
#8919=DIRECTION('',(-1.,0.,0.));
#8920=DIRECTION('',(0.,0.,1.));
#8921=DIRECTION('center_axis',(1.,0.,0.));
#8922=DIRECTION('ref_axis',(0.,1.,0.));
#8923=DIRECTION('',(0.,1.,0.));
#8924=DIRECTION('center_axis',(0.,0.,1.));
#8925=DIRECTION('ref_axis',(1.,0.,0.));
#8926=DIRECTION('center_axis',(0.,0.,-1.));
#8927=DIRECTION('ref_axis',(-1.,0.,0.));
#8928=DIRECTION('',(0.,-1.,0.));
#8929=DIRECTION('',(-1.,0.,0.));
#8930=DIRECTION('',(0.,1.,0.));
#8931=DIRECTION('',(1.,0.,0.));
#8932=DIRECTION('center_axis',(0.,-1.,0.));
#8933=DIRECTION('ref_axis',(1.,0.,0.));
#8934=DIRECTION('',(0.,0.,-1.));
#8935=DIRECTION('',(1.,0.,0.));
#8936=DIRECTION('',(0.,0.,1.));
#8937=DIRECTION('center_axis',(-1.,0.,0.));
#8938=DIRECTION('ref_axis',(0.,-1.,0.));
#8939=DIRECTION('',(0.,-1.,0.));
#8940=DIRECTION('',(0.,0.,1.));
#8941=DIRECTION('center_axis',(0.,1.,0.));
#8942=DIRECTION('ref_axis',(-1.,0.,0.));
#8943=DIRECTION('',(-1.,0.,0.));
#8944=DIRECTION('',(0.,0.,1.));
#8945=DIRECTION('center_axis',(1.,0.,0.));
#8946=DIRECTION('ref_axis',(0.,1.,0.));
#8947=DIRECTION('',(0.,1.,0.));
#8948=DIRECTION('center_axis',(0.,0.,1.));
#8949=DIRECTION('ref_axis',(1.,0.,0.));
#8950=DIRECTION('center_axis',(0.,0.,-1.));
#8951=DIRECTION('ref_axis',(-1.,0.,0.));
#8952=DIRECTION('',(0.,-1.,0.));
#8953=DIRECTION('',(-1.,0.,0.));
#8954=DIRECTION('',(0.,1.,0.));
#8955=DIRECTION('',(1.,0.,0.));
#8956=DIRECTION('center_axis',(0.,-1.,0.));
#8957=DIRECTION('ref_axis',(1.,0.,0.));
#8958=DIRECTION('',(0.,0.,-1.));
#8959=DIRECTION('',(1.,0.,0.));
#8960=DIRECTION('',(0.,0.,1.));
#8961=DIRECTION('center_axis',(-1.,0.,0.));
#8962=DIRECTION('ref_axis',(0.,-1.,0.));
#8963=DIRECTION('',(0.,-1.,0.));
#8964=DIRECTION('',(0.,0.,1.));
#8965=DIRECTION('center_axis',(0.,1.,0.));
#8966=DIRECTION('ref_axis',(-1.,0.,0.));
#8967=DIRECTION('',(-1.,0.,0.));
#8968=DIRECTION('',(0.,0.,1.));
#8969=DIRECTION('center_axis',(1.,0.,0.));
#8970=DIRECTION('ref_axis',(0.,1.,0.));
#8971=DIRECTION('',(0.,1.,0.));
#8972=DIRECTION('center_axis',(0.,0.,1.));
#8973=DIRECTION('ref_axis',(1.,0.,0.));
#8974=DIRECTION('center_axis',(0.,0.,-1.));
#8975=DIRECTION('ref_axis',(-1.,0.,0.));
#8976=DIRECTION('',(1.,0.,0.));
#8977=DIRECTION('',(0.,-1.,0.));
#8978=DIRECTION('',(-1.,0.,0.));
#8979=DIRECTION('',(0.,1.,0.));
#8980=DIRECTION('center_axis',(1.,0.,0.));
#8981=DIRECTION('ref_axis',(0.,1.,0.));
#8982=DIRECTION('',(0.,0.,-1.));
#8983=DIRECTION('',(0.,1.,0.));
#8984=DIRECTION('',(0.,0.,1.));
#8985=DIRECTION('center_axis',(0.,-1.,0.));
#8986=DIRECTION('ref_axis',(1.,0.,0.));
#8987=DIRECTION('',(1.,0.,0.));
#8988=DIRECTION('',(0.,0.,1.));
#8989=DIRECTION('center_axis',(-1.,0.,0.));
#8990=DIRECTION('ref_axis',(0.,-1.,0.));
#8991=DIRECTION('',(0.,-1.,0.));
#8992=DIRECTION('',(0.,0.,1.));
#8993=DIRECTION('center_axis',(0.,1.,0.));
#8994=DIRECTION('ref_axis',(-1.,0.,0.));
#8995=DIRECTION('',(-1.,0.,0.));
#8996=DIRECTION('center_axis',(0.,0.,1.));
#8997=DIRECTION('ref_axis',(1.,0.,0.));
#8998=DIRECTION('center_axis',(0.,0.,-1.));
#8999=DIRECTION('ref_axis',(-0.707106781186548,-0.707106781186548,0.));
#9000=DIRECTION('center_axis',(0.,0.,1.));
#9001=DIRECTION('ref_axis',(-0.707106781186548,-0.707106781186548,0.));
#9002=DIRECTION('',(0.,0.,1.));
#9003=DIRECTION('center_axis',(0.,0.,-1.));
#9004=DIRECTION('ref_axis',(-0.707106781186548,-0.707106781186548,0.));
#9005=DIRECTION('',(0.,0.,-1.));
#9006=DIRECTION('center_axis',(0.,0.,-1.));
#9007=DIRECTION('ref_axis',(-1.,0.,0.));
#9008=DIRECTION('',(0.,1.,0.));
#9009=DIRECTION('center_axis',(0.,0.,1.));
#9010=DIRECTION('ref_axis',(-0.707106781186548,0.707106781186548,0.));
#9011=DIRECTION('',(1.,0.,0.));
#9012=DIRECTION('center_axis',(0.,0.,1.));
#9013=DIRECTION('ref_axis',(0.707106781186548,0.707106781186548,0.));
#9014=DIRECTION('',(0.,-1.,0.));
#9015=DIRECTION('center_axis',(0.,0.,1.));
#9016=DIRECTION('ref_axis',(0.707106781186548,-0.707106781186548,0.));
#9017=DIRECTION('',(1.,0.,0.));
#9018=DIRECTION('',(0.,1.,0.));
#9019=DIRECTION('',(-1.,0.,0.));
#9020=DIRECTION('',(0.,-1.,0.));
#9021=DIRECTION('',(1.,0.,0.));
#9022=DIRECTION('center_axis',(-1.,0.,0.));
#9023=DIRECTION('ref_axis',(0.,1.,0.));
#9024=DIRECTION('',(0.,1.,0.));
#9025=DIRECTION('',(0.,0.,1.));
#9026=DIRECTION('center_axis',(0.,0.,-1.));
#9027=DIRECTION('ref_axis',(-0.707106781186548,0.707106781186548,0.));
#9028=DIRECTION('center_axis',(0.,0.,-1.));
#9029=DIRECTION('ref_axis',(-0.707106781186548,0.707106781186548,0.));
#9030=DIRECTION('',(0.,0.,-1.));
#9031=DIRECTION('center_axis',(0.,0.,-1.));
#9032=DIRECTION('ref_axis',(0.707106781186548,0.707106781186548,0.));
#9033=DIRECTION('',(0.,0.,1.));
#9034=DIRECTION('center_axis',(0.,0.,-1.));
#9035=DIRECTION('ref_axis',(0.707106781186548,0.707106781186548,0.));
#9036=DIRECTION('',(0.,0.,-1.));
#9037=DIRECTION('center_axis',(1.,0.,0.));
#9038=DIRECTION('ref_axis',(0.,-1.,0.));
#9039=DIRECTION('',(0.,-1.,0.));
#9040=DIRECTION('',(0.,0.,1.));
#9041=DIRECTION('center_axis',(0.,0.,1.));
#9042=DIRECTION('ref_axis',(0.707106781186548,-0.707106781186548,0.));
#9043=DIRECTION('center_axis',(0.,0.,-1.));
#9044=DIRECTION('ref_axis',(0.707106781186548,-0.707106781186548,0.));
#9045=DIRECTION('',(0.,0.,-1.));
#9046=DIRECTION('center_axis',(0.,1.,0.));
#9047=DIRECTION('ref_axis',(1.,0.,0.));
#9048=DIRECTION('',(1.,0.,0.));
#9049=DIRECTION('center_axis',(-1.,0.,0.));
#9050=DIRECTION('ref_axis',(0.,1.,0.));
#9051=DIRECTION('',(0.,-1.,0.));
#9052=DIRECTION('',(0.,0.,-1.));
#9053=DIRECTION('',(0.,0.,-1.));
#9054=DIRECTION('center_axis',(0.,-1.,0.));
#9055=DIRECTION('ref_axis',(-1.,0.,0.));
#9056=DIRECTION('',(1.,0.,0.));
#9057=DIRECTION('',(0.,0.,-1.));
#9058=DIRECTION('center_axis',(1.,0.,0.));
#9059=DIRECTION('ref_axis',(0.,-1.,0.));
#9060=DIRECTION('',(0.,1.,0.));
#9061=DIRECTION('',(0.,0.,-1.));
#9062=DIRECTION('center_axis',(0.,1.,0.));
#9063=DIRECTION('ref_axis',(1.,0.,0.));
#9064=DIRECTION('',(-1.,0.,0.));
#9065=DIRECTION('center_axis',(0.,0.,1.));
#9066=DIRECTION('ref_axis',(-1.,0.,0.));
#9067=DIRECTION('',(-1.,0.,0.));
#9068=DIRECTION('center_axis',(0.,-1.,0.));
#9069=DIRECTION('ref_axis',(0.,0.,-1.));
#9070=DIRECTION('center_axis',(0.,0.,1.));
#9071=DIRECTION('ref_axis',(0.707106781186548,-0.707106781186548,0.));
#9072=DIRECTION('center_axis',(0.,0.,-1.));
#9073=DIRECTION('ref_axis',(0.707106781186548,-0.707106781186548,0.));
#9074=DIRECTION('',(0.,0.,-1.));
#9075=DIRECTION('center_axis',(0.,0.,1.));
#9076=DIRECTION('ref_axis',(0.707106781186548,-0.707106781186548,0.));
#9077=DIRECTION('',(0.,0.,1.));
#9078=DIRECTION('center_axis',(0.,0.,1.));
#9079=DIRECTION('ref_axis',(-1.,0.,0.));
#9080=DIRECTION('',(0.,1.,0.));
#9081=DIRECTION('center_axis',(0.,0.,-1.));
#9082=DIRECTION('ref_axis',(0.707106781186548,0.707106781186548,0.));
#9083=DIRECTION('',(-1.,3.5527136788005E-15,0.));
#9084=DIRECTION('center_axis',(0.,0.,-1.));
#9085=DIRECTION('ref_axis',(-0.707106781186548,0.707106781186548,0.));
#9086=DIRECTION('',(0.,-1.,0.));
#9087=DIRECTION('center_axis',(0.,0.,-1.));
#9088=DIRECTION('ref_axis',(-0.707106781186548,-0.707106781186548,0.));
#9089=DIRECTION('',(-1.,0.,0.));
#9090=DIRECTION('',(1.,0.,0.));
#9091=DIRECTION('',(0.,-1.,0.));
#9092=DIRECTION('',(-1.,0.,0.));
#9093=DIRECTION('',(0.,1.,0.));
#9094=DIRECTION('center_axis',(1.,0.,0.));
#9095=DIRECTION('ref_axis',(0.,-1.,0.));
#9096=DIRECTION('',(0.,-1.,0.));
#9097=DIRECTION('',(0.,0.,-1.));
#9098=DIRECTION('center_axis',(0.,0.,-1.));
#9099=DIRECTION('ref_axis',(0.707106781186548,0.707106781186548,0.));
#9100=DIRECTION('center_axis',(0.,0.,1.));
#9101=DIRECTION('ref_axis',(0.707106781186548,0.707106781186548,0.));
#9102=DIRECTION('',(0.,0.,1.));
#9103=DIRECTION('center_axis',(0.,0.,-1.));
#9104=DIRECTION('ref_axis',(-0.707106781186548,0.707106781186548,0.));
#9105=DIRECTION('center_axis',(0.,0.,1.));
#9106=DIRECTION('ref_axis',(-0.707106781186548,0.707106781186548,0.));
#9107=DIRECTION('',(0.,0.,1.));
#9108=DIRECTION('',(0.,0.,-1.));
#9109=DIRECTION('center_axis',(-1.,0.,0.));
#9110=DIRECTION('ref_axis',(0.,1.,0.));
#9111=DIRECTION('',(0.,1.,0.));
#9112=DIRECTION('',(0.,0.,-1.));
#9113=DIRECTION('center_axis',(0.,0.,-1.));
#9114=DIRECTION('ref_axis',(-0.707106781186548,-0.707106781186548,0.));
#9115=DIRECTION('center_axis',(0.,0.,1.));
#9116=DIRECTION('ref_axis',(-0.707106781186548,-0.707106781186548,0.));
#9117=DIRECTION('',(0.,0.,1.));
#9118=DIRECTION('center_axis',(3.5527136788005E-15,1.,0.));
#9119=DIRECTION('ref_axis',(1.,-3.5527136788005E-15,0.));
#9120=DIRECTION('',(1.,-3.5527136788005E-15,0.));
#9121=DIRECTION('center_axis',(0.,-1.,0.));
#9122=DIRECTION('ref_axis',(-1.,0.,0.));
#9123=DIRECTION('',(0.,0.,-1.));
#9124=DIRECTION('',(-1.,0.,0.));
#9125=DIRECTION('',(0.,0.,-1.));
#9126=DIRECTION('center_axis',(1.,0.,0.));
#9127=DIRECTION('ref_axis',(0.,-1.,0.));
#9128=DIRECTION('',(0.,0.,-1.));
#9129=DIRECTION('',(0.,-1.,0.));
#9130=DIRECTION('center_axis',(0.,1.,0.));
#9131=DIRECTION('ref_axis',(1.,0.,0.));
#9132=DIRECTION('',(0.,0.,-1.));
#9133=DIRECTION('',(1.,0.,0.));
#9134=DIRECTION('center_axis',(-1.,0.,0.));
#9135=DIRECTION('ref_axis',(0.,1.,0.));
#9136=DIRECTION('',(0.,1.,0.));
#9137=DIRECTION('center_axis',(0.,0.,-1.));
#9138=DIRECTION('ref_axis',(-1.,0.,0.));
#9139=DIRECTION('',(1.,0.,0.));
#9140=DIRECTION('center_axis',(0.,-1.,0.));
#9141=DIRECTION('ref_axis',(0.,0.,-1.));
#9142=DIRECTION('center_axis',(0.,1.,0.));
#9143=DIRECTION('ref_axis',(-0.707106781186548,0.,-0.707106781186547));
#9144=DIRECTION('center_axis',(0.,-1.,0.));
#9145=DIRECTION('ref_axis',(-0.707106781186548,0.,-0.707106781186547));
#9146=DIRECTION('',(0.,-1.,0.));
#9147=DIRECTION('center_axis',(0.,1.,0.));
#9148=DIRECTION('ref_axis',(-0.707106781186548,0.,-0.707106781186547));
#9149=DIRECTION('',(0.,1.,0.));
#9150=DIRECTION('center_axis',(0.,-1.,0.));
#9151=DIRECTION('ref_axis',(-1.,0.,0.));
#9152=DIRECTION('',(-1.,0.,0.));
#9153=DIRECTION('center_axis',(0.,1.,0.));
#9154=DIRECTION('ref_axis',(0.707106781186548,0.,-0.707106781186547));
#9155=DIRECTION('',(0.,0.,-1.));
#9156=DIRECTION('',(1.,0.,0.));
#9157=DIRECTION('',(0.,0.,-1.));
#9158=DIRECTION('center_axis',(0.,0.,-1.));
#9159=DIRECTION('ref_axis',(-1.,0.,0.));
#9160=DIRECTION('',(1.,0.,0.));
#9161=DIRECTION('',(0.,1.,0.));
#9162=DIRECTION('center_axis',(0.,-1.,0.));
#9163=DIRECTION('ref_axis',(0.707106781186548,0.,-0.707106781186547));
#9164=DIRECTION('center_axis',(0.,-1.,0.));
#9165=DIRECTION('ref_axis',(0.707106781186548,0.,-0.707106781186547));
#9166=DIRECTION('',(0.,-1.,0.));
#9167=DIRECTION('center_axis',(0.,1.,0.));
#9168=DIRECTION('ref_axis',(1.,0.,0.));
#9169=DIRECTION('',(0.,0.,-1.));
#9170=DIRECTION('',(-1.,0.,0.));
#9171=DIRECTION('',(0.,0.,-1.));
#9172=DIRECTION('center_axis',(-1.,0.,0.));
#9173=DIRECTION('ref_axis',(0.,1.,0.));
#9174=DIRECTION('',(0.,-1.,0.));
#9175=DIRECTION('center_axis',(1.,0.,0.));
#9176=DIRECTION('ref_axis',(0.,-1.,0.));
#9177=DIRECTION('',(0.,1.,0.));
#9178=DIRECTION('center_axis',(0.,0.,1.));
#9179=DIRECTION('ref_axis',(-1.,0.,0.));
#9180=DIRECTION('center_axis',(0.,-1.,0.));
#9181=DIRECTION('ref_axis',(0.707106781186548,0.,-0.707106781186547));
#9182=DIRECTION('center_axis',(0.,1.,0.));
#9183=DIRECTION('ref_axis',(0.707106781186548,0.,-0.707106781186547));
#9184=DIRECTION('',(0.,1.,0.));
#9185=DIRECTION('center_axis',(0.,-1.,0.));
#9186=DIRECTION('ref_axis',(0.707106781186548,0.,-0.707106781186547));
#9187=DIRECTION('',(0.,-1.,0.));
#9188=DIRECTION('center_axis',(0.,1.,0.));
#9189=DIRECTION('ref_axis',(1.,0.,0.));
#9190=DIRECTION('',(1.,0.,0.));
#9191=DIRECTION('center_axis',(0.,-1.,0.));
#9192=DIRECTION('ref_axis',(-0.707106781186548,0.,-0.707106781186547));
#9193=DIRECTION('',(0.,0.,-1.));
#9194=DIRECTION('',(-1.,0.,0.));
#9195=DIRECTION('',(0.,0.,-1.));
#9196=DIRECTION('center_axis',(0.,0.,-1.));
#9197=DIRECTION('ref_axis',(-1.,0.,0.));
#9198=DIRECTION('',(-1.,0.,0.));
#9199=DIRECTION('',(0.,-1.,0.));
#9200=DIRECTION('center_axis',(0.,1.,0.));
#9201=DIRECTION('ref_axis',(-0.707106781186548,0.,-0.707106781186547));
#9202=DIRECTION('center_axis',(0.,1.,0.));
#9203=DIRECTION('ref_axis',(-0.707106781186548,0.,-0.707106781186547));
#9204=DIRECTION('',(0.,1.,0.));
#9205=DIRECTION('center_axis',(-1.,0.,0.));
#9206=DIRECTION('ref_axis',(0.,1.,0.));
#9207=DIRECTION('',(0.,0.,-1.));
#9208=DIRECTION('',(0.,-1.,0.));
#9209=DIRECTION('center_axis',(0.,-1.,0.));
#9210=DIRECTION('ref_axis',(-1.,0.,0.));
#9211=DIRECTION('',(0.,0.,-1.));
#9212=DIRECTION('',(1.,0.,0.));
#9213=DIRECTION('center_axis',(1.,0.,0.));
#9214=DIRECTION('ref_axis',(0.,-1.,0.));
#9215=DIRECTION('',(0.,1.,0.));
#9216=DIRECTION('center_axis',(0.,0.,1.));
#9217=DIRECTION('ref_axis',(-1.,0.,0.));
#9218=DIRECTION('center_axis',(0.,1.,0.));
#9219=DIRECTION('ref_axis',(0.707106781186547,0.,0.707106781186547));
#9220=DIRECTION('center_axis',(0.,-1.,0.));
#9221=DIRECTION('ref_axis',(0.707106781186547,0.,0.707106781186547));
#9222=DIRECTION('',(0.,-1.,0.));
#9223=DIRECTION('center_axis',(0.,1.,0.));
#9224=DIRECTION('ref_axis',(0.707106781186547,0.,0.707106781186547));
#9225=DIRECTION('',(0.,1.,0.));
#9226=DIRECTION('center_axis',(0.,0.,1.));
#9227=DIRECTION('ref_axis',(1.,0.,0.));
#9228=DIRECTION('',(-1.,0.,0.));
#9229=DIRECTION('',(0.,1.,0.));
#9230=DIRECTION('',(1.,0.,0.));
#9231=DIRECTION('center_axis',(0.,0.,1.));
#9232=DIRECTION('ref_axis',(0.110431526074845,0.993883734673619,0.));
#9233=DIRECTION('',(0.975609756097562,-0.219512195121948,0.));
#9234=DIRECTION('',(1.,0.,0.));
#9235=DIRECTION('center_axis',(0.,1.,0.));
#9236=DIRECTION('ref_axis',(-1.,0.,0.));
#9237=DIRECTION('',(0.,0.,1.));
#9238=DIRECTION('',(1.,0.,0.));
#9239=DIRECTION('',(0.,0.,1.));
#9240=DIRECTION('center_axis',(0.,-1.,0.));
#9241=DIRECTION('ref_axis',(-0.707106781186547,0.,0.707106781186547));
#9242=DIRECTION('center_axis',(0.,-1.,0.));
#9243=DIRECTION('ref_axis',(-0.707106781186547,0.,0.707106781186547));
#9244=DIRECTION('center_axis',(0.,1.,0.));
#9245=DIRECTION('ref_axis',(-0.707106781186547,0.,0.707106781186547));
#9246=DIRECTION('',(0.,-1.,0.));
#9247=DIRECTION('center_axis',(0.,-1.,0.));
#9248=DIRECTION('ref_axis',(1.,0.,0.));
#9249=DIRECTION('',(0.,0.,1.));
#9250=DIRECTION('',(-1.,0.,0.));
#9251=DIRECTION('',(0.,0.,-1.));
#9252=DIRECTION('center_axis',(-1.,0.,0.));
#9253=DIRECTION('ref_axis',(0.,-1.,0.));
#9254=DIRECTION('',(0.,1.,0.));
#9255=DIRECTION('center_axis',(0.,0.,1.));
#9256=DIRECTION('ref_axis',(0.110431526074845,0.993883734673619,0.));
#9257=DIRECTION('center_axis',(0.,0.,-1.));
#9258=DIRECTION('ref_axis',(0.110431526074845,0.993883734673619,0.));
#9259=DIRECTION('',(0.,0.,1.));
#9260=DIRECTION('center_axis',(-0.219512195121948,-0.975609756097562,0.));
#9261=DIRECTION('ref_axis',(0.975609756097562,-0.219512195121948,0.));
#9262=DIRECTION('',(-0.975609756097562,0.219512195121948,0.));
#9263=DIRECTION('',(0.,0.,1.));
#9264=DIRECTION('center_axis',(1.,0.,0.));
#9265=DIRECTION('ref_axis',(0.,1.,0.));
#9266=DIRECTION('',(0.,0.,1.));
#9267=DIRECTION('',(0.,-1.,0.));
#9268=DIRECTION('center_axis',(0.,-1.,0.));
#9269=DIRECTION('ref_axis',(1.,0.,0.));
#9270=DIRECTION('',(-1.,0.,0.));
#9271=DIRECTION('center_axis',(0.,0.,1.));
#9272=DIRECTION('ref_axis',(1.,0.,0.));
#9273=DIRECTION('center_axis',(0.,0.,1.));
#9274=DIRECTION('ref_axis',(0.707106781186548,0.707106781186548,0.));
#9275=DIRECTION('center_axis',(0.,0.,-1.));
#9276=DIRECTION('ref_axis',(0.707106781186548,0.707106781186548,0.));
#9277=DIRECTION('',(0.,0.,-1.));
#9278=DIRECTION('center_axis',(0.,0.,1.));
#9279=DIRECTION('ref_axis',(0.707106781186548,0.707106781186548,0.));
#9280=DIRECTION('',(0.,0.,1.));
#9281=DIRECTION('center_axis',(0.,0.,-1.));
#9282=DIRECTION('ref_axis',(-1.,0.,0.));
#9283=DIRECTION('',(0.,-1.,0.));
#9284=DIRECTION('center_axis',(0.,0.,1.));
#9285=DIRECTION('ref_axis',(0.707106781186548,-0.707106781186548,0.));
#9286=DIRECTION('',(1.,0.,0.));
#9287=DIRECTION('center_axis',(0.,0.,1.));
#9288=DIRECTION('ref_axis',(-0.707106781186548,-0.707106781186548,0.));
#9289=DIRECTION('',(0.,1.,0.));
#9290=DIRECTION('center_axis',(0.,0.,1.));
#9291=DIRECTION('ref_axis',(-0.707106781186548,0.707106781186548,0.));
#9292=DIRECTION('',(1.,0.,0.));
#9293=DIRECTION('',(0.,1.,0.));
#9294=DIRECTION('',(-1.,0.,0.));
#9295=DIRECTION('',(0.,-1.,0.));
#9296=DIRECTION('',(1.,0.,0.));
#9297=DIRECTION('center_axis',(1.,0.,0.));
#9298=DIRECTION('ref_axis',(0.,-1.,0.));
#9299=DIRECTION('',(0.,-1.,0.));
#9300=DIRECTION('',(0.,0.,1.));
#9301=DIRECTION('center_axis',(0.,0.,1.));
#9302=DIRECTION('ref_axis',(0.707106781186548,-0.707106781186548,0.));
#9303=DIRECTION('center_axis',(0.,0.,-1.));
#9304=DIRECTION('ref_axis',(0.707106781186548,-0.707106781186548,0.));
#9305=DIRECTION('',(0.,0.,-1.));
#9306=DIRECTION('center_axis',(0.,0.,-1.));
#9307=DIRECTION('ref_axis',(-0.707106781186548,-0.707106781186548,0.));
#9308=DIRECTION('',(0.,0.,1.));
#9309=DIRECTION('center_axis',(0.,0.,-1.));
#9310=DIRECTION('ref_axis',(-0.707106781186548,-0.707106781186548,0.));
#9311=DIRECTION('',(0.,0.,-1.));
#9312=DIRECTION('center_axis',(-1.,0.,0.));
#9313=DIRECTION('ref_axis',(0.,1.,0.));
#9314=DIRECTION('',(0.,1.,0.));
#9315=DIRECTION('',(0.,0.,1.));
#9316=DIRECTION('center_axis',(0.,0.,-1.));
#9317=DIRECTION('ref_axis',(-0.707106781186548,0.707106781186548,0.));
#9318=DIRECTION('center_axis',(0.,0.,-1.));
#9319=DIRECTION('ref_axis',(-0.707106781186548,0.707106781186548,0.));
#9320=DIRECTION('',(0.,0.,-1.));
#9321=DIRECTION('center_axis',(0.,-1.,0.));
#9322=DIRECTION('ref_axis',(0.,0.,-1.));
#9323=DIRECTION('',(-1.,0.,0.));
#9324=DIRECTION('center_axis',(0.,1.,0.));
#9325=DIRECTION('ref_axis',(1.,0.,0.));
#9326=DIRECTION('',(-1.,0.,0.));
#9327=DIRECTION('',(0.,0.,-1.));
#9328=DIRECTION('',(0.,0.,-1.));
#9329=DIRECTION('center_axis',(1.,0.,0.));
#9330=DIRECTION('ref_axis',(0.,-1.,0.));
#9331=DIRECTION('',(0.,1.,0.));
#9332=DIRECTION('',(0.,0.,-1.));
#9333=DIRECTION('center_axis',(0.,-1.,0.));
#9334=DIRECTION('ref_axis',(-1.,0.,0.));
#9335=DIRECTION('',(1.,0.,0.));
#9336=DIRECTION('',(0.,0.,-1.));
#9337=DIRECTION('center_axis',(-1.,0.,0.));
#9338=DIRECTION('ref_axis',(0.,1.,0.));
#9339=DIRECTION('',(0.,-1.,0.));
#9340=DIRECTION('center_axis',(0.,0.,1.));
#9341=DIRECTION('ref_axis',(-1.,0.,0.));
#9342=DIRECTION('',(-1.,0.,0.));
#9343=DIRECTION('center_axis',(0.,-1.,0.));
#9344=DIRECTION('ref_axis',(0.,0.,-1.));
#9345=DIRECTION('center_axis',(0.,0.,-1.));
#9346=DIRECTION('ref_axis',(-0.707106781186548,-0.707106781186547,0.));
#9347=DIRECTION('center_axis',(0.,0.,1.));
#9348=DIRECTION('ref_axis',(-0.707106781186548,-0.707106781186547,0.));
#9349=DIRECTION('',(0.,0.,1.));
#9350=DIRECTION('center_axis',(0.,0.,-1.));
#9351=DIRECTION('ref_axis',(-0.707106781186548,-0.707106781186547,0.));
#9352=DIRECTION('',(0.,0.,-1.));
#9353=DIRECTION('center_axis',(-1.,0.,0.));
#9354=DIRECTION('ref_axis',(0.,1.,0.));
#9355=DIRECTION('',(0.,1.,0.));
#9356=DIRECTION('',(0.,0.,1.));
#9357=DIRECTION('',(0.,1.,0.));
#9358=DIRECTION('center_axis',(0.,0.,1.));
#9359=DIRECTION('ref_axis',(-1.,0.,0.));
#9360=DIRECTION('',(-1.,0.,0.));
#9361=DIRECTION('center_axis',(0.,0.,-1.));
#9362=DIRECTION('ref_axis',(0.707106781186548,-0.707106781186547,0.));
#9363=DIRECTION('',(0.,-1.,0.));
#9364=DIRECTION('center_axis',(0.,0.,-1.));
#9365=DIRECTION('ref_axis',(0.707106781186548,0.707106781186548,0.));
#9366=DIRECTION('',(-1.,0.,0.));
#9367=DIRECTION('center_axis',(0.,0.,-1.));
#9368=DIRECTION('ref_axis',(-0.707106781186548,0.707106781186547,0.));
#9369=DIRECTION('',(0.,-1.,0.));
#9370=DIRECTION('',(-1.,0.,0.));
#9371=DIRECTION('',(0.,1.,0.));
#9372=DIRECTION('',(1.,0.,0.));
#9373=DIRECTION('center_axis',(0.,0.,1.));
#9374=DIRECTION('ref_axis',(0.707106781186548,0.707106781186548,0.));
#9375=DIRECTION('',(0.,0.,-1.));
#9376=DIRECTION('center_axis',(0.,0.,1.));
#9377=DIRECTION('ref_axis',(0.707106781186548,0.707106781186548,0.));
#9378=DIRECTION('',(0.,0.,1.));
#9379=DIRECTION('center_axis',(0.,0.,-1.));
#9380=DIRECTION('ref_axis',(-1.,0.,0.));
#9381=DIRECTION('center_axis',(0.,0.,1.));
#9382=DIRECTION('ref_axis',(-0.707106781186548,0.707106781186547,0.));
#9383=DIRECTION('',(1.,0.,0.));
#9384=DIRECTION('',(0.,-1.,0.));
#9385=DIRECTION('center_axis',(0.,0.,1.));
#9386=DIRECTION('ref_axis',(0.707106781186548,-0.707106781186547,0.));
#9387=DIRECTION('',(1.,0.,0.));
#9388=DIRECTION('',(0.,1.,0.));
#9389=DIRECTION('',(-1.,0.,0.));
#9390=DIRECTION('',(0.,-1.,0.));
#9391=DIRECTION('',(1.,0.,0.));
#9392=DIRECTION('center_axis',(1.,0.,0.));
#9393=DIRECTION('ref_axis',(0.,-1.,0.));
#9394=DIRECTION('',(0.,0.,1.));
#9395=DIRECTION('center_axis',(0.,0.,1.));
#9396=DIRECTION('ref_axis',(0.707106781186548,-0.707106781186547,0.));
#9397=DIRECTION('',(0.,0.,-1.));
#9398=DIRECTION('center_axis',(0.,0.,-1.));
#9399=DIRECTION('ref_axis',(-0.707106781186548,0.707106781186547,0.));
#9400=DIRECTION('',(0.,0.,-1.));
#9401=DIRECTION('center_axis',(0.,-1.,0.));
#9402=DIRECTION('ref_axis',(0.,0.,-1.));
#9403=DIRECTION('center_axis',(0.,1.,0.));
#9404=DIRECTION('ref_axis',(1.,0.,0.));
#9405=DIRECTION('',(0.,0.,-1.));
#9406=DIRECTION('',(0.,0.,-1.));
#9407=DIRECTION('center_axis',(1.,0.,0.));
#9408=DIRECTION('ref_axis',(0.,-1.,0.));
#9409=DIRECTION('',(0.,0.,-1.));
#9410=DIRECTION('center_axis',(0.,-1.,0.));
#9411=DIRECTION('ref_axis',(-1.,0.,0.));
#9412=DIRECTION('',(0.,0.,-1.));
#9413=DIRECTION('center_axis',(-1.,0.,0.));
#9414=DIRECTION('ref_axis',(0.,1.,0.));
#9415=DIRECTION('center_axis',(0.,-1.,0.));
#9416=DIRECTION('ref_axis',(0.,0.,-1.));
#9417=DIRECTION('center_axis',(0.,0.,-1.));
#9418=DIRECTION('ref_axis',(-0.707106781186546,-0.707106781186549,0.));
#9419=DIRECTION('center_axis',(0.,0.,1.));
#9420=DIRECTION('ref_axis',(-0.707106781186546,-0.707106781186549,0.));
#9421=DIRECTION('',(0.,0.,1.));
#9422=DIRECTION('center_axis',(0.,0.,-1.));
#9423=DIRECTION('ref_axis',(-0.707106781186546,-0.707106781186549,0.));
#9424=DIRECTION('',(0.,0.,-1.));
#9425=DIRECTION('center_axis',(0.,0.,-1.));
#9426=DIRECTION('ref_axis',(-1.,0.,0.));
#9427=DIRECTION('',(0.,1.,0.));
#9428=DIRECTION('center_axis',(0.,0.,1.));
#9429=DIRECTION('ref_axis',(-0.707106781186546,0.707106781186549,0.));
#9430=DIRECTION('',(1.,0.,0.));
#9431=DIRECTION('center_axis',(0.,0.,1.));
#9432=DIRECTION('ref_axis',(0.707106781186548,0.707106781186548,0.));
#9433=DIRECTION('',(0.,-1.,0.));
#9434=DIRECTION('center_axis',(0.,0.,1.));
#9435=DIRECTION('ref_axis',(0.707106781186546,-0.707106781186549,0.));
#9436=DIRECTION('',(1.,0.,0.));
#9437=DIRECTION('',(0.,1.,0.));
#9438=DIRECTION('',(-1.,0.,0.));
#9439=DIRECTION('',(0.,-1.,0.));
#9440=DIRECTION('',(1.,0.,0.));
#9441=DIRECTION('center_axis',(-1.,0.,0.));
#9442=DIRECTION('ref_axis',(0.,1.,0.));
#9443=DIRECTION('',(0.,1.,0.));
#9444=DIRECTION('',(0.,0.,1.));
#9445=DIRECTION('center_axis',(0.,0.,-1.));
#9446=DIRECTION('ref_axis',(-0.707106781186546,0.707106781186549,0.));
#9447=DIRECTION('center_axis',(0.,0.,-1.));
#9448=DIRECTION('ref_axis',(-0.707106781186546,0.707106781186549,0.));
#9449=DIRECTION('',(0.,0.,-1.));
#9450=DIRECTION('center_axis',(0.,0.,1.));
#9451=DIRECTION('ref_axis',(0.707106781186548,0.707106781186548,0.));
#9452=DIRECTION('center_axis',(0.,0.,-1.));
#9453=DIRECTION('ref_axis',(0.707106781186548,0.707106781186548,0.));
#9454=DIRECTION('',(0.,0.,-1.));
#9455=DIRECTION('',(0.,0.,1.));
#9456=DIRECTION('center_axis',(1.,0.,0.));
#9457=DIRECTION('ref_axis',(0.,-1.,0.));
#9458=DIRECTION('',(0.,-1.,0.));
#9459=DIRECTION('',(0.,0.,1.));
#9460=DIRECTION('center_axis',(0.,0.,1.));
#9461=DIRECTION('ref_axis',(0.707106781186546,-0.707106781186549,0.));
#9462=DIRECTION('center_axis',(0.,0.,-1.));
#9463=DIRECTION('ref_axis',(0.707106781186546,-0.707106781186549,0.));
#9464=DIRECTION('',(0.,0.,-1.));
#9465=DIRECTION('center_axis',(0.,-1.,0.));
#9466=DIRECTION('ref_axis',(0.,0.,-1.));
#9467=DIRECTION('',(-1.,0.,0.));
#9468=DIRECTION('center_axis',(0.,0.,1.));
#9469=DIRECTION('ref_axis',(-1.,0.,0.));
#9470=DIRECTION('',(-1.,0.,0.));
#9471=DIRECTION('',(0.,-1.,0.));
#9472=DIRECTION('',(-1.,0.,0.));
#9473=DIRECTION('',(0.,1.,0.));
#9474=DIRECTION('',(1.,0.,0.));
#9475=DIRECTION('center_axis',(-1.,0.,0.));
#9476=DIRECTION('ref_axis',(0.,1.,0.));
#9477=DIRECTION('',(0.,0.,-1.));
#9478=DIRECTION('',(0.,0.,-1.));
#9479=DIRECTION('center_axis',(0.,-1.,0.));
#9480=DIRECTION('ref_axis',(-1.,0.,0.));
#9481=DIRECTION('',(0.,0.,-1.));
#9482=DIRECTION('center_axis',(1.,0.,0.));
#9483=DIRECTION('ref_axis',(0.,-1.,0.));
#9484=DIRECTION('',(0.,0.,-1.));
#9485=DIRECTION('center_axis',(0.,1.,0.));
#9486=DIRECTION('ref_axis',(1.,0.,0.));
#9487=DIRECTION('center_axis',(0.,-1.,0.));
#9488=DIRECTION('ref_axis',(0.,0.,-1.));
#9489=DIRECTION('center_axis',(0.,0.,1.));
#9490=DIRECTION('ref_axis',(0.707106781186548,0.707106781186548,0.));
#9491=DIRECTION('center_axis',(0.,0.,-1.));
#9492=DIRECTION('ref_axis',(0.707106781186548,0.707106781186548,0.));
#9493=DIRECTION('',(0.,0.,-1.));
#9494=DIRECTION('center_axis',(0.,0.,1.));
#9495=DIRECTION('ref_axis',(0.707106781186548,0.707106781186548,0.));
#9496=DIRECTION('',(0.,0.,1.));
#9497=DIRECTION('center_axis',(0.,0.,-1.));
#9498=DIRECTION('ref_axis',(-1.,0.,0.));
#9499=DIRECTION('',(0.,-1.,0.));
#9500=DIRECTION('center_axis',(0.,0.,1.));
#9501=DIRECTION('ref_axis',(0.707106781186548,-0.707106781186548,0.));
#9502=DIRECTION('',(1.,0.,0.));
#9503=DIRECTION('center_axis',(0.,0.,1.));
#9504=DIRECTION('ref_axis',(-0.707106781186548,-0.707106781186548,0.));
#9505=DIRECTION('',(0.,1.,0.));
#9506=DIRECTION('center_axis',(0.,0.,1.));
#9507=DIRECTION('ref_axis',(-0.707106781186548,0.707106781186548,0.));
#9508=DIRECTION('',(1.,0.,0.));
#9509=DIRECTION('',(0.,1.,0.));
#9510=DIRECTION('',(-1.,0.,0.));
#9511=DIRECTION('',(0.,-1.,0.));
#9512=DIRECTION('',(1.,0.,0.));
#9513=DIRECTION('center_axis',(1.,0.,0.));
#9514=DIRECTION('ref_axis',(0.,-1.,0.));
#9515=DIRECTION('',(0.,-1.,0.));
#9516=DIRECTION('',(0.,0.,1.));
#9517=DIRECTION('center_axis',(0.,0.,1.));
#9518=DIRECTION('ref_axis',(0.707106781186548,-0.707106781186548,0.));
#9519=DIRECTION('center_axis',(0.,0.,-1.));
#9520=DIRECTION('ref_axis',(0.707106781186548,-0.707106781186548,0.));
#9521=DIRECTION('',(0.,0.,-1.));
#9522=DIRECTION('center_axis',(0.,0.,-1.));
#9523=DIRECTION('ref_axis',(-0.707106781186548,-0.707106781186548,0.));
#9524=DIRECTION('',(0.,0.,1.));
#9525=DIRECTION('center_axis',(0.,0.,-1.));
#9526=DIRECTION('ref_axis',(-0.707106781186548,-0.707106781186548,0.));
#9527=DIRECTION('',(0.,0.,-1.));
#9528=DIRECTION('center_axis',(-1.,0.,0.));
#9529=DIRECTION('ref_axis',(0.,1.,0.));
#9530=DIRECTION('',(0.,1.,0.));
#9531=DIRECTION('',(0.,0.,1.));
#9532=DIRECTION('center_axis',(0.,0.,-1.));
#9533=DIRECTION('ref_axis',(-0.707106781186548,0.707106781186548,0.));
#9534=DIRECTION('center_axis',(0.,0.,-1.));
#9535=DIRECTION('ref_axis',(-0.707106781186548,0.707106781186548,0.));
#9536=DIRECTION('',(0.,0.,-1.));
#9537=DIRECTION('center_axis',(0.,-1.,0.));
#9538=DIRECTION('ref_axis',(0.,0.,-1.));
#9539=DIRECTION('',(-1.,0.,0.));
#9540=DIRECTION('center_axis',(0.,1.,0.));
#9541=DIRECTION('ref_axis',(1.,0.,0.));
#9542=DIRECTION('',(-1.,0.,0.));
#9543=DIRECTION('',(0.,0.,-1.));
#9544=DIRECTION('',(0.,0.,-1.));
#9545=DIRECTION('center_axis',(1.,0.,0.));
#9546=DIRECTION('ref_axis',(0.,-1.,0.));
#9547=DIRECTION('',(0.,1.,0.));
#9548=DIRECTION('',(0.,0.,-1.));
#9549=DIRECTION('center_axis',(0.,-1.,0.));
#9550=DIRECTION('ref_axis',(-1.,0.,0.));
#9551=DIRECTION('',(1.,0.,0.));
#9552=DIRECTION('',(0.,0.,-1.));
#9553=DIRECTION('center_axis',(-1.,0.,0.));
#9554=DIRECTION('ref_axis',(0.,1.,0.));
#9555=DIRECTION('',(0.,-1.,0.));
#9556=DIRECTION('center_axis',(0.,0.,1.));
#9557=DIRECTION('ref_axis',(-1.,0.,0.));
#9558=DIRECTION('',(-1.,0.,0.));
#9559=DIRECTION('center_axis',(0.,-1.,0.));
#9560=DIRECTION('ref_axis',(0.,0.,-1.));
#9561=DIRECTION('center_axis',(0.,0.,-1.));
#9562=DIRECTION('ref_axis',(-0.707106781186548,-0.707106781186548,0.));
#9563=DIRECTION('center_axis',(0.,0.,1.));
#9564=DIRECTION('ref_axis',(-0.707106781186548,-0.707106781186548,0.));
#9565=DIRECTION('',(0.,0.,1.));
#9566=DIRECTION('center_axis',(0.,0.,-1.));
#9567=DIRECTION('ref_axis',(-0.707106781186548,-0.707106781186548,0.));
#9568=DIRECTION('',(0.,0.,-1.));
#9569=DIRECTION('center_axis',(0.,-1.,0.));
#9570=DIRECTION('ref_axis',(0.,0.,-1.));
#9571=DIRECTION('',(1.,0.,0.));
#9572=DIRECTION('',(0.,0.,-1.));
#9573=DIRECTION('',(-1.,0.,0.));
#9574=DIRECTION('center_axis',(0.,0.,-1.));
#9575=DIRECTION('ref_axis',(-1.,0.,0.));
#9576=DIRECTION('',(0.,1.,0.));
#9577=DIRECTION('center_axis',(0.,0.,1.));
#9578=DIRECTION('ref_axis',(-0.707106781186548,0.707106781186548,0.));
#9579=DIRECTION('',(1.,0.,0.));
#9580=DIRECTION('center_axis',(0.,0.,1.));
#9581=DIRECTION('ref_axis',(0.707106781186548,0.707106781186547,0.));
#9582=DIRECTION('',(0.,-1.,0.));
#9583=DIRECTION('center_axis',(0.,0.,1.));
#9584=DIRECTION('ref_axis',(0.707106781186548,-0.707106781186548,0.));
#9585=DIRECTION('',(0.,1.,0.));
#9586=DIRECTION('',(-1.,0.,0.));
#9587=DIRECTION('',(0.,-1.,0.));
#9588=DIRECTION('',(1.,0.,0.));
#9589=DIRECTION('center_axis',(0.,0.,1.));
#9590=DIRECTION('ref_axis',(0.707106781186548,0.707106781186547,0.));
#9591=DIRECTION('center_axis',(0.,0.,-1.));
#9592=DIRECTION('ref_axis',(0.707106781186548,0.707106781186547,0.));
#9593=DIRECTION('',(0.,0.,-1.));
#9594=DIRECTION('',(0.,0.,1.));
#9595=DIRECTION('center_axis',(0.,-1.,0.));
#9596=DIRECTION('ref_axis',(0.,0.,-1.));
#9597=DIRECTION('',(0.,0.,-1.));
#9598=DIRECTION('',(-1.,0.,0.));
#9599=DIRECTION('center_axis',(0.,0.,1.));
#9600=DIRECTION('ref_axis',(0.707106781186548,-0.707106781186548,0.));
#9601=DIRECTION('center_axis',(0.,0.,-1.));
#9602=DIRECTION('ref_axis',(0.707106781186548,-0.707106781186548,0.));
#9603=DIRECTION('',(0.,0.,1.));
#9604=DIRECTION('center_axis',(0.,0.,1.));
#9605=DIRECTION('ref_axis',(-1.,0.,0.));
#9606=DIRECTION('',(0.,-1.,0.));
#9607=DIRECTION('center_axis',(0.,0.,-1.));
#9608=DIRECTION('ref_axis',(-0.707106781186548,0.707106781186548,0.));
#9609=DIRECTION('',(0.,1.,0.));
#9610=DIRECTION('',(0.,-1.,0.));
#9611=DIRECTION('',(-1.,0.,0.));
#9612=DIRECTION('',(0.,1.,0.));
#9613=DIRECTION('',(1.,0.,0.));
#9614=DIRECTION('center_axis',(0.,0.,-1.));
#9615=DIRECTION('ref_axis',(-0.707106781186548,0.707106781186548,0.));
#9616=DIRECTION('',(0.,0.,1.));
#9617=DIRECTION('center_axis',(-1.,0.,0.));
#9618=DIRECTION('ref_axis',(0.,1.,0.));
#9619=DIRECTION('center_axis',(-1.,0.,0.));
#9620=DIRECTION('ref_axis',(0.,1.,0.));
#9621=DIRECTION('',(0.,0.,-1.));
#9622=DIRECTION('',(0.,0.,-1.));
#9623=DIRECTION('center_axis',(0.,-1.,0.));
#9624=DIRECTION('ref_axis',(-1.,0.,0.));
#9625=DIRECTION('',(0.,0.,-1.));
#9626=DIRECTION('center_axis',(1.,0.,0.));
#9627=DIRECTION('ref_axis',(0.,-1.,0.));
#9628=DIRECTION('',(0.,0.,-1.));
#9629=DIRECTION('center_axis',(0.,1.,0.));
#9630=DIRECTION('ref_axis',(1.,0.,0.));
#9631=DIRECTION('center_axis',(1.,0.,0.));
#9632=DIRECTION('ref_axis',(0.,-1.,0.));
#9633=DIRECTION('center_axis',(0.,0.,-1.));
#9634=DIRECTION('ref_axis',(0.707106781186548,-0.707106781186548,0.));
#9635=DIRECTION('center_axis',(0.,0.,1.));
#9636=DIRECTION('ref_axis',(0.707106781186548,-0.707106781186548,0.));
#9637=DIRECTION('',(0.,0.,1.));
#9638=DIRECTION('center_axis',(0.,0.,-1.));
#9639=DIRECTION('ref_axis',(0.707106781186548,-0.707106781186548,0.));
#9640=DIRECTION('',(0.,0.,-1.));
#9641=DIRECTION('center_axis',(1.,0.,0.));
#9642=DIRECTION('ref_axis',(0.,-1.,0.));
#9643=DIRECTION('',(0.,-1.,0.));
#9644=DIRECTION('',(0.,0.,-1.));
#9645=DIRECTION('',(0.,-1.,0.));
#9646=DIRECTION('center_axis',(0.,0.,-1.));
#9647=DIRECTION('ref_axis',(-1.,0.,0.));
#9648=DIRECTION('',(-1.,8.88178419700125E-16,0.));
#9649=DIRECTION('center_axis',(0.,0.,1.));
#9650=DIRECTION('ref_axis',(-0.707106781186548,-0.707106781186548,0.));
#9651=DIRECTION('',(0.,1.,0.));
#9652=DIRECTION('center_axis',(0.,0.,1.));
#9653=DIRECTION('ref_axis',(-0.707106781186548,0.707106781186548,0.));
#9654=DIRECTION('',(1.,0.,0.));
#9655=DIRECTION('center_axis',(0.,0.,1.));
#9656=DIRECTION('ref_axis',(0.707106781186548,0.707106781186548,0.));
#9657=DIRECTION('',(0.,1.,0.));
#9658=DIRECTION('',(-1.,0.,0.));
#9659=DIRECTION('',(0.,-1.,0.));
#9660=DIRECTION('',(1.,0.,0.));
#9661=DIRECTION('center_axis',(0.,0.,-1.));
#9662=DIRECTION('ref_axis',(-0.707106781186548,-0.707106781186548,0.));
#9663=DIRECTION('',(0.,0.,1.));
#9664=DIRECTION('center_axis',(0.,0.,-1.));
#9665=DIRECTION('ref_axis',(-0.707106781186548,-0.707106781186548,0.));
#9666=DIRECTION('',(0.,0.,-1.));
#9667=DIRECTION('center_axis',(-1.,0.,0.));
#9668=DIRECTION('ref_axis',(0.,1.,0.));
#9669=DIRECTION('',(0.,1.,0.));
#9670=DIRECTION('',(0.,0.,1.));
#9671=DIRECTION('center_axis',(0.,0.,-1.));
#9672=DIRECTION('ref_axis',(-0.707106781186548,0.707106781186548,0.));
#9673=DIRECTION('center_axis',(0.,0.,-1.));
#9674=DIRECTION('ref_axis',(-0.707106781186548,0.707106781186548,0.));
#9675=DIRECTION('',(0.,0.,-1.));
#9676=DIRECTION('center_axis',(0.,0.,1.));
#9677=DIRECTION('ref_axis',(0.707106781186548,0.707106781186548,0.));
#9678=DIRECTION('center_axis',(0.,0.,-1.));
#9679=DIRECTION('ref_axis',(0.707106781186548,0.707106781186548,0.));
#9680=DIRECTION('',(0.,0.,1.));
#9681=DIRECTION('center_axis',(0.,-1.,0.));
#9682=DIRECTION('ref_axis',(0.,0.,-1.));
#9683=DIRECTION('',(-1.,0.,0.));
#9684=DIRECTION('center_axis',(0.,0.,1.));
#9685=DIRECTION('ref_axis',(-1.,0.,0.));
#9686=DIRECTION('',(-1.,8.88178419700125E-16,0.));
#9687=DIRECTION('',(0.,-1.,0.));
#9688=DIRECTION('',(-1.,0.,0.));
#9689=DIRECTION('',(0.,1.,0.));
#9690=DIRECTION('',(1.,0.,0.));
#9691=DIRECTION('center_axis',(0.,1.,0.));
#9692=DIRECTION('ref_axis',(1.,0.,0.));
#9693=DIRECTION('',(0.,0.,-1.));
#9694=DIRECTION('',(0.,0.,-1.));
#9695=DIRECTION('center_axis',(1.,0.,0.));
#9696=DIRECTION('ref_axis',(0.,-1.,0.));
#9697=DIRECTION('',(0.,0.,-1.));
#9698=DIRECTION('center_axis',(0.,-1.,0.));
#9699=DIRECTION('ref_axis',(-1.,0.,0.));
#9700=DIRECTION('',(0.,0.,-1.));
#9701=DIRECTION('center_axis',(-1.,0.,0.));
#9702=DIRECTION('ref_axis',(0.,1.,0.));
#9703=DIRECTION('center_axis',(-8.88178419700125E-16,-1.,0.));
#9704=DIRECTION('ref_axis',(-1.,8.88178419700125E-16,0.));
#9705=DIRECTION('center_axis',(0.,0.,-1.));
#9706=DIRECTION('ref_axis',(-0.707106781186548,0.707106781186548,0.));
#9707=DIRECTION('center_axis',(0.,0.,1.));
#9708=DIRECTION('ref_axis',(-0.707106781186548,0.707106781186548,0.));
#9709=DIRECTION('',(0.,0.,1.));
#9710=DIRECTION('center_axis',(0.,0.,-1.));
#9711=DIRECTION('ref_axis',(-0.707106781186548,0.707106781186548,0.));
#9712=DIRECTION('',(0.,0.,-1.));
#9713=DIRECTION('center_axis',(-1.,0.,0.));
#9714=DIRECTION('ref_axis',(0.,1.,0.));
#9715=DIRECTION('',(0.,1.,0.));
#9716=DIRECTION('',(0.,0.,-1.));
#9717=DIRECTION('',(0.,1.,0.));
#9718=DIRECTION('center_axis',(0.,0.,-1.));
#9719=DIRECTION('ref_axis',(-1.,0.,0.));
#9720=DIRECTION('',(1.,0.,0.));
#9721=DIRECTION('center_axis',(0.,0.,1.));
#9722=DIRECTION('ref_axis',(0.707106781186548,0.707106781186548,0.));
#9723=DIRECTION('',(0.,-1.,0.));
#9724=DIRECTION('center_axis',(0.,0.,1.));
#9725=DIRECTION('ref_axis',(0.707106781186548,-0.707106781186548,0.));
#9726=DIRECTION('',(1.,0.,0.));
#9727=DIRECTION('center_axis',(0.,0.,1.));
#9728=DIRECTION('ref_axis',(-0.707106781186548,-0.707106781186548,0.));
#9729=DIRECTION('',(0.,1.,0.));
#9730=DIRECTION('',(-1.,0.,0.));
#9731=DIRECTION('',(0.,-1.,0.));
#9732=DIRECTION('',(1.,0.,0.));
#9733=DIRECTION('center_axis',(0.,0.,1.));
#9734=DIRECTION('ref_axis',(0.707106781186548,0.707106781186548,0.));
#9735=DIRECTION('center_axis',(0.,0.,-1.));
#9736=DIRECTION('ref_axis',(0.707106781186548,0.707106781186548,0.));
#9737=DIRECTION('',(0.,0.,-1.));
#9738=DIRECTION('',(0.,0.,1.));
#9739=DIRECTION('center_axis',(1.,0.,0.));
#9740=DIRECTION('ref_axis',(0.,-1.,0.));
#9741=DIRECTION('',(0.,-1.,0.));
#9742=DIRECTION('',(0.,0.,1.));
#9743=DIRECTION('center_axis',(0.,0.,1.));
#9744=DIRECTION('ref_axis',(0.707106781186548,-0.707106781186548,0.));
#9745=DIRECTION('center_axis',(0.,0.,-1.));
#9746=DIRECTION('ref_axis',(0.707106781186548,-0.707106781186548,0.));
#9747=DIRECTION('',(0.,0.,-1.));
#9748=DIRECTION('center_axis',(0.,0.,-1.));
#9749=DIRECTION('ref_axis',(-0.707106781186548,-0.707106781186548,0.));
#9750=DIRECTION('',(0.,0.,1.));
#9751=DIRECTION('center_axis',(0.,0.,-1.));
#9752=DIRECTION('ref_axis',(-0.707106781186548,-0.707106781186548,0.));
#9753=DIRECTION('center_axis',(0.,0.,1.));
#9754=DIRECTION('ref_axis',(-1.,0.,0.));
#9755=DIRECTION('',(-1.,0.,0.));
#9756=DIRECTION('',(-1.,0.,0.));
#9757=DIRECTION('',(0.,-1.,0.));
#9758=DIRECTION('',(-1.,0.,0.));
#9759=DIRECTION('',(0.,1.,0.));
#9760=DIRECTION('',(1.,0.,0.));
#9761=DIRECTION('center_axis',(0.,-1.,0.));
#9762=DIRECTION('ref_axis',(0.,0.,-1.));
#9763=DIRECTION('center_axis',(-1.,0.,0.));
#9764=DIRECTION('ref_axis',(0.,1.,0.));
#9765=DIRECTION('',(0.,0.,-1.));
#9766=DIRECTION('',(0.,0.,-1.));
#9767=DIRECTION('center_axis',(0.,-1.,0.));
#9768=DIRECTION('ref_axis',(-1.,0.,0.));
#9769=DIRECTION('',(0.,0.,-1.));
#9770=DIRECTION('center_axis',(1.,0.,0.));
#9771=DIRECTION('ref_axis',(0.,-1.,0.));
#9772=DIRECTION('',(0.,0.,-1.));
#9773=DIRECTION('center_axis',(0.,1.,0.));
#9774=DIRECTION('ref_axis',(1.,0.,0.));
#9775=DIRECTION('center_axis',(0.,-1.,0.));
#9776=DIRECTION('ref_axis',(0.,0.,-1.));
#9777=DIRECTION('center_axis',(0.,0.,1.));
#9778=DIRECTION('ref_axis',(0.707106781186548,-0.707106781186548,0.));
#9779=DIRECTION('center_axis',(0.,0.,-1.));
#9780=DIRECTION('ref_axis',(0.707106781186548,-0.707106781186548,0.));
#9781=DIRECTION('',(0.,0.,-1.));
#9782=DIRECTION('center_axis',(0.,0.,1.));
#9783=DIRECTION('ref_axis',(0.707106781186548,-0.707106781186548,0.));
#9784=DIRECTION('',(0.,0.,1.));
#9785=DIRECTION('center_axis',(0.,-1.,0.));
#9786=DIRECTION('ref_axis',(0.,0.,-1.));
#9787=DIRECTION('',(-1.,0.,0.));
#9788=DIRECTION('',(0.,0.,1.));
#9789=DIRECTION('',(1.,0.,0.));
#9790=DIRECTION('center_axis',(0.,0.,1.));
#9791=DIRECTION('ref_axis',(-1.,0.,0.));
#9792=DIRECTION('',(0.,1.,0.));
#9793=DIRECTION('center_axis',(0.,0.,-1.));
#9794=DIRECTION('ref_axis',(0.707106781186548,0.707106781186548,0.));
#9795=DIRECTION('',(-1.,0.,0.));
#9796=DIRECTION('center_axis',(0.,0.,-1.));
#9797=DIRECTION('ref_axis',(-0.707106781186548,0.707106781186548,0.));
#9798=DIRECTION('',(0.,-1.,0.));
#9799=DIRECTION('center_axis',(0.,0.,-1.));
#9800=DIRECTION('ref_axis',(-0.707106781186548,-0.707106781186548,0.));
#9801=DIRECTION('',(0.,-1.,0.));
#9802=DIRECTION('',(-1.,0.,0.));
#9803=DIRECTION('',(0.,1.,0.));
#9804=DIRECTION('',(1.,0.,0.));
#9805=DIRECTION('center_axis',(0.,0.,-1.));
#9806=DIRECTION('ref_axis',(-0.707106781186548,-0.707106781186548,0.));
#9807=DIRECTION('center_axis',(0.,0.,1.));
#9808=DIRECTION('ref_axis',(-0.707106781186548,-0.707106781186548,0.));
#9809=DIRECTION('',(0.,0.,-1.));
#9810=DIRECTION('center_axis',(-1.,0.,0.));
#9811=DIRECTION('ref_axis',(0.,1.,0.));
#9812=DIRECTION('',(0.,0.,1.));
#9813=DIRECTION('',(0.,1.,0.));
#9814=DIRECTION('center_axis',(0.,0.,-1.));
#9815=DIRECTION('ref_axis',(-0.707106781186548,0.707106781186548,0.));
#9816=DIRECTION('center_axis',(0.,0.,1.));
#9817=DIRECTION('ref_axis',(-0.707106781186548,0.707106781186548,0.));
#9818=DIRECTION('',(0.,0.,-1.));
#9819=DIRECTION('center_axis',(0.,-1.,0.));
#9820=DIRECTION('ref_axis',(0.,0.,-1.));
#9821=DIRECTION('',(0.,0.,1.));
#9822=DIRECTION('',(1.,0.,0.));
#9823=DIRECTION('center_axis',(0.,0.,1.));
#9824=DIRECTION('ref_axis',(0.707106781186548,0.707106781186548,0.));
#9825=DIRECTION('',(0.,0.,-1.));
#9826=DIRECTION('center_axis',(0.,0.,1.));
#9827=DIRECTION('ref_axis',(0.707106781186548,0.707106781186548,0.));
#9828=DIRECTION('center_axis',(1.,0.,0.));
#9829=DIRECTION('ref_axis',(0.,-1.,0.));
#9830=DIRECTION('',(0.,-1.,0.));
#9831=DIRECTION('center_axis',(0.,1.,0.));
#9832=DIRECTION('ref_axis',(1.,0.,0.));
#9833=DIRECTION('',(0.,0.,-1.));
#9834=DIRECTION('',(1.,0.,0.));
#9835=DIRECTION('',(0.,0.,-1.));
#9836=DIRECTION('center_axis',(1.,0.,0.));
#9837=DIRECTION('ref_axis',(0.,-1.,0.));
#9838=DIRECTION('',(0.,-1.,0.));
#9839=DIRECTION('',(0.,0.,-1.));
#9840=DIRECTION('center_axis',(0.,-1.,0.));
#9841=DIRECTION('ref_axis',(-1.,0.,0.));
#9842=DIRECTION('',(-1.,0.,0.));
#9843=DIRECTION('',(0.,0.,-1.));
#9844=DIRECTION('center_axis',(-1.,0.,0.));
#9845=DIRECTION('ref_axis',(0.,1.,0.));
#9846=DIRECTION('',(0.,1.,0.));
#9847=DIRECTION('center_axis',(0.,0.,-1.));
#9848=DIRECTION('ref_axis',(-1.,0.,0.));
#9849=DIRECTION('center_axis',(0.,0.,1.));
#9850=DIRECTION('ref_axis',(0.707106781186548,-0.707106781186547,0.));
#9851=DIRECTION('center_axis',(0.,0.,-1.));
#9852=DIRECTION('ref_axis',(0.707106781186548,-0.707106781186547,0.));
#9853=DIRECTION('',(0.,0.,-1.));
#9854=DIRECTION('center_axis',(0.,0.,1.));
#9855=DIRECTION('ref_axis',(0.707106781186548,-0.707106781186547,0.));
#9856=DIRECTION('',(0.,0.,1.));
#9857=DIRECTION('center_axis',(1.,0.,0.));
#9858=DIRECTION('ref_axis',(0.,-1.,0.));
#9859=DIRECTION('',(0.,-1.,0.));
#9860=DIRECTION('',(0.,0.,-1.));
#9861=DIRECTION('',(0.,1.,0.));
#9862=DIRECTION('center_axis',(0.,0.,-1.));
#9863=DIRECTION('ref_axis',(-1.,0.,0.));
#9864=DIRECTION('',(1.,0.,0.));
#9865=DIRECTION('center_axis',(0.,0.,1.));
#9866=DIRECTION('ref_axis',(-0.707106781186548,-0.707106781186547,0.));
#9867=DIRECTION('',(0.,1.,0.));
#9868=DIRECTION('center_axis',(0.,0.,1.));
#9869=DIRECTION('ref_axis',(-0.707106781186548,0.707106781186547,0.));
#9870=DIRECTION('',(1.,0.,0.));
#9871=DIRECTION('center_axis',(0.,0.,1.));
#9872=DIRECTION('ref_axis',(0.707106781186548,0.707106781186548,0.));
#9873=DIRECTION('',(0.,1.,0.));
#9874=DIRECTION('',(-1.,0.,0.));
#9875=DIRECTION('',(0.,-1.,0.));
#9876=DIRECTION('',(1.,0.,0.));
#9877=DIRECTION('center_axis',(0.,0.,-1.));
#9878=DIRECTION('ref_axis',(-0.707106781186548,-0.707106781186547,0.));
#9879=DIRECTION('',(0.,0.,1.));
#9880=DIRECTION('center_axis',(0.,0.,-1.));
#9881=DIRECTION('ref_axis',(-0.707106781186548,-0.707106781186547,0.));
#9882=DIRECTION('',(0.,0.,-1.));
#9883=DIRECTION('center_axis',(-1.,0.,0.));
#9884=DIRECTION('ref_axis',(0.,1.,0.));
#9885=DIRECTION('',(0.,-1.,0.));
#9886=DIRECTION('',(0.,0.,1.));
#9887=DIRECTION('center_axis',(0.,0.,1.));
#9888=DIRECTION('ref_axis',(-1.,0.,0.));
#9889=DIRECTION('center_axis',(0.,0.,-1.));
#9890=DIRECTION('ref_axis',(0.707106781186548,0.707106781186548,0.));
#9891=DIRECTION('',(-1.,0.,0.));
#9892=DIRECTION('center_axis',(0.,0.,-1.));
#9893=DIRECTION('ref_axis',(-0.707106781186548,0.707106781186547,0.));
#9894=DIRECTION('',(-1.,0.,0.));
#9895=DIRECTION('',(0.,-1.,0.));
#9896=DIRECTION('',(-1.,0.,0.));
#9897=DIRECTION('',(0.,1.,0.));
#9898=DIRECTION('',(1.,0.,0.));
#9899=DIRECTION('center_axis',(0.,0.,-1.));
#9900=DIRECTION('ref_axis',(-0.707106781186548,0.707106781186547,0.));
#9901=DIRECTION('',(0.,0.,-1.));
#9902=DIRECTION('center_axis',(0.,-1.,0.));
#9903=DIRECTION('ref_axis',(0.,0.,-1.));
#9904=DIRECTION('',(0.,0.,1.));
#9905=DIRECTION('center_axis',(0.,0.,1.));
#9906=DIRECTION('ref_axis',(0.707106781186548,0.707106781186548,0.));
#9907=DIRECTION('center_axis',(0.,1.,0.));
#9908=DIRECTION('ref_axis',(1.,0.,0.));
#9909=DIRECTION('',(0.,0.,-1.));
#9910=DIRECTION('',(0.,0.,-1.));
#9911=DIRECTION('center_axis',(1.,0.,0.));
#9912=DIRECTION('ref_axis',(0.,-1.,0.));
#9913=DIRECTION('',(0.,0.,-1.));
#9914=DIRECTION('center_axis',(0.,-1.,0.));
#9915=DIRECTION('ref_axis',(-1.,0.,0.));
#9916=DIRECTION('',(0.,0.,-1.));
#9917=DIRECTION('center_axis',(-1.,0.,0.));
#9918=DIRECTION('ref_axis',(0.,1.,0.));
#9919=DIRECTION('center_axis',(0.,-1.,0.));
#9920=DIRECTION('ref_axis',(0.,0.,-1.));
#9921=DIRECTION('center_axis',(0.,0.,1.));
#9922=DIRECTION('ref_axis',(0.707106781186548,-0.707106781186547,0.));
#9923=DIRECTION('center_axis',(0.,0.,-1.));
#9924=DIRECTION('ref_axis',(0.707106781186548,-0.707106781186547,0.));
#9925=DIRECTION('',(0.,0.,-1.));
#9926=DIRECTION('center_axis',(0.,0.,1.));
#9927=DIRECTION('ref_axis',(0.707106781186548,-0.707106781186547,0.));
#9928=DIRECTION('',(0.,0.,1.));
#9929=DIRECTION('center_axis',(1.,0.,0.));
#9930=DIRECTION('ref_axis',(0.,-1.,0.));
#9931=DIRECTION('',(0.,-1.,0.));
#9932=DIRECTION('',(0.,0.,-1.));
#9933=DIRECTION('',(0.,1.,0.));
#9934=DIRECTION('center_axis',(0.,0.,-1.));
#9935=DIRECTION('ref_axis',(-1.,0.,0.));
#9936=DIRECTION('',(1.,0.,0.));
#9937=DIRECTION('center_axis',(0.,0.,1.));
#9938=DIRECTION('ref_axis',(-0.707106781186548,-0.707106781186547,0.));
#9939=DIRECTION('',(0.,1.,0.));
#9940=DIRECTION('center_axis',(0.,0.,1.));
#9941=DIRECTION('ref_axis',(-0.707106781186548,0.707106781186547,0.));
#9942=DIRECTION('',(1.,0.,0.));
#9943=DIRECTION('center_axis',(0.,0.,1.));
#9944=DIRECTION('ref_axis',(0.707106781186548,0.707106781186548,0.));
#9945=DIRECTION('',(0.,1.,0.));
#9946=DIRECTION('',(-1.,0.,0.));
#9947=DIRECTION('',(0.,-1.,0.));
#9948=DIRECTION('',(1.,0.,0.));
#9949=DIRECTION('center_axis',(0.,0.,-1.));
#9950=DIRECTION('ref_axis',(-0.707106781186548,-0.707106781186547,0.));
#9951=DIRECTION('',(0.,0.,1.));
#9952=DIRECTION('center_axis',(0.,0.,-1.));
#9953=DIRECTION('ref_axis',(-0.707106781186548,-0.707106781186547,0.));
#9954=DIRECTION('',(0.,0.,-1.));
#9955=DIRECTION('center_axis',(-1.,0.,0.));
#9956=DIRECTION('ref_axis',(0.,1.,0.));
#9957=DIRECTION('',(0.,-1.,0.));
#9958=DIRECTION('',(0.,0.,1.));
#9959=DIRECTION('center_axis',(0.,0.,1.));
#9960=DIRECTION('ref_axis',(-1.,0.,0.));
#9961=DIRECTION('center_axis',(0.,0.,-1.));
#9962=DIRECTION('ref_axis',(0.707106781186548,0.707106781186548,0.));
#9963=DIRECTION('',(-1.,0.,0.));
#9964=DIRECTION('center_axis',(0.,0.,-1.));
#9965=DIRECTION('ref_axis',(-0.707106781186548,0.707106781186547,0.));
#9966=DIRECTION('',(-1.,0.,0.));
#9967=DIRECTION('',(0.,-1.,0.));
#9968=DIRECTION('',(-1.,0.,0.));
#9969=DIRECTION('',(0.,1.,0.));
#9970=DIRECTION('',(1.,0.,0.));
#9971=DIRECTION('center_axis',(0.,0.,-1.));
#9972=DIRECTION('ref_axis',(-0.707106781186548,0.707106781186547,0.));
#9973=DIRECTION('',(0.,0.,-1.));
#9974=DIRECTION('center_axis',(0.,-1.,0.));
#9975=DIRECTION('ref_axis',(0.,0.,-1.));
#9976=DIRECTION('',(0.,0.,1.));
#9977=DIRECTION('center_axis',(0.,0.,1.));
#9978=DIRECTION('ref_axis',(0.707106781186548,0.707106781186548,0.));
#9979=DIRECTION('center_axis',(-1.,0.,0.));
#9980=DIRECTION('ref_axis',(0.,1.,0.));
#9981=DIRECTION('',(0.,0.,-1.));
#9982=DIRECTION('',(0.,0.,-1.));
#9983=DIRECTION('center_axis',(0.,-1.,0.));
#9984=DIRECTION('ref_axis',(-1.,0.,0.));
#9985=DIRECTION('',(0.,0.,-1.));
#9986=DIRECTION('center_axis',(1.,0.,0.));
#9987=DIRECTION('ref_axis',(0.,-1.,0.));
#9988=DIRECTION('',(0.,0.,-1.));
#9989=DIRECTION('center_axis',(0.,1.,0.));
#9990=DIRECTION('ref_axis',(1.,0.,0.));
#9991=DIRECTION('center_axis',(0.,-1.,0.));
#9992=DIRECTION('ref_axis',(0.,0.,-1.));
#9993=DIRECTION('center_axis',(0.,0.,-1.));
#9994=DIRECTION('ref_axis',(-0.707106781186548,-0.707106781186548,0.));
#9995=DIRECTION('center_axis',(0.,0.,1.));
#9996=DIRECTION('ref_axis',(-0.707106781186548,-0.707106781186548,0.));
#9997=DIRECTION('',(0.,0.,1.));
#9998=DIRECTION('center_axis',(0.,0.,-1.));
#9999=DIRECTION('ref_axis',(-0.707106781186548,-0.707106781186548,0.));
#10000=DIRECTION('',(0.,0.,-1.));
#10001=DIRECTION('center_axis',(0.,-1.,0.));
#10002=DIRECTION('ref_axis',(0.,0.,-1.));
#10003=DIRECTION('',(1.,0.,0.));
#10004=DIRECTION('',(0.,0.,-1.));
#10005=DIRECTION('',(-1.,0.,0.));
#10006=DIRECTION('center_axis',(0.,0.,-1.));
#10007=DIRECTION('ref_axis',(-1.,0.,0.));
#10008=DIRECTION('',(0.,1.,0.));
#10009=DIRECTION('center_axis',(0.,0.,1.));
#10010=DIRECTION('ref_axis',(-0.707106781186548,0.707106781186548,0.));
#10011=DIRECTION('',(1.,0.,0.));
#10012=DIRECTION('center_axis',(0.,0.,1.));
#10013=DIRECTION('ref_axis',(0.707106781186548,0.707106781186548,0.));
#10014=DIRECTION('',(0.,-1.,0.));
#10015=DIRECTION('center_axis',(0.,0.,1.));
#10016=DIRECTION('ref_axis',(0.707106781186548,-0.707106781186548,0.));
#10017=DIRECTION('',(0.,1.,0.));
#10018=DIRECTION('',(-1.,0.,0.));
#10019=DIRECTION('',(0.,-1.,0.));
#10020=DIRECTION('',(1.,0.,0.));
#10021=DIRECTION('center_axis',(0.,0.,-1.));
#10022=DIRECTION('ref_axis',(-0.707106781186548,0.707106781186548,0.));
#10023=DIRECTION('',(0.,0.,1.));
#10024=DIRECTION('center_axis',(0.,0.,-1.));
#10025=DIRECTION('ref_axis',(-0.707106781186548,0.707106781186548,0.));
#10026=DIRECTION('',(0.,0.,-1.));
#10027=DIRECTION('center_axis',(0.,-1.,0.));
#10028=DIRECTION('ref_axis',(0.,0.,-1.));
#10029=DIRECTION('',(-1.,0.,0.));
#10030=DIRECTION('',(0.,0.,1.));
#10031=DIRECTION('center_axis',(0.,0.,1.));
#10032=DIRECTION('ref_axis',(-1.,0.,0.));
#10033=DIRECTION('center_axis',(0.,0.,-1.));
#10034=DIRECTION('ref_axis',(0.707106781186548,-0.707106781186548,0.));
#10035=DIRECTION('',(0.,1.,0.));
#10036=DIRECTION('center_axis',(0.,0.,-1.));
#10037=DIRECTION('ref_axis',(0.707106781186548,0.707106781186548,0.));
#10038=DIRECTION('',(0.,-1.,0.));
#10039=DIRECTION('',(0.,-1.,0.));
#10040=DIRECTION('',(-1.,0.,0.));
#10041=DIRECTION('',(0.,1.,0.));
#10042=DIRECTION('',(1.,0.,0.));
#10043=DIRECTION('center_axis',(0.,0.,1.));
#10044=DIRECTION('ref_axis',(0.707106781186548,0.707106781186548,0.));
#10045=DIRECTION('',(0.,0.,-1.));
#10046=DIRECTION('center_axis',(1.,0.,0.));
#10047=DIRECTION('ref_axis',(0.,-1.,0.));
#10048=DIRECTION('',(0.,0.,1.));
#10049=DIRECTION('center_axis',(0.,0.,1.));
#10050=DIRECTION('ref_axis',(0.707106781186548,-0.707106781186548,0.));
#10051=DIRECTION('center_axis',(-1.,0.,0.));
#10052=DIRECTION('ref_axis',(0.,1.,0.));
#10053=DIRECTION('center_axis',(0.,1.,0.));
#10054=DIRECTION('ref_axis',(1.,0.,0.));
#10055=DIRECTION('',(0.,0.,-1.));
#10056=DIRECTION('',(0.,0.,-1.));
#10057=DIRECTION('center_axis',(1.,0.,0.));
#10058=DIRECTION('ref_axis',(0.,-1.,0.));
#10059=DIRECTION('',(0.,0.,-1.));
#10060=DIRECTION('center_axis',(0.,-1.,0.));
#10061=DIRECTION('ref_axis',(-1.,0.,0.));
#10062=DIRECTION('',(0.,0.,-1.));
#10063=DIRECTION('center_axis',(-1.,0.,0.));
#10064=DIRECTION('ref_axis',(0.,1.,0.));
#10065=DIRECTION('center_axis',(0.,0.,1.));
#10066=DIRECTION('ref_axis',(0.707106781186548,-0.707106781186548,0.));
#10067=DIRECTION('center_axis',(0.,0.,-1.));
#10068=DIRECTION('ref_axis',(0.707106781186548,-0.707106781186548,0.));
#10069=DIRECTION('',(0.,0.,-1.));
#10070=DIRECTION('center_axis',(0.,0.,1.));
#10071=DIRECTION('ref_axis',(0.707106781186548,-0.707106781186548,0.));
#10072=DIRECTION('',(0.,0.,1.));
#10073=DIRECTION('center_axis',(0.,0.,-1.));
#10074=DIRECTION('ref_axis',(-1.,0.,0.));
#10075=DIRECTION('',(1.,0.,0.));
#10076=DIRECTION('center_axis',(0.,0.,1.));
#10077=DIRECTION('ref_axis',(-0.707106781186548,-0.707106781186548,0.));
#10078=DIRECTION('',(0.,1.,0.));
#10079=DIRECTION('center_axis',(0.,0.,1.));
#10080=DIRECTION('ref_axis',(-0.707106781186548,0.707106781186548,0.));
#10081=DIRECTION('',(1.,0.,0.));
#10082=DIRECTION('center_axis',(0.,0.,1.));
#10083=DIRECTION('ref_axis',(0.707106781186548,0.707106781186547,0.));
#10084=DIRECTION('',(0.,-1.,0.));
#10085=DIRECTION('',(0.,1.,0.));
#10086=DIRECTION('',(-1.,0.,0.));
#10087=DIRECTION('',(0.,-1.,0.));
#10088=DIRECTION('',(1.,0.,0.));
#10089=DIRECTION('center_axis',(0.,-1.,0.));
#10090=DIRECTION('ref_axis',(0.,0.,-1.));
#10091=DIRECTION('',(-1.,0.,0.));
#10092=DIRECTION('',(0.,0.,1.));
#10093=DIRECTION('center_axis',(0.,0.,-1.));
#10094=DIRECTION('ref_axis',(-0.707106781186548,-0.707106781186548,0.));
#10095=DIRECTION('center_axis',(0.,0.,-1.));
#10096=DIRECTION('ref_axis',(-0.707106781186548,-0.707106781186548,0.));
#10097=DIRECTION('',(0.,0.,-1.));
#10098=DIRECTION('center_axis',(0.,0.,-1.));
#10099=DIRECTION('ref_axis',(-0.707106781186548,0.707106781186548,0.));
#10100=DIRECTION('',(0.,0.,1.));
#10101=DIRECTION('center_axis',(0.,0.,-1.));
#10102=DIRECTION('ref_axis',(-0.707106781186548,0.707106781186548,0.));
#10103=DIRECTION('',(0.,0.,-1.));
#10104=DIRECTION('center_axis',(0.,-1.,0.));
#10105=DIRECTION('ref_axis',(0.,0.,-1.));
#10106=DIRECTION('',(-1.,0.,0.));
#10107=DIRECTION('',(0.,0.,1.));
#10108=DIRECTION('center_axis',(0.,0.,1.));
#10109=DIRECTION('ref_axis',(-1.,0.,0.));
#10110=DIRECTION('',(0.,1.,0.));
#10111=DIRECTION('center_axis',(0.,0.,-1.));
#10112=DIRECTION('ref_axis',(0.707106781186548,0.707106781186547,0.));
#10113=DIRECTION('',(0.,-1.,0.));
#10114=DIRECTION('',(0.,-1.,0.));
#10115=DIRECTION('',(-1.,0.,0.));
#10116=DIRECTION('',(0.,1.,0.));
#10117=DIRECTION('',(1.,0.,0.));
#10118=DIRECTION('center_axis',(0.,0.,1.));
#10119=DIRECTION('ref_axis',(0.707106781186548,0.707106781186547,0.));
#10120=DIRECTION('',(0.,0.,-1.));
#10121=DIRECTION('center_axis',(1.,0.,0.));
#10122=DIRECTION('ref_axis',(0.,-1.,0.));
#10123=DIRECTION('center_axis',(-1.,0.,0.));
#10124=DIRECTION('ref_axis',(0.,1.,0.));
#10125=DIRECTION('',(0.,0.,-1.));
#10126=DIRECTION('',(0.,0.,-1.));
#10127=DIRECTION('center_axis',(0.,-1.,0.));
#10128=DIRECTION('ref_axis',(-1.,0.,0.));
#10129=DIRECTION('',(0.,0.,-1.));
#10130=DIRECTION('center_axis',(1.,0.,0.));
#10131=DIRECTION('ref_axis',(0.,-1.,0.));
#10132=DIRECTION('',(0.,0.,-1.));
#10133=DIRECTION('center_axis',(0.,1.,0.));
#10134=DIRECTION('ref_axis',(1.,0.,0.));
#10135=DIRECTION('center_axis',(-1.,0.,0.));
#10136=DIRECTION('ref_axis',(0.,1.,0.));
#10137=DIRECTION('center_axis',(0.,0.,-1.));
#10138=DIRECTION('ref_axis',(-0.707106781186548,-0.707106781186548,0.));
#10139=DIRECTION('center_axis',(0.,0.,1.));
#10140=DIRECTION('ref_axis',(-0.707106781186548,-0.707106781186548,0.));
#10141=DIRECTION('',(0.,0.,1.));
#10142=DIRECTION('center_axis',(0.,0.,-1.));
#10143=DIRECTION('ref_axis',(-0.707106781186548,-0.707106781186548,0.));
#10144=DIRECTION('',(0.,0.,-1.));
#10145=DIRECTION('center_axis',(-1.,0.,0.));
#10146=DIRECTION('ref_axis',(0.,1.,0.));
#10147=DIRECTION('',(0.,-1.,0.));
#10148=DIRECTION('',(0.,0.,1.));
#10149=DIRECTION('',(0.,1.,0.));
#10150=DIRECTION('center_axis',(0.,0.,1.));
#10151=DIRECTION('ref_axis',(-1.,0.,0.));
#10152=DIRECTION('',(1.,0.,0.));
#10153=DIRECTION('center_axis',(0.,0.,-1.));
#10154=DIRECTION('ref_axis',(0.707106781186548,-0.707106781186548,0.));
#10155=DIRECTION('',(0.,1.,0.));
#10156=DIRECTION('center_axis',(0.,0.,-1.));
#10157=DIRECTION('ref_axis',(0.707106781186548,0.707106781186548,0.));
#10158=DIRECTION('',(-1.,0.,0.));
#10159=DIRECTION('center_axis',(0.,0.,-1.));
#10160=DIRECTION('ref_axis',(-0.707106781186548,0.707106781186548,0.));
#10161=DIRECTION('',(0.,-1.,0.));
#10162=DIRECTION('',(-1.,0.,0.));
#10163=DIRECTION('',(0.,1.,0.));
#10164=DIRECTION('',(1.,0.,0.));
#10165=DIRECTION('center_axis',(0.,0.,1.));
#10166=DIRECTION('ref_axis',(0.707106781186548,0.707106781186548,0.));
#10167=DIRECTION('',(0.,0.,-1.));
#10168=DIRECTION('center_axis',(0.,0.,1.));
#10169=DIRECTION('ref_axis',(0.707106781186548,0.707106781186548,0.));
#10170=DIRECTION('',(0.,0.,1.));
#10171=DIRECTION('center_axis',(0.,0.,-1.));
#10172=DIRECTION('ref_axis',(-1.,0.,0.));
#10173=DIRECTION('center_axis',(0.,0.,1.));
#10174=DIRECTION('ref_axis',(-0.707106781186548,0.707106781186548,0.));
#10175=DIRECTION('',(1.,0.,0.));
#10176=DIRECTION('',(0.,-1.,0.));
#10177=DIRECTION('center_axis',(0.,0.,1.));
#10178=DIRECTION('ref_axis',(0.707106781186548,-0.707106781186548,0.));
#10179=DIRECTION('',(-1.,0.,0.));
#10180=DIRECTION('',(0.,1.,0.));
#10181=DIRECTION('',(-1.,0.,0.));
#10182=DIRECTION('',(0.,-1.,0.));
#10183=DIRECTION('',(1.,0.,0.));
#10184=DIRECTION('center_axis',(1.,0.,0.));
#10185=DIRECTION('ref_axis',(0.,-1.,0.));
#10186=DIRECTION('',(0.,0.,1.));
#10187=DIRECTION('center_axis',(0.,0.,-1.));
#10188=DIRECTION('ref_axis',(0.707106781186548,-0.707106781186548,0.));
#10189=DIRECTION('',(0.,0.,-1.));
#10190=DIRECTION('center_axis',(0.,0.,-1.));
#10191=DIRECTION('ref_axis',(-0.707106781186548,0.707106781186548,0.));
#10192=DIRECTION('',(0.,0.,-1.));
#10193=DIRECTION('center_axis',(0.,-1.,0.));
#10194=DIRECTION('ref_axis',(0.,0.,-1.));
#10195=DIRECTION('center_axis',(0.,1.,0.));
#10196=DIRECTION('ref_axis',(1.,0.,0.));
#10197=DIRECTION('',(0.,0.,-1.));
#10198=DIRECTION('',(0.,0.,-1.));
#10199=DIRECTION('center_axis',(1.,0.,0.));
#10200=DIRECTION('ref_axis',(0.,-1.,0.));
#10201=DIRECTION('',(0.,0.,-1.));
#10202=DIRECTION('center_axis',(0.,-1.,0.));
#10203=DIRECTION('ref_axis',(-1.,0.,0.));
#10204=DIRECTION('',(0.,0.,-1.));
#10205=DIRECTION('center_axis',(-1.,0.,0.));
#10206=DIRECTION('ref_axis',(0.,1.,0.));
#10207=DIRECTION('center_axis',(0.,-1.,0.));
#10208=DIRECTION('ref_axis',(-1.,0.,0.));
#10209=DIRECTION('center_axis',(0.,0.,1.));
#10210=DIRECTION('ref_axis',(0.707106781186548,0.707106781186548,0.));
#10211=DIRECTION('center_axis',(0.,0.,-1.));
#10212=DIRECTION('ref_axis',(0.707106781186548,0.707106781186548,0.));
#10213=DIRECTION('',(0.,0.,-1.));
#10214=DIRECTION('center_axis',(0.,0.,1.));
#10215=DIRECTION('ref_axis',(0.707106781186548,0.707106781186548,0.));
#10216=DIRECTION('',(0.,0.,1.));
#10217=DIRECTION('center_axis',(0.,-1.,0.));
#10218=DIRECTION('ref_axis',(0.,0.,-1.));
#10219=DIRECTION('',(1.,0.,0.));
#10220=DIRECTION('',(0.,0.,-1.));
#10221=DIRECTION('',(-1.,0.,0.));
#10222=DIRECTION('center_axis',(0.,0.,-1.));
#10223=DIRECTION('ref_axis',(-1.,0.,0.));
#10224=DIRECTION('',(0.,-1.,0.));
#10225=DIRECTION('center_axis',(0.,0.,1.));
#10226=DIRECTION('ref_axis',(0.707106781186548,-0.707106781186548,0.));
#10227=DIRECTION('',(1.,0.,0.));
#10228=DIRECTION('center_axis',(0.,0.,1.));
#10229=DIRECTION('ref_axis',(-0.707106781186548,-0.707106781186548,0.));
#10230=DIRECTION('',(0.,1.,0.));
#10231=DIRECTION('center_axis',(0.,0.,1.));
#10232=DIRECTION('ref_axis',(-0.707106781186548,0.707106781186548,0.));
#10233=DIRECTION('',(0.,1.,0.));
#10234=DIRECTION('',(-1.,0.,0.));
#10235=DIRECTION('',(0.,-1.,0.));
#10236=DIRECTION('',(1.,0.,0.));
#10237=DIRECTION('center_axis',(0.,0.,-1.));
#10238=DIRECTION('ref_axis',(-0.707106781186548,-0.707106781186548,0.));
#10239=DIRECTION('',(0.,0.,1.));
#10240=DIRECTION('center_axis',(0.,0.,-1.));
#10241=DIRECTION('ref_axis',(-0.707106781186548,-0.707106781186548,0.));
#10242=DIRECTION('',(0.,0.,-1.));
#10243=DIRECTION('center_axis',(-1.,0.,0.));
#10244=DIRECTION('ref_axis',(0.,1.,0.));
#10245=DIRECTION('',(0.,-1.,0.));
#10246=DIRECTION('',(0.,0.,1.));
#10247=DIRECTION('center_axis',(0.,0.,-1.));
#10248=DIRECTION('ref_axis',(-0.707106781186548,0.707106781186548,0.));
#10249=DIRECTION('center_axis',(0.,0.,-1.));
#10250=DIRECTION('ref_axis',(-0.707106781186548,0.707106781186548,0.));
#10251=DIRECTION('center_axis',(0.,0.,1.));
#10252=DIRECTION('ref_axis',(0.707106781186548,-0.707106781186548,0.));
#10253=DIRECTION('center_axis',(0.,0.,-1.));
#10254=DIRECTION('ref_axis',(0.707106781186548,-0.707106781186548,0.));
#10255=DIRECTION('',(0.,0.,-1.));
#10256=DIRECTION('',(0.,0.,1.));
#10257=DIRECTION('center_axis',(1.,0.,0.));
#10258=DIRECTION('ref_axis',(0.,-1.,0.));
#10259=DIRECTION('',(0.,1.,0.));
#10260=DIRECTION('center_axis',(0.,0.,1.));
#10261=DIRECTION('ref_axis',(-1.,0.,0.));
#10262=DIRECTION('',(-1.,0.,0.));
#10263=DIRECTION('',(0.,-1.,0.));
#10264=DIRECTION('',(-1.,0.,0.));
#10265=DIRECTION('',(0.,1.,0.));
#10266=DIRECTION('',(1.,0.,0.));
#10267=DIRECTION('center_axis',(-1.,0.,0.));
#10268=DIRECTION('ref_axis',(0.,1.,0.));
#10269=DIRECTION('',(0.,0.,-1.));
#10270=DIRECTION('',(0.,0.,-1.));
#10271=DIRECTION('center_axis',(0.,-1.,0.));
#10272=DIRECTION('ref_axis',(-1.,0.,0.));
#10273=DIRECTION('',(0.,0.,-1.));
#10274=DIRECTION('center_axis',(1.,0.,0.));
#10275=DIRECTION('ref_axis',(0.,-1.,0.));
#10276=DIRECTION('',(0.,0.,-1.));
#10277=DIRECTION('center_axis',(0.,1.,0.));
#10278=DIRECTION('ref_axis',(1.,0.,0.));
#10279=DIRECTION('center_axis',(0.,-1.,0.));
#10280=DIRECTION('ref_axis',(0.,0.,-1.));
#10281=CARTESIAN_POINT('',(0.,0.,0.));
#10282=CARTESIAN_POINT('Origin',(8.5,6.58428571428572,0.));
#10283=CARTESIAN_POINT('',(8.5,6.58428571428572,0.));
#10284=CARTESIAN_POINT('',(9.13,6.58428571428572,0.));
#10285=CARTESIAN_POINT('',(8.5,6.58428571428572,0.));
#10286=CARTESIAN_POINT('',(9.13,6.58428571428572,1.6));
#10287=CARTESIAN_POINT('',(9.13,6.58428571428572,0.));
#10288=CARTESIAN_POINT('',(8.5,6.58428571428572,1.6));
#10289=CARTESIAN_POINT('',(8.5,6.58428571428572,1.6));
#10290=CARTESIAN_POINT('',(8.5,6.58428571428572,0.));
#10291=CARTESIAN_POINT('Origin',(8.5,5.95428571428572,0.));
#10292=CARTESIAN_POINT('',(8.5,5.95428571428572,0.));
#10293=CARTESIAN_POINT('',(8.5,5.95428571428572,0.));
#10294=CARTESIAN_POINT('',(8.5,5.95428571428572,1.6));
#10295=CARTESIAN_POINT('',(8.5,5.95428571428572,1.6));
#10296=CARTESIAN_POINT('',(8.5,5.95428571428572,0.));
#10297=CARTESIAN_POINT('Origin',(9.13,5.95428571428572,0.));
#10298=CARTESIAN_POINT('',(9.13,5.95428571428572,0.));
#10299=CARTESIAN_POINT('',(9.13,5.95428571428572,0.));
#10300=CARTESIAN_POINT('',(9.13,5.95428571428572,1.6));
#10301=CARTESIAN_POINT('',(9.13,5.95428571428572,1.6));
#10302=CARTESIAN_POINT('',(9.13,5.95428571428572,0.));
#10303=CARTESIAN_POINT('Origin',(9.13,6.58428571428572,0.));
#10304=CARTESIAN_POINT('',(9.13,6.58428571428572,0.));
#10305=CARTESIAN_POINT('',(9.13,6.58428571428572,1.6));
#10306=CARTESIAN_POINT('Origin',(8.5,-3.59857142857143,0.));
#10307=CARTESIAN_POINT('',(8.5,-3.59857142857143,0.));
#10308=CARTESIAN_POINT('',(9.13,-3.59857142857143,0.));
#10309=CARTESIAN_POINT('',(8.5,-3.59857142857143,0.));
#10310=CARTESIAN_POINT('',(9.13,-3.59857142857143,1.6));
#10311=CARTESIAN_POINT('',(9.13,-3.59857142857143,0.));
#10312=CARTESIAN_POINT('',(8.5,-3.59857142857143,1.6));
#10313=CARTESIAN_POINT('',(8.5,-3.59857142857143,1.6));
#10314=CARTESIAN_POINT('',(8.5,-3.59857142857143,0.));
#10315=CARTESIAN_POINT('Origin',(8.5,-4.22857142857143,0.));
#10316=CARTESIAN_POINT('',(8.5,-4.22857142857143,0.));
#10317=CARTESIAN_POINT('',(8.5,-4.22857142857143,0.));
#10318=CARTESIAN_POINT('',(8.5,-4.22857142857143,1.6));
#10319=CARTESIAN_POINT('',(8.5,-4.22857142857143,1.6));
#10320=CARTESIAN_POINT('',(8.5,-4.22857142857143,0.));
#10321=CARTESIAN_POINT('Origin',(9.13,-4.22857142857143,0.));
#10322=CARTESIAN_POINT('',(9.13,-4.22857142857143,0.));
#10323=CARTESIAN_POINT('',(9.13,-4.22857142857143,0.));
#10324=CARTESIAN_POINT('',(9.13,-4.22857142857143,1.6));
#10325=CARTESIAN_POINT('',(9.13,-4.22857142857143,1.6));
#10326=CARTESIAN_POINT('',(9.13,-4.22857142857143,0.));
#10327=CARTESIAN_POINT('Origin',(9.13,-3.59857142857143,0.));
#10328=CARTESIAN_POINT('',(9.13,-3.59857142857143,0.));
#10329=CARTESIAN_POINT('',(9.13,-3.59857142857143,1.6));
#10330=CARTESIAN_POINT('Origin',(-9.172,1.49285714285714,0.));
#10331=CARTESIAN_POINT('',(-9.172,1.49285714285714,0.));
#10332=CARTESIAN_POINT('',(-8.542,1.49285714285714,0.));
#10333=CARTESIAN_POINT('',(-9.172,1.49285714285714,0.));
#10334=CARTESIAN_POINT('',(-8.542,1.49285714285714,1.6));
#10335=CARTESIAN_POINT('',(-8.542,1.49285714285714,0.));
#10336=CARTESIAN_POINT('',(-9.172,1.49285714285714,1.6));
#10337=CARTESIAN_POINT('',(-9.172,1.49285714285714,1.6));
#10338=CARTESIAN_POINT('',(-9.172,1.49285714285714,0.));
#10339=CARTESIAN_POINT('Origin',(-9.172,0.862857142857145,0.));
#10340=CARTESIAN_POINT('',(-9.172,0.862857142857145,0.));
#10341=CARTESIAN_POINT('',(-9.172,0.862857142857145,0.));
#10342=CARTESIAN_POINT('',(-9.172,0.862857142857145,1.6));
#10343=CARTESIAN_POINT('',(-9.172,0.862857142857145,1.6));
#10344=CARTESIAN_POINT('',(-9.172,0.862857142857145,0.));
#10345=CARTESIAN_POINT('Origin',(-8.542,0.862857142857145,0.));
#10346=CARTESIAN_POINT('',(-8.542,0.862857142857145,0.));
#10347=CARTESIAN_POINT('',(-8.542,0.862857142857145,0.));
#10348=CARTESIAN_POINT('',(-8.542,0.862857142857145,1.6));
#10349=CARTESIAN_POINT('',(-8.542,0.862857142857145,1.6));
#10350=CARTESIAN_POINT('',(-8.542,0.862857142857145,0.));
#10351=CARTESIAN_POINT('Origin',(-8.542,1.49285714285714,0.));
#10352=CARTESIAN_POINT('',(-8.542,1.49285714285714,0.));
#10353=CARTESIAN_POINT('',(-8.542,1.49285714285714,1.6));
#10354=CARTESIAN_POINT('Origin',(-9.172,6.58428571428572,0.));
#10355=CARTESIAN_POINT('',(-9.172,6.58428571428572,0.));
#10356=CARTESIAN_POINT('',(-8.542,6.58428571428572,0.));
#10357=CARTESIAN_POINT('',(-9.172,6.58428571428572,0.));
#10358=CARTESIAN_POINT('',(-8.542,6.58428571428572,1.6));
#10359=CARTESIAN_POINT('',(-8.542,6.58428571428572,0.));
#10360=CARTESIAN_POINT('',(-9.172,6.58428571428572,1.6));
#10361=CARTESIAN_POINT('',(-9.172,6.58428571428572,1.6));
#10362=CARTESIAN_POINT('',(-9.172,6.58428571428572,0.));
#10363=CARTESIAN_POINT('Origin',(-9.172,5.95428571428572,0.));
#10364=CARTESIAN_POINT('',(-9.172,5.95428571428572,0.));
#10365=CARTESIAN_POINT('',(-9.172,5.95428571428572,0.));
#10366=CARTESIAN_POINT('',(-9.172,5.95428571428572,1.6));
#10367=CARTESIAN_POINT('',(-9.172,5.95428571428572,1.6));
#10368=CARTESIAN_POINT('',(-9.172,5.95428571428572,0.));
#10369=CARTESIAN_POINT('Origin',(-8.542,5.95428571428572,0.));
#10370=CARTESIAN_POINT('',(-8.542,5.95428571428572,0.));
#10371=CARTESIAN_POINT('',(-8.542,5.95428571428572,0.));
#10372=CARTESIAN_POINT('',(-8.542,5.95428571428572,1.6));
#10373=CARTESIAN_POINT('',(-8.542,5.95428571428572,1.6));
#10374=CARTESIAN_POINT('',(-8.542,5.95428571428572,0.));
#10375=CARTESIAN_POINT('Origin',(-8.542,6.58428571428572,0.));
#10376=CARTESIAN_POINT('',(-8.542,6.58428571428572,0.));
#10377=CARTESIAN_POINT('',(-8.542,6.58428571428572,1.6));
#10378=CARTESIAN_POINT('Origin',(-9.172,-6.14428571428571,0.));
#10379=CARTESIAN_POINT('',(-9.172,-6.14428571428571,0.));
#10380=CARTESIAN_POINT('',(-8.542,-6.14428571428571,0.));
#10381=CARTESIAN_POINT('',(-9.172,-6.14428571428571,0.));
#10382=CARTESIAN_POINT('',(-8.542,-6.14428571428571,1.6));
#10383=CARTESIAN_POINT('',(-8.542,-6.14428571428571,0.));
#10384=CARTESIAN_POINT('',(-9.172,-6.14428571428571,1.6));
#10385=CARTESIAN_POINT('',(-9.172,-6.14428571428571,1.6));
#10386=CARTESIAN_POINT('',(-9.172,-6.14428571428571,0.));
#10387=CARTESIAN_POINT('Origin',(-9.172,-6.77428571428571,0.));
#10388=CARTESIAN_POINT('',(-9.172,-6.77428571428571,0.));
#10389=CARTESIAN_POINT('',(-9.172,-6.77428571428571,0.));
#10390=CARTESIAN_POINT('',(-9.172,-6.77428571428571,1.6));
#10391=CARTESIAN_POINT('',(-9.172,-6.77428571428571,1.6));
#10392=CARTESIAN_POINT('',(-9.172,-6.77428571428571,0.));
#10393=CARTESIAN_POINT('Origin',(-8.542,-6.77428571428571,0.));
#10394=CARTESIAN_POINT('',(-8.542,-6.77428571428571,0.));
#10395=CARTESIAN_POINT('',(-8.542,-6.77428571428571,0.));
#10396=CARTESIAN_POINT('',(-8.542,-6.77428571428571,1.6));
#10397=CARTESIAN_POINT('',(-8.542,-6.77428571428571,1.6));
#10398=CARTESIAN_POINT('',(-8.542,-6.77428571428571,0.));
#10399=CARTESIAN_POINT('Origin',(-8.542,-6.14428571428571,0.));
#10400=CARTESIAN_POINT('',(-8.542,-6.14428571428571,0.));
#10401=CARTESIAN_POINT('',(-8.542,-6.14428571428571,1.6));
#10402=CARTESIAN_POINT('Origin',(8.5,-8.69,0.));
#10403=CARTESIAN_POINT('',(8.5,-8.69,0.));
#10404=CARTESIAN_POINT('',(9.13,-8.69,0.));
#10405=CARTESIAN_POINT('',(8.5,-8.69,0.));
#10406=CARTESIAN_POINT('',(9.13,-8.69,1.6));
#10407=CARTESIAN_POINT('',(9.13,-8.69,0.));
#10408=CARTESIAN_POINT('',(8.5,-8.69,1.6));
#10409=CARTESIAN_POINT('',(8.5,-8.69,1.6));
#10410=CARTESIAN_POINT('',(8.5,-8.69,0.));
#10411=CARTESIAN_POINT('Origin',(8.5,-9.32,0.));
#10412=CARTESIAN_POINT('',(8.5,-9.32,0.));
#10413=CARTESIAN_POINT('',(8.5,-9.32,0.));
#10414=CARTESIAN_POINT('',(8.5,-9.32,1.6));
#10415=CARTESIAN_POINT('',(8.5,-9.32,1.6));
#10416=CARTESIAN_POINT('',(8.5,-9.32,0.));
#10417=CARTESIAN_POINT('Origin',(9.13,-9.32,0.));
#10418=CARTESIAN_POINT('',(9.13,-9.32,0.));
#10419=CARTESIAN_POINT('',(9.13,-9.32,0.));
#10420=CARTESIAN_POINT('',(9.13,-9.32,1.6));
#10421=CARTESIAN_POINT('',(9.13,-9.32,1.6));
#10422=CARTESIAN_POINT('',(9.13,-9.32,0.));
#10423=CARTESIAN_POINT('Origin',(9.13,-8.69,0.));
#10424=CARTESIAN_POINT('',(9.13,-8.69,0.));
#10425=CARTESIAN_POINT('',(9.13,-8.69,1.6));
#10426=CARTESIAN_POINT('Origin',(8.5,-1.05285714285714,0.));
#10427=CARTESIAN_POINT('',(8.5,-1.05285714285714,0.));
#10428=CARTESIAN_POINT('',(9.13,-1.05285714285714,0.));
#10429=CARTESIAN_POINT('',(8.5,-1.05285714285714,0.));
#10430=CARTESIAN_POINT('',(9.13,-1.05285714285714,1.6));
#10431=CARTESIAN_POINT('',(9.13,-1.05285714285714,0.));
#10432=CARTESIAN_POINT('',(8.5,-1.05285714285714,1.6));
#10433=CARTESIAN_POINT('',(8.5,-1.05285714285714,1.6));
#10434=CARTESIAN_POINT('',(8.5,-1.05285714285714,0.));
#10435=CARTESIAN_POINT('Origin',(8.5,-1.68285714285714,0.));
#10436=CARTESIAN_POINT('',(8.5,-1.68285714285714,0.));
#10437=CARTESIAN_POINT('',(8.5,-1.68285714285714,0.));
#10438=CARTESIAN_POINT('',(8.5,-1.68285714285714,1.6));
#10439=CARTESIAN_POINT('',(8.5,-1.68285714285714,1.6));
#10440=CARTESIAN_POINT('',(8.5,-1.68285714285714,0.));
#10441=CARTESIAN_POINT('Origin',(9.13,-1.68285714285714,0.));
#10442=CARTESIAN_POINT('',(9.13,-1.68285714285714,0.));
#10443=CARTESIAN_POINT('',(9.13,-1.68285714285714,0.));
#10444=CARTESIAN_POINT('',(9.13,-1.68285714285714,1.6));
#10445=CARTESIAN_POINT('',(9.13,-1.68285714285714,1.6));
#10446=CARTESIAN_POINT('',(9.13,-1.68285714285714,0.));
#10447=CARTESIAN_POINT('Origin',(9.13,-1.05285714285714,0.));
#10448=CARTESIAN_POINT('',(9.13,-1.05285714285714,0.));
#10449=CARTESIAN_POINT('',(9.13,-1.05285714285714,1.6));
#10450=CARTESIAN_POINT('Origin',(-9.172,-8.69,0.));
#10451=CARTESIAN_POINT('',(-9.172,-8.69,0.));
#10452=CARTESIAN_POINT('',(-8.542,-8.69,0.));
#10453=CARTESIAN_POINT('',(-9.172,-8.69,0.));
#10454=CARTESIAN_POINT('',(-8.542,-8.69,1.6));
#10455=CARTESIAN_POINT('',(-8.542,-8.69,0.));
#10456=CARTESIAN_POINT('',(-9.172,-8.69,1.6));
#10457=CARTESIAN_POINT('',(-9.172,-8.69,1.6));
#10458=CARTESIAN_POINT('',(-9.172,-8.69,0.));
#10459=CARTESIAN_POINT('Origin',(-9.172,-9.32,0.));
#10460=CARTESIAN_POINT('',(-9.172,-9.32,0.));
#10461=CARTESIAN_POINT('',(-9.172,-9.32,0.));
#10462=CARTESIAN_POINT('',(-9.172,-9.32,1.6));
#10463=CARTESIAN_POINT('',(-9.172,-9.32,1.6));
#10464=CARTESIAN_POINT('',(-9.172,-9.32,0.));
#10465=CARTESIAN_POINT('Origin',(-8.542,-9.32,0.));
#10466=CARTESIAN_POINT('',(-8.542,-9.32,0.));
#10467=CARTESIAN_POINT('',(-8.542,-9.32,0.));
#10468=CARTESIAN_POINT('',(-8.542,-9.32,1.6));
#10469=CARTESIAN_POINT('',(-8.542,-9.32,1.6));
#10470=CARTESIAN_POINT('',(-8.542,-9.32,0.));
#10471=CARTESIAN_POINT('Origin',(-8.542,-8.69,0.));
#10472=CARTESIAN_POINT('',(-8.542,-8.69,0.));
#10473=CARTESIAN_POINT('',(-8.542,-8.69,1.6));
#10474=CARTESIAN_POINT('Origin',(8.5,4.03857142857143,0.));
#10475=CARTESIAN_POINT('',(8.5,4.03857142857143,0.));
#10476=CARTESIAN_POINT('',(9.13,4.03857142857143,0.));
#10477=CARTESIAN_POINT('',(8.5,4.03857142857143,0.));
#10478=CARTESIAN_POINT('',(9.13,4.03857142857143,1.6));
#10479=CARTESIAN_POINT('',(9.13,4.03857142857143,0.));
#10480=CARTESIAN_POINT('',(8.5,4.03857142857143,1.6));
#10481=CARTESIAN_POINT('',(8.5,4.03857142857143,1.6));
#10482=CARTESIAN_POINT('',(8.5,4.03857142857143,0.));
#10483=CARTESIAN_POINT('Origin',(8.5,3.40857142857143,0.));
#10484=CARTESIAN_POINT('',(8.5,3.40857142857143,0.));
#10485=CARTESIAN_POINT('',(8.5,3.40857142857143,0.));
#10486=CARTESIAN_POINT('',(8.5,3.40857142857143,1.6));
#10487=CARTESIAN_POINT('',(8.5,3.40857142857143,1.6));
#10488=CARTESIAN_POINT('',(8.5,3.40857142857143,0.));
#10489=CARTESIAN_POINT('Origin',(9.13,3.40857142857143,0.));
#10490=CARTESIAN_POINT('',(9.13,3.40857142857143,0.));
#10491=CARTESIAN_POINT('',(9.13,3.40857142857143,0.));
#10492=CARTESIAN_POINT('',(9.13,3.40857142857143,1.6));
#10493=CARTESIAN_POINT('',(9.13,3.40857142857143,1.6));
#10494=CARTESIAN_POINT('',(9.13,3.40857142857143,0.));
#10495=CARTESIAN_POINT('Origin',(9.13,4.03857142857143,0.));
#10496=CARTESIAN_POINT('',(9.13,4.03857142857143,0.));
#10497=CARTESIAN_POINT('',(9.13,4.03857142857143,1.6));
#10498=CARTESIAN_POINT('Origin',(8.5,-6.14428571428571,0.));
#10499=CARTESIAN_POINT('',(8.5,-6.14428571428571,0.));
#10500=CARTESIAN_POINT('',(9.13,-6.14428571428571,0.));
#10501=CARTESIAN_POINT('',(8.5,-6.14428571428571,0.));
#10502=CARTESIAN_POINT('',(9.13,-6.14428571428571,1.6));
#10503=CARTESIAN_POINT('',(9.13,-6.14428571428571,0.));
#10504=CARTESIAN_POINT('',(8.5,-6.14428571428571,1.6));
#10505=CARTESIAN_POINT('',(8.5,-6.14428571428571,1.6));
#10506=CARTESIAN_POINT('',(8.5,-6.14428571428571,0.));
#10507=CARTESIAN_POINT('Origin',(8.5,-6.77428571428571,0.));
#10508=CARTESIAN_POINT('',(8.5,-6.77428571428571,0.));
#10509=CARTESIAN_POINT('',(8.5,-6.77428571428571,0.));
#10510=CARTESIAN_POINT('',(8.5,-6.77428571428571,1.6));
#10511=CARTESIAN_POINT('',(8.5,-6.77428571428571,1.6));
#10512=CARTESIAN_POINT('',(8.5,-6.77428571428571,0.));
#10513=CARTESIAN_POINT('Origin',(9.13,-6.77428571428571,0.));
#10514=CARTESIAN_POINT('',(9.13,-6.77428571428571,0.));
#10515=CARTESIAN_POINT('',(9.13,-6.77428571428571,0.));
#10516=CARTESIAN_POINT('',(9.13,-6.77428571428571,1.6));
#10517=CARTESIAN_POINT('',(9.13,-6.77428571428571,1.6));
#10518=CARTESIAN_POINT('',(9.13,-6.77428571428571,0.));
#10519=CARTESIAN_POINT('Origin',(9.13,-6.14428571428571,0.));
#10520=CARTESIAN_POINT('',(9.13,-6.14428571428571,0.));
#10521=CARTESIAN_POINT('',(9.13,-6.14428571428571,1.6));
#10522=CARTESIAN_POINT('Origin',(-9.172,4.03857142857143,0.));
#10523=CARTESIAN_POINT('',(-9.172,4.03857142857143,0.));
#10524=CARTESIAN_POINT('',(-8.542,4.03857142857143,0.));
#10525=CARTESIAN_POINT('',(-9.172,4.03857142857143,0.));
#10526=CARTESIAN_POINT('',(-8.542,4.03857142857143,1.6));
#10527=CARTESIAN_POINT('',(-8.542,4.03857142857143,0.));
#10528=CARTESIAN_POINT('',(-9.172,4.03857142857143,1.6));
#10529=CARTESIAN_POINT('',(-9.172,4.03857142857143,1.6));
#10530=CARTESIAN_POINT('',(-9.172,4.03857142857143,0.));
#10531=CARTESIAN_POINT('Origin',(-9.172,3.40857142857143,0.));
#10532=CARTESIAN_POINT('',(-9.172,3.40857142857143,0.));
#10533=CARTESIAN_POINT('',(-9.172,3.40857142857143,0.));
#10534=CARTESIAN_POINT('',(-9.172,3.40857142857143,1.6));
#10535=CARTESIAN_POINT('',(-9.172,3.40857142857143,1.6));
#10536=CARTESIAN_POINT('',(-9.172,3.40857142857143,0.));
#10537=CARTESIAN_POINT('Origin',(-8.542,3.40857142857143,0.));
#10538=CARTESIAN_POINT('',(-8.542,3.40857142857143,0.));
#10539=CARTESIAN_POINT('',(-8.542,3.40857142857143,0.));
#10540=CARTESIAN_POINT('',(-8.542,3.40857142857143,1.6));
#10541=CARTESIAN_POINT('',(-8.542,3.40857142857143,1.6));
#10542=CARTESIAN_POINT('',(-8.542,3.40857142857143,0.));
#10543=CARTESIAN_POINT('Origin',(-8.542,4.03857142857143,0.));
#10544=CARTESIAN_POINT('',(-8.542,4.03857142857143,0.));
#10545=CARTESIAN_POINT('',(-8.542,4.03857142857143,1.6));
#10546=CARTESIAN_POINT('Origin',(-9.172,-1.05285714285714,0.));
#10547=CARTESIAN_POINT('',(-9.172,-1.05285714285714,0.));
#10548=CARTESIAN_POINT('',(-8.542,-1.05285714285714,0.));
#10549=CARTESIAN_POINT('',(-9.172,-1.05285714285714,0.));
#10550=CARTESIAN_POINT('',(-8.542,-1.05285714285714,1.6));
#10551=CARTESIAN_POINT('',(-8.542,-1.05285714285714,0.));
#10552=CARTESIAN_POINT('',(-9.172,-1.05285714285714,1.6));
#10553=CARTESIAN_POINT('',(-9.172,-1.05285714285714,1.6));
#10554=CARTESIAN_POINT('',(-9.172,-1.05285714285714,0.));
#10555=CARTESIAN_POINT('Origin',(-9.172,-1.68285714285714,0.));
#10556=CARTESIAN_POINT('',(-9.172,-1.68285714285714,0.));
#10557=CARTESIAN_POINT('',(-9.172,-1.68285714285714,0.));
#10558=CARTESIAN_POINT('',(-9.172,-1.68285714285714,1.6));
#10559=CARTESIAN_POINT('',(-9.172,-1.68285714285714,1.6));
#10560=CARTESIAN_POINT('',(-9.172,-1.68285714285714,0.));
#10561=CARTESIAN_POINT('Origin',(-8.542,-1.68285714285714,0.));
#10562=CARTESIAN_POINT('',(-8.542,-1.68285714285714,0.));
#10563=CARTESIAN_POINT('',(-8.542,-1.68285714285714,0.));
#10564=CARTESIAN_POINT('',(-8.542,-1.68285714285714,1.6));
#10565=CARTESIAN_POINT('',(-8.542,-1.68285714285714,1.6));
#10566=CARTESIAN_POINT('',(-8.542,-1.68285714285714,0.));
#10567=CARTESIAN_POINT('Origin',(-8.542,-1.05285714285714,0.));
#10568=CARTESIAN_POINT('',(-8.542,-1.05285714285714,0.));
#10569=CARTESIAN_POINT('',(-8.542,-1.05285714285714,1.6));
#10570=CARTESIAN_POINT('Origin',(8.5,8.5,0.));
#10571=CARTESIAN_POINT('',(8.5,8.5,0.));
#10572=CARTESIAN_POINT('',(8.5,9.13,0.));
#10573=CARTESIAN_POINT('',(8.5,8.5,0.));
#10574=CARTESIAN_POINT('',(8.5,9.13,1.6));
#10575=CARTESIAN_POINT('',(8.5,9.13,0.));
#10576=CARTESIAN_POINT('',(8.5,8.5,1.6));
#10577=CARTESIAN_POINT('',(8.5,8.5,1.6));
#10578=CARTESIAN_POINT('',(8.5,8.5,0.));
#10579=CARTESIAN_POINT('Origin',(9.13,8.5,0.));
#10580=CARTESIAN_POINT('',(9.13,8.5,0.));
#10581=CARTESIAN_POINT('',(9.13,8.5,0.));
#10582=CARTESIAN_POINT('',(9.13,8.5,1.6));
#10583=CARTESIAN_POINT('',(9.13,8.5,1.6));
#10584=CARTESIAN_POINT('',(9.13,8.5,0.));
#10585=CARTESIAN_POINT('Origin',(9.13,9.13,0.));
#10586=CARTESIAN_POINT('',(9.13,9.13,0.));
#10587=CARTESIAN_POINT('',(9.13,9.13,0.));
#10588=CARTESIAN_POINT('',(9.13,9.13,1.6));
#10589=CARTESIAN_POINT('',(9.13,9.13,1.6));
#10590=CARTESIAN_POINT('',(9.13,9.13,0.));
#10591=CARTESIAN_POINT('Origin',(8.5,9.13,0.));
#10592=CARTESIAN_POINT('',(8.5,9.13,0.));
#10593=CARTESIAN_POINT('',(8.5,9.13,1.6));
#10594=CARTESIAN_POINT('Origin',(-9.172,-3.59857142857143,0.));
#10595=CARTESIAN_POINT('',(-9.172,-3.59857142857143,0.));
#10596=CARTESIAN_POINT('',(-8.542,-3.59857142857143,0.));
#10597=CARTESIAN_POINT('',(-9.172,-3.59857142857143,0.));
#10598=CARTESIAN_POINT('',(-8.542,-3.59857142857143,1.6));
#10599=CARTESIAN_POINT('',(-8.542,-3.59857142857143,0.));
#10600=CARTESIAN_POINT('',(-9.172,-3.59857142857143,1.6));
#10601=CARTESIAN_POINT('',(-9.172,-3.59857142857143,1.6));
#10602=CARTESIAN_POINT('',(-9.172,-3.59857142857143,0.));
#10603=CARTESIAN_POINT('Origin',(-9.172,-4.22857142857143,0.));
#10604=CARTESIAN_POINT('',(-9.172,-4.22857142857143,0.));
#10605=CARTESIAN_POINT('',(-9.172,-4.22857142857143,0.));
#10606=CARTESIAN_POINT('',(-9.172,-4.22857142857143,1.6));
#10607=CARTESIAN_POINT('',(-9.172,-4.22857142857143,1.6));
#10608=CARTESIAN_POINT('',(-9.172,-4.22857142857143,0.));
#10609=CARTESIAN_POINT('Origin',(-8.542,-4.22857142857143,0.));
#10610=CARTESIAN_POINT('',(-8.542,-4.22857142857143,0.));
#10611=CARTESIAN_POINT('',(-8.542,-4.22857142857143,0.));
#10612=CARTESIAN_POINT('',(-8.542,-4.22857142857143,1.6));
#10613=CARTESIAN_POINT('',(-8.542,-4.22857142857143,1.6));
#10614=CARTESIAN_POINT('',(-8.542,-4.22857142857143,0.));
#10615=CARTESIAN_POINT('Origin',(-8.542,-3.59857142857143,0.));
#10616=CARTESIAN_POINT('',(-8.542,-3.59857142857143,0.));
#10617=CARTESIAN_POINT('',(-8.542,-3.59857142857143,1.6));
#10618=CARTESIAN_POINT('Origin',(-9.172,9.13,0.));
#10619=CARTESIAN_POINT('',(-9.172,9.13,0.));
#10620=CARTESIAN_POINT('',(-8.542,9.13,0.));
#10621=CARTESIAN_POINT('',(-9.172,9.13,0.));
#10622=CARTESIAN_POINT('',(-8.542,9.13,1.6));
#10623=CARTESIAN_POINT('',(-8.542,9.13,0.));
#10624=CARTESIAN_POINT('',(-9.172,9.13,1.6));
#10625=CARTESIAN_POINT('',(-9.172,9.13,1.6));
#10626=CARTESIAN_POINT('',(-9.172,9.13,0.));
#10627=CARTESIAN_POINT('Origin',(-9.172,8.5,0.));
#10628=CARTESIAN_POINT('',(-9.172,8.5,0.));
#10629=CARTESIAN_POINT('',(-9.172,8.5,0.));
#10630=CARTESIAN_POINT('',(-9.172,8.5,1.6));
#10631=CARTESIAN_POINT('',(-9.172,8.5,1.6));
#10632=CARTESIAN_POINT('',(-9.172,8.5,0.));
#10633=CARTESIAN_POINT('Origin',(-8.542,8.5,0.));
#10634=CARTESIAN_POINT('',(-8.542,8.5,0.));
#10635=CARTESIAN_POINT('',(-8.542,8.5,0.));
#10636=CARTESIAN_POINT('',(-8.542,8.5,1.6));
#10637=CARTESIAN_POINT('',(-8.542,8.5,1.6));
#10638=CARTESIAN_POINT('',(-8.542,8.5,0.));
#10639=CARTESIAN_POINT('Origin',(-8.542,9.13,0.));
#10640=CARTESIAN_POINT('',(-8.542,9.13,0.));
#10641=CARTESIAN_POINT('',(-8.542,9.13,1.6));
#10642=CARTESIAN_POINT('Origin',(8.5,1.49285714285714,0.));
#10643=CARTESIAN_POINT('',(8.5,1.49285714285714,0.));
#10644=CARTESIAN_POINT('',(9.13,1.49285714285714,0.));
#10645=CARTESIAN_POINT('',(8.5,1.49285714285714,0.));
#10646=CARTESIAN_POINT('',(9.13,1.49285714285714,1.6));
#10647=CARTESIAN_POINT('',(9.13,1.49285714285714,0.));
#10648=CARTESIAN_POINT('',(8.5,1.49285714285714,1.6));
#10649=CARTESIAN_POINT('',(8.5,1.49285714285714,1.6));
#10650=CARTESIAN_POINT('',(8.5,1.49285714285714,0.));
#10651=CARTESIAN_POINT('Origin',(8.5,0.862857142857145,0.));
#10652=CARTESIAN_POINT('',(8.5,0.862857142857145,0.));
#10653=CARTESIAN_POINT('',(8.5,0.862857142857145,0.));
#10654=CARTESIAN_POINT('',(8.5,0.862857142857145,1.6));
#10655=CARTESIAN_POINT('',(8.5,0.862857142857145,1.6));
#10656=CARTESIAN_POINT('',(8.5,0.862857142857145,0.));
#10657=CARTESIAN_POINT('Origin',(9.13,0.862857142857145,0.));
#10658=CARTESIAN_POINT('',(9.13,0.862857142857145,0.));
#10659=CARTESIAN_POINT('',(9.13,0.862857142857145,0.));
#10660=CARTESIAN_POINT('',(9.13,0.862857142857145,1.6));
#10661=CARTESIAN_POINT('',(9.13,0.862857142857145,1.6));
#10662=CARTESIAN_POINT('',(9.13,0.862857142857145,0.));
#10663=CARTESIAN_POINT('Origin',(9.13,1.49285714285714,0.));
#10664=CARTESIAN_POINT('',(9.13,1.49285714285714,0.));
#10665=CARTESIAN_POINT('',(9.13,1.49285714285714,1.6));
#10666=CARTESIAN_POINT('Origin',(-10.,10.,0.));
#10667=CARTESIAN_POINT('',(-10.,-10.,0.));
#10668=CARTESIAN_POINT('',(-10.,10.,0.));
#10669=CARTESIAN_POINT('',(-10.,-10.,0.));
#10670=CARTESIAN_POINT('',(-10.,-10.,1.6));
#10671=CARTESIAN_POINT('',(-10.,-10.,0.));
#10672=CARTESIAN_POINT('',(-10.,10.,1.6));
#10673=CARTESIAN_POINT('',(-10.,-10.,1.6));
#10674=CARTESIAN_POINT('',(-10.,10.,0.));
#10675=CARTESIAN_POINT('Origin',(-1.,10.,0.));
#10676=CARTESIAN_POINT('',(-1.,10.,0.));
#10677=CARTESIAN_POINT('',(-10.,10.,0.));
#10678=CARTESIAN_POINT('',(-1.,10.,1.6));
#10679=CARTESIAN_POINT('',(-10.,10.,1.6));
#10680=CARTESIAN_POINT('',(-1.,10.,0.));
#10681=CARTESIAN_POINT('Origin',(0.,10.,0.));
#10682=CARTESIAN_POINT('',(1.,10.,0.));
#10683=CARTESIAN_POINT('Origin',(0.,10.,0.));
#10684=CARTESIAN_POINT('',(1.,10.,1.6));
#10685=CARTESIAN_POINT('Origin',(0.,10.,1.6));
#10686=CARTESIAN_POINT('',(1.,10.,0.));
#10687=CARTESIAN_POINT('Origin',(10.,10.,0.));
#10688=CARTESIAN_POINT('',(10.,10.,0.));
#10689=CARTESIAN_POINT('',(10.,10.,0.));
#10690=CARTESIAN_POINT('',(10.,10.,1.6));
#10691=CARTESIAN_POINT('',(10.,10.,1.6));
#10692=CARTESIAN_POINT('',(10.,10.,0.));
#10693=CARTESIAN_POINT('Origin',(10.,-10.,0.));
#10694=CARTESIAN_POINT('',(10.,-10.,0.));
#10695=CARTESIAN_POINT('',(10.,-10.,0.));
#10696=CARTESIAN_POINT('',(10.,-10.,1.6));
#10697=CARTESIAN_POINT('',(10.,-10.,1.6));
#10698=CARTESIAN_POINT('',(10.,-10.,0.));
#10699=CARTESIAN_POINT('Origin',(-10.,-10.,0.));
#10700=CARTESIAN_POINT('',(-7.5,-10.,0.));
#10701=CARTESIAN_POINT('',(-7.5,-10.,1.6));
#10702=CARTESIAN_POINT('Origin',(-2.22044604925031E-15,4.44089209850063E-15,
1.6));
#10703=CARTESIAN_POINT('Origin',(-2.22044604925031E-15,4.44089209850063E-15,
0.));
#10704=CARTESIAN_POINT('Origin',(8.815,3.72357142857143,-8.37));
#10705=CARTESIAN_POINT('',(9.13,4.03857142857143,-8.37));
#10706=CARTESIAN_POINT('',(9.13,3.40857142857143,-8.37));
#10707=CARTESIAN_POINT('',(9.13,4.03857142857143,-8.37));
#10708=CARTESIAN_POINT('',(8.5,3.40857142857143,-8.37));
#10709=CARTESIAN_POINT('',(9.13,3.40857142857143,-8.37));
#10710=CARTESIAN_POINT('',(8.5,4.03857142857143,-8.37));
#10711=CARTESIAN_POINT('',(8.5,3.40857142857143,-8.37));
#10712=CARTESIAN_POINT('',(8.5,4.03857142857143,-8.37));
#10713=CARTESIAN_POINT('Origin',(8.5,3.40857142857143,0.));
#10714=CARTESIAN_POINT('',(9.13,3.40857142857143,3.));
#10715=CARTESIAN_POINT('',(9.13,3.40857142857143,0.));
#10716=CARTESIAN_POINT('',(8.5,3.40857142857143,3.));
#10717=CARTESIAN_POINT('',(9.13,3.40857142857143,3.));
#10718=CARTESIAN_POINT('',(8.5,3.40857142857143,0.));
#10719=CARTESIAN_POINT('Origin',(8.5,4.03857142857143,0.));
#10720=CARTESIAN_POINT('',(8.5,4.03857142857143,3.));
#10721=CARTESIAN_POINT('',(8.5,3.40857142857143,3.));
#10722=CARTESIAN_POINT('',(8.5,4.03857142857143,0.));
#10723=CARTESIAN_POINT('Origin',(9.13,4.03857142857143,0.));
#10724=CARTESIAN_POINT('',(9.13,4.03857142857143,3.));
#10725=CARTESIAN_POINT('',(8.5,4.03857142857143,3.));
#10726=CARTESIAN_POINT('',(9.13,4.03857142857143,0.));
#10727=CARTESIAN_POINT('Origin',(9.13,3.40857142857143,0.));
#10728=CARTESIAN_POINT('',(9.13,4.03857142857143,3.));
#10729=CARTESIAN_POINT('Origin',(8.815,3.72357142857143,3.));
#10730=CARTESIAN_POINT('Origin',(8.815,-6.45928571428571,-8.37));
#10731=CARTESIAN_POINT('',(9.13,-6.14428571428571,-8.37));
#10732=CARTESIAN_POINT('',(9.13,-6.77428571428571,-8.37));
#10733=CARTESIAN_POINT('',(9.13,-6.14428571428571,-8.37));
#10734=CARTESIAN_POINT('',(8.5,-6.77428571428571,-8.37));
#10735=CARTESIAN_POINT('',(9.13,-6.77428571428571,-8.37));
#10736=CARTESIAN_POINT('',(8.5,-6.14428571428571,-8.37));
#10737=CARTESIAN_POINT('',(8.5,-6.77428571428571,-8.37));
#10738=CARTESIAN_POINT('',(8.5,-6.14428571428571,-8.37));
#10739=CARTESIAN_POINT('Origin',(8.5,-6.77428571428571,0.));
#10740=CARTESIAN_POINT('',(9.13,-6.77428571428571,3.));
#10741=CARTESIAN_POINT('',(9.13,-6.77428571428571,0.));
#10742=CARTESIAN_POINT('',(8.5,-6.77428571428571,3.));
#10743=CARTESIAN_POINT('',(9.13,-6.77428571428571,3.));
#10744=CARTESIAN_POINT('',(8.5,-6.77428571428571,0.));
#10745=CARTESIAN_POINT('Origin',(8.5,-6.14428571428571,0.));
#10746=CARTESIAN_POINT('',(8.5,-6.14428571428571,3.));
#10747=CARTESIAN_POINT('',(8.5,-6.77428571428571,3.));
#10748=CARTESIAN_POINT('',(8.5,-6.14428571428571,0.));
#10749=CARTESIAN_POINT('Origin',(9.13,-6.14428571428571,0.));
#10750=CARTESIAN_POINT('',(9.13,-6.14428571428571,3.));
#10751=CARTESIAN_POINT('',(8.5,-6.14428571428571,3.));
#10752=CARTESIAN_POINT('',(9.13,-6.14428571428571,0.));
#10753=CARTESIAN_POINT('Origin',(9.13,-6.77428571428571,0.));
#10754=CARTESIAN_POINT('',(9.13,-6.14428571428571,3.));
#10755=CARTESIAN_POINT('Origin',(8.815,-6.45928571428571,3.));
#10756=CARTESIAN_POINT('Origin',(-8.857,3.72357142857143,-8.37));
#10757=CARTESIAN_POINT('',(-8.542,4.03857142857143,-8.37));
#10758=CARTESIAN_POINT('',(-8.542,3.40857142857143,-8.37));
#10759=CARTESIAN_POINT('',(-8.542,4.03857142857143,-8.37));
#10760=CARTESIAN_POINT('',(-9.172,3.40857142857143,-8.37));
#10761=CARTESIAN_POINT('',(-8.542,3.40857142857143,-8.37));
#10762=CARTESIAN_POINT('',(-9.172,4.03857142857143,-8.37));
#10763=CARTESIAN_POINT('',(-9.172,3.40857142857143,-8.37));
#10764=CARTESIAN_POINT('',(-9.172,4.03857142857143,-8.37));
#10765=CARTESIAN_POINT('Origin',(-9.172,3.40857142857143,0.));
#10766=CARTESIAN_POINT('',(-8.542,3.40857142857143,3.));
#10767=CARTESIAN_POINT('',(-8.542,3.40857142857143,0.));
#10768=CARTESIAN_POINT('',(-9.172,3.40857142857143,3.));
#10769=CARTESIAN_POINT('',(-8.542,3.40857142857143,3.));
#10770=CARTESIAN_POINT('',(-9.172,3.40857142857143,0.));
#10771=CARTESIAN_POINT('Origin',(-9.172,4.03857142857143,0.));
#10772=CARTESIAN_POINT('',(-9.172,4.03857142857143,3.));
#10773=CARTESIAN_POINT('',(-9.172,3.40857142857143,3.));
#10774=CARTESIAN_POINT('',(-9.172,4.03857142857143,0.));
#10775=CARTESIAN_POINT('Origin',(-8.542,4.03857142857143,0.));
#10776=CARTESIAN_POINT('',(-8.542,4.03857142857143,3.));
#10777=CARTESIAN_POINT('',(-9.172,4.03857142857143,3.));
#10778=CARTESIAN_POINT('',(-8.542,4.03857142857143,0.));
#10779=CARTESIAN_POINT('Origin',(-8.542,3.40857142857143,0.));
#10780=CARTESIAN_POINT('',(-8.542,4.03857142857143,3.));
#10781=CARTESIAN_POINT('Origin',(-8.857,3.72357142857143,3.));
#10782=CARTESIAN_POINT('Origin',(-8.857,-6.45928571428571,-8.37));
#10783=CARTESIAN_POINT('',(-8.542,-6.14428571428571,-8.37));
#10784=CARTESIAN_POINT('',(-8.542,-6.77428571428571,-8.37));
#10785=CARTESIAN_POINT('',(-8.542,-6.14428571428571,-8.37));
#10786=CARTESIAN_POINT('',(-9.172,-6.77428571428571,-8.37));
#10787=CARTESIAN_POINT('',(-8.542,-6.77428571428571,-8.37));
#10788=CARTESIAN_POINT('',(-9.172,-6.14428571428571,-8.37));
#10789=CARTESIAN_POINT('',(-9.172,-6.77428571428571,-8.37));
#10790=CARTESIAN_POINT('',(-9.172,-6.14428571428571,-8.37));
#10791=CARTESIAN_POINT('Origin',(-9.172,-6.77428571428571,0.));
#10792=CARTESIAN_POINT('',(-8.542,-6.77428571428571,3.));
#10793=CARTESIAN_POINT('',(-8.542,-6.77428571428571,0.));
#10794=CARTESIAN_POINT('',(-9.172,-6.77428571428571,3.));
#10795=CARTESIAN_POINT('',(-8.542,-6.77428571428571,3.));
#10796=CARTESIAN_POINT('',(-9.172,-6.77428571428571,0.));
#10797=CARTESIAN_POINT('Origin',(-9.172,-6.14428571428571,0.));
#10798=CARTESIAN_POINT('',(-9.172,-6.14428571428571,3.));
#10799=CARTESIAN_POINT('',(-9.172,-6.77428571428571,3.));
#10800=CARTESIAN_POINT('',(-9.172,-6.14428571428571,0.));
#10801=CARTESIAN_POINT('Origin',(-8.542,-6.14428571428571,0.));
#10802=CARTESIAN_POINT('',(-8.542,-6.14428571428571,3.));
#10803=CARTESIAN_POINT('',(-9.172,-6.14428571428571,3.));
#10804=CARTESIAN_POINT('',(-8.542,-6.14428571428571,0.));
#10805=CARTESIAN_POINT('Origin',(-8.542,-6.77428571428571,0.));
#10806=CARTESIAN_POINT('',(-8.542,-6.14428571428571,3.));
#10807=CARTESIAN_POINT('Origin',(-8.857,-6.45928571428571,3.));
#10808=CARTESIAN_POINT('Origin',(-8.857,-3.91357142857143,-8.37));
#10809=CARTESIAN_POINT('',(-8.542,-3.59857142857143,-8.37));
#10810=CARTESIAN_POINT('',(-8.542,-4.22857142857143,-8.37));
#10811=CARTESIAN_POINT('',(-8.542,-3.59857142857143,-8.37));
#10812=CARTESIAN_POINT('',(-9.172,-4.22857142857143,-8.37));
#10813=CARTESIAN_POINT('',(-8.542,-4.22857142857143,-8.37));
#10814=CARTESIAN_POINT('',(-9.172,-3.59857142857143,-8.37));
#10815=CARTESIAN_POINT('',(-9.172,-4.22857142857143,-8.37));
#10816=CARTESIAN_POINT('',(-9.172,-3.59857142857143,-8.37));
#10817=CARTESIAN_POINT('Origin',(-9.172,-4.22857142857143,0.));
#10818=CARTESIAN_POINT('',(-8.542,-4.22857142857143,3.));
#10819=CARTESIAN_POINT('',(-8.542,-4.22857142857143,0.));
#10820=CARTESIAN_POINT('',(-9.172,-4.22857142857143,3.));
#10821=CARTESIAN_POINT('',(-8.542,-4.22857142857143,3.));
#10822=CARTESIAN_POINT('',(-9.172,-4.22857142857143,0.));
#10823=CARTESIAN_POINT('Origin',(-9.172,-3.59857142857143,0.));
#10824=CARTESIAN_POINT('',(-9.172,-3.59857142857143,3.));
#10825=CARTESIAN_POINT('',(-9.172,-4.22857142857143,3.));
#10826=CARTESIAN_POINT('',(-9.172,-3.59857142857143,0.));
#10827=CARTESIAN_POINT('Origin',(-8.542,-3.59857142857143,0.));
#10828=CARTESIAN_POINT('',(-8.542,-3.59857142857143,3.));
#10829=CARTESIAN_POINT('',(-9.172,-3.59857142857143,3.));
#10830=CARTESIAN_POINT('',(-8.542,-3.59857142857143,0.));
#10831=CARTESIAN_POINT('Origin',(-8.542,-4.22857142857143,0.));
#10832=CARTESIAN_POINT('',(-8.542,-3.59857142857143,3.));
#10833=CARTESIAN_POINT('Origin',(-8.857,-3.91357142857143,3.));
#10834=CARTESIAN_POINT('Origin',(-8.857,6.26928571428572,-8.37));
#10835=CARTESIAN_POINT('',(-8.542,6.58428571428572,-8.37));
#10836=CARTESIAN_POINT('',(-8.542,5.95428571428572,-8.37));
#10837=CARTESIAN_POINT('',(-8.542,6.58428571428572,-8.37));
#10838=CARTESIAN_POINT('',(-9.172,5.95428571428572,-8.37));
#10839=CARTESIAN_POINT('',(-8.542,5.95428571428572,-8.37));
#10840=CARTESIAN_POINT('',(-9.172,6.58428571428572,-8.37));
#10841=CARTESIAN_POINT('',(-9.172,5.95428571428572,-8.37));
#10842=CARTESIAN_POINT('',(-9.172,6.58428571428572,-8.37));
#10843=CARTESIAN_POINT('Origin',(-9.172,5.95428571428572,0.));
#10844=CARTESIAN_POINT('',(-8.542,5.95428571428572,3.));
#10845=CARTESIAN_POINT('',(-8.542,5.95428571428572,0.));
#10846=CARTESIAN_POINT('',(-9.172,5.95428571428572,3.));
#10847=CARTESIAN_POINT('',(-8.542,5.95428571428572,3.));
#10848=CARTESIAN_POINT('',(-9.172,5.95428571428572,0.));
#10849=CARTESIAN_POINT('Origin',(-9.172,6.58428571428572,0.));
#10850=CARTESIAN_POINT('',(-9.172,6.58428571428572,3.));
#10851=CARTESIAN_POINT('',(-9.172,5.95428571428572,3.));
#10852=CARTESIAN_POINT('',(-9.172,6.58428571428572,0.));
#10853=CARTESIAN_POINT('Origin',(-8.542,6.58428571428572,0.));
#10854=CARTESIAN_POINT('',(-8.542,6.58428571428572,3.));
#10855=CARTESIAN_POINT('',(-9.172,6.58428571428572,3.));
#10856=CARTESIAN_POINT('',(-8.542,6.58428571428572,0.));
#10857=CARTESIAN_POINT('Origin',(-8.542,5.95428571428572,0.));
#10858=CARTESIAN_POINT('',(-8.542,6.58428571428572,3.));
#10859=CARTESIAN_POINT('Origin',(-8.857,6.26928571428572,3.));
#10860=CARTESIAN_POINT('Origin',(8.815,-3.91357142857143,-8.37));
#10861=CARTESIAN_POINT('',(9.13,-3.59857142857143,-8.37));
#10862=CARTESIAN_POINT('',(9.13,-4.22857142857143,-8.37));
#10863=CARTESIAN_POINT('',(9.13,-3.59857142857143,-8.37));
#10864=CARTESIAN_POINT('',(8.5,-4.22857142857143,-8.37));
#10865=CARTESIAN_POINT('',(9.13,-4.22857142857143,-8.37));
#10866=CARTESIAN_POINT('',(8.5,-3.59857142857143,-8.37));
#10867=CARTESIAN_POINT('',(8.5,-4.22857142857143,-8.37));
#10868=CARTESIAN_POINT('',(8.5,-3.59857142857143,-8.37));
#10869=CARTESIAN_POINT('Origin',(8.5,-4.22857142857143,0.));
#10870=CARTESIAN_POINT('',(9.13,-4.22857142857143,3.));
#10871=CARTESIAN_POINT('',(9.13,-4.22857142857143,0.));
#10872=CARTESIAN_POINT('',(8.5,-4.22857142857143,3.));
#10873=CARTESIAN_POINT('',(9.13,-4.22857142857143,3.));
#10874=CARTESIAN_POINT('',(8.5,-4.22857142857143,0.));
#10875=CARTESIAN_POINT('Origin',(8.5,-3.59857142857143,0.));
#10876=CARTESIAN_POINT('',(8.5,-3.59857142857143,3.));
#10877=CARTESIAN_POINT('',(8.5,-4.22857142857143,3.));
#10878=CARTESIAN_POINT('',(8.5,-3.59857142857143,0.));
#10879=CARTESIAN_POINT('Origin',(9.13,-3.59857142857143,0.));
#10880=CARTESIAN_POINT('',(9.13,-3.59857142857143,3.));
#10881=CARTESIAN_POINT('',(8.5,-3.59857142857143,3.));
#10882=CARTESIAN_POINT('',(9.13,-3.59857142857143,0.));
#10883=CARTESIAN_POINT('Origin',(9.13,-4.22857142857143,0.));
#10884=CARTESIAN_POINT('',(9.13,-3.59857142857143,3.));
#10885=CARTESIAN_POINT('Origin',(8.815,-3.91357142857143,3.));
#10886=CARTESIAN_POINT('Origin',(8.815,6.26928571428572,-8.37));
#10887=CARTESIAN_POINT('',(9.13,6.58428571428572,-8.37));
#10888=CARTESIAN_POINT('',(9.13,5.95428571428572,-8.37));
#10889=CARTESIAN_POINT('',(9.13,6.58428571428572,-8.37));
#10890=CARTESIAN_POINT('',(8.5,5.95428571428572,-8.37));
#10891=CARTESIAN_POINT('',(9.13,5.95428571428572,-8.37));
#10892=CARTESIAN_POINT('',(8.5,6.58428571428572,-8.37));
#10893=CARTESIAN_POINT('',(8.5,5.95428571428572,-8.37));
#10894=CARTESIAN_POINT('',(8.5,6.58428571428572,-8.37));
#10895=CARTESIAN_POINT('Origin',(8.5,5.95428571428572,0.));
#10896=CARTESIAN_POINT('',(9.13,5.95428571428572,3.));
#10897=CARTESIAN_POINT('',(9.13,5.95428571428572,0.));
#10898=CARTESIAN_POINT('',(8.5,5.95428571428572,3.));
#10899=CARTESIAN_POINT('',(9.13,5.95428571428572,3.));
#10900=CARTESIAN_POINT('',(8.5,5.95428571428572,0.));
#10901=CARTESIAN_POINT('Origin',(8.5,6.58428571428572,0.));
#10902=CARTESIAN_POINT('',(8.5,6.58428571428572,3.));
#10903=CARTESIAN_POINT('',(8.5,5.95428571428572,3.));
#10904=CARTESIAN_POINT('',(8.5,6.58428571428572,0.));
#10905=CARTESIAN_POINT('Origin',(9.13,6.58428571428572,0.));
#10906=CARTESIAN_POINT('',(9.13,6.58428571428572,3.));
#10907=CARTESIAN_POINT('',(8.5,6.58428571428572,3.));
#10908=CARTESIAN_POINT('',(9.13,6.58428571428572,0.));
#10909=CARTESIAN_POINT('Origin',(9.13,5.95428571428572,0.));
#10910=CARTESIAN_POINT('',(9.13,6.58428571428572,3.));
#10911=CARTESIAN_POINT('Origin',(8.815,6.26928571428572,3.));
#10912=CARTESIAN_POINT('Origin',(8.815,1.17785714285714,-8.37));
#10913=CARTESIAN_POINT('',(9.13,1.49285714285714,-8.37));
#10914=CARTESIAN_POINT('',(9.13,0.862857142857145,-8.37));
#10915=CARTESIAN_POINT('',(9.13,1.49285714285714,-8.37));
#10916=CARTESIAN_POINT('',(8.5,0.862857142857145,-8.37));
#10917=CARTESIAN_POINT('',(9.13,0.862857142857145,-8.37));
#10918=CARTESIAN_POINT('',(8.5,1.49285714285714,-8.37));
#10919=CARTESIAN_POINT('',(8.5,0.862857142857145,-8.37));
#10920=CARTESIAN_POINT('',(8.5,1.49285714285714,-8.37));
#10921=CARTESIAN_POINT('Origin',(8.5,0.862857142857145,0.));
#10922=CARTESIAN_POINT('',(9.13,0.862857142857145,3.));
#10923=CARTESIAN_POINT('',(9.13,0.862857142857145,0.));
#10924=CARTESIAN_POINT('',(8.5,0.862857142857145,3.));
#10925=CARTESIAN_POINT('',(9.13,0.862857142857145,3.));
#10926=CARTESIAN_POINT('',(8.5,0.862857142857145,0.));
#10927=CARTESIAN_POINT('Origin',(8.5,1.49285714285714,0.));
#10928=CARTESIAN_POINT('',(8.5,1.49285714285714,3.));
#10929=CARTESIAN_POINT('',(8.5,0.862857142857145,3.));
#10930=CARTESIAN_POINT('',(8.5,1.49285714285714,0.));
#10931=CARTESIAN_POINT('Origin',(9.13,1.49285714285714,0.));
#10932=CARTESIAN_POINT('',(9.13,1.49285714285714,3.));
#10933=CARTESIAN_POINT('',(8.5,1.49285714285714,3.));
#10934=CARTESIAN_POINT('',(9.13,1.49285714285714,0.));
#10935=CARTESIAN_POINT('Origin',(9.13,0.862857142857145,0.));
#10936=CARTESIAN_POINT('',(9.13,1.49285714285714,3.));
#10937=CARTESIAN_POINT('Origin',(8.815,1.17785714285714,3.));
#10938=CARTESIAN_POINT('Origin',(8.815,-9.005,-8.37));
#10939=CARTESIAN_POINT('',(9.13,-8.69,-8.37));
#10940=CARTESIAN_POINT('',(9.13,-9.32,-8.37));
#10941=CARTESIAN_POINT('',(9.13,-8.69,-8.37));
#10942=CARTESIAN_POINT('',(8.5,-9.32,-8.37));
#10943=CARTESIAN_POINT('',(9.13,-9.32,-8.37));
#10944=CARTESIAN_POINT('',(8.5,-8.69,-8.37));
#10945=CARTESIAN_POINT('',(8.5,-9.32,-8.37));
#10946=CARTESIAN_POINT('',(8.5,-8.69,-8.37));
#10947=CARTESIAN_POINT('Origin',(8.5,-9.32,0.));
#10948=CARTESIAN_POINT('',(9.13,-9.32,3.));
#10949=CARTESIAN_POINT('',(9.13,-9.32,0.));
#10950=CARTESIAN_POINT('',(8.5,-9.32,3.));
#10951=CARTESIAN_POINT('',(9.13,-9.32,3.));
#10952=CARTESIAN_POINT('',(8.5,-9.32,0.));
#10953=CARTESIAN_POINT('Origin',(8.5,-8.69,0.));
#10954=CARTESIAN_POINT('',(8.5,-8.69,3.));
#10955=CARTESIAN_POINT('',(8.5,-9.32,3.));
#10956=CARTESIAN_POINT('',(8.5,-8.69,0.));
#10957=CARTESIAN_POINT('Origin',(9.13,-8.69,0.));
#10958=CARTESIAN_POINT('',(9.13,-8.69,3.));
#10959=CARTESIAN_POINT('',(8.5,-8.69,3.));
#10960=CARTESIAN_POINT('',(9.13,-8.69,0.));
#10961=CARTESIAN_POINT('Origin',(9.13,-9.32,0.));
#10962=CARTESIAN_POINT('',(9.13,-8.69,3.));
#10963=CARTESIAN_POINT('Origin',(8.815,-9.005,3.));
#10964=CARTESIAN_POINT('Origin',(-8.857,1.17785714285714,-8.37));
#10965=CARTESIAN_POINT('',(-8.542,1.49285714285714,-8.37));
#10966=CARTESIAN_POINT('',(-8.542,0.862857142857145,-8.37));
#10967=CARTESIAN_POINT('',(-8.542,1.49285714285714,-8.37));
#10968=CARTESIAN_POINT('',(-9.172,0.862857142857145,-8.37));
#10969=CARTESIAN_POINT('',(-8.542,0.862857142857145,-8.37));
#10970=CARTESIAN_POINT('',(-9.172,1.49285714285714,-8.37));
#10971=CARTESIAN_POINT('',(-9.172,0.862857142857145,-8.37));
#10972=CARTESIAN_POINT('',(-9.172,1.49285714285714,-8.37));
#10973=CARTESIAN_POINT('Origin',(-9.172,0.862857142857145,0.));
#10974=CARTESIAN_POINT('',(-8.542,0.862857142857145,3.));
#10975=CARTESIAN_POINT('',(-8.542,0.862857142857145,0.));
#10976=CARTESIAN_POINT('',(-9.172,0.862857142857145,3.));
#10977=CARTESIAN_POINT('',(-8.542,0.862857142857145,3.));
#10978=CARTESIAN_POINT('',(-9.172,0.862857142857145,0.));
#10979=CARTESIAN_POINT('Origin',(-9.172,1.49285714285714,0.));
#10980=CARTESIAN_POINT('',(-9.172,1.49285714285714,3.));
#10981=CARTESIAN_POINT('',(-9.172,0.862857142857145,3.));
#10982=CARTESIAN_POINT('',(-9.172,1.49285714285714,0.));
#10983=CARTESIAN_POINT('Origin',(-8.542,1.49285714285714,0.));
#10984=CARTESIAN_POINT('',(-8.542,1.49285714285714,3.));
#10985=CARTESIAN_POINT('',(-9.172,1.49285714285714,3.));
#10986=CARTESIAN_POINT('',(-8.542,1.49285714285714,0.));
#10987=CARTESIAN_POINT('Origin',(-8.542,0.862857142857145,0.));
#10988=CARTESIAN_POINT('',(-8.542,1.49285714285714,3.));
#10989=CARTESIAN_POINT('Origin',(-8.857,1.17785714285714,3.));
#10990=CARTESIAN_POINT('Origin',(-8.857,-9.005,-8.37));
#10991=CARTESIAN_POINT('',(-8.542,-8.69,-8.37));
#10992=CARTESIAN_POINT('',(-8.542,-9.32,-8.37));
#10993=CARTESIAN_POINT('',(-8.542,-8.69,-8.37));
#10994=CARTESIAN_POINT('',(-9.172,-9.32,-8.37));
#10995=CARTESIAN_POINT('',(-8.542,-9.32,-8.37));
#10996=CARTESIAN_POINT('',(-9.172,-8.69,-8.37));
#10997=CARTESIAN_POINT('',(-9.172,-9.32,-8.37));
#10998=CARTESIAN_POINT('',(-9.172,-8.69,-8.37));
#10999=CARTESIAN_POINT('Origin',(-9.172,-9.32,0.));
#11000=CARTESIAN_POINT('',(-8.542,-9.32,3.));
#11001=CARTESIAN_POINT('',(-8.542,-9.32,0.));
#11002=CARTESIAN_POINT('',(-9.172,-9.32,3.));
#11003=CARTESIAN_POINT('',(-8.542,-9.32,3.));
#11004=CARTESIAN_POINT('',(-9.172,-9.32,0.));
#11005=CARTESIAN_POINT('Origin',(-9.172,-8.69,0.));
#11006=CARTESIAN_POINT('',(-9.172,-8.69,3.));
#11007=CARTESIAN_POINT('',(-9.172,-9.32,3.));
#11008=CARTESIAN_POINT('',(-9.172,-8.69,0.));
#11009=CARTESIAN_POINT('Origin',(-8.542,-8.69,0.));
#11010=CARTESIAN_POINT('',(-8.542,-8.69,3.));
#11011=CARTESIAN_POINT('',(-9.172,-8.69,3.));
#11012=CARTESIAN_POINT('',(-8.542,-8.69,0.));
#11013=CARTESIAN_POINT('Origin',(-8.542,-9.32,0.));
#11014=CARTESIAN_POINT('',(-8.542,-8.69,3.));
#11015=CARTESIAN_POINT('Origin',(-8.857,-9.005,3.));
#11016=CARTESIAN_POINT('Origin',(-8.857,-1.36785714285714,-8.37));
#11017=CARTESIAN_POINT('',(-8.542,-1.05285714285714,-8.37));
#11018=CARTESIAN_POINT('',(-8.542,-1.68285714285714,-8.37));
#11019=CARTESIAN_POINT('',(-8.542,-1.05285714285714,-8.37));
#11020=CARTESIAN_POINT('',(-9.172,-1.68285714285714,-8.37));
#11021=CARTESIAN_POINT('',(-8.542,-1.68285714285714,-8.37));
#11022=CARTESIAN_POINT('',(-9.172,-1.05285714285714,-8.37));
#11023=CARTESIAN_POINT('',(-9.172,-1.68285714285714,-8.37));
#11024=CARTESIAN_POINT('',(-9.172,-1.05285714285714,-8.37));
#11025=CARTESIAN_POINT('Origin',(-9.172,-1.68285714285714,0.));
#11026=CARTESIAN_POINT('',(-8.542,-1.68285714285714,3.));
#11027=CARTESIAN_POINT('',(-8.542,-1.68285714285714,0.));
#11028=CARTESIAN_POINT('',(-9.172,-1.68285714285714,3.));
#11029=CARTESIAN_POINT('',(-8.542,-1.68285714285714,3.));
#11030=CARTESIAN_POINT('',(-9.172,-1.68285714285714,0.));
#11031=CARTESIAN_POINT('Origin',(-9.172,-1.05285714285714,0.));
#11032=CARTESIAN_POINT('',(-9.172,-1.05285714285714,3.));
#11033=CARTESIAN_POINT('',(-9.172,-1.68285714285714,3.));
#11034=CARTESIAN_POINT('',(-9.172,-1.05285714285714,0.));
#11035=CARTESIAN_POINT('Origin',(-8.542,-1.05285714285714,0.));
#11036=CARTESIAN_POINT('',(-8.542,-1.05285714285714,3.));
#11037=CARTESIAN_POINT('',(-9.172,-1.05285714285714,3.));
#11038=CARTESIAN_POINT('',(-8.542,-1.05285714285714,0.));
#11039=CARTESIAN_POINT('Origin',(-8.542,-1.68285714285714,0.));
#11040=CARTESIAN_POINT('',(-8.542,-1.05285714285714,3.));
#11041=CARTESIAN_POINT('Origin',(-8.857,-1.36785714285714,3.));
#11042=CARTESIAN_POINT('Origin',(-8.857,8.815,-8.37));
#11043=CARTESIAN_POINT('',(-8.542,9.13,-8.37));
#11044=CARTESIAN_POINT('',(-8.542,8.5,-8.37));
#11045=CARTESIAN_POINT('',(-8.542,9.13,-8.37));
#11046=CARTESIAN_POINT('',(-9.172,8.5,-8.37));
#11047=CARTESIAN_POINT('',(-8.542,8.5,-8.37));
#11048=CARTESIAN_POINT('',(-9.172,9.13,-8.37));
#11049=CARTESIAN_POINT('',(-9.172,8.5,-8.37));
#11050=CARTESIAN_POINT('',(-9.172,9.13,-8.37));
#11051=CARTESIAN_POINT('Origin',(-9.172,8.5,0.));
#11052=CARTESIAN_POINT('',(-8.542,8.5,3.));
#11053=CARTESIAN_POINT('',(-8.542,8.5,0.));
#11054=CARTESIAN_POINT('',(-9.172,8.5,3.));
#11055=CARTESIAN_POINT('',(-8.542,8.5,3.));
#11056=CARTESIAN_POINT('',(-9.172,8.5,0.));
#11057=CARTESIAN_POINT('Origin',(-9.172,9.13,0.));
#11058=CARTESIAN_POINT('',(-9.172,9.13,3.));
#11059=CARTESIAN_POINT('',(-9.172,8.5,3.));
#11060=CARTESIAN_POINT('',(-9.172,9.13,0.));
#11061=CARTESIAN_POINT('Origin',(-8.542,9.13,0.));
#11062=CARTESIAN_POINT('',(-8.542,9.13,3.));
#11063=CARTESIAN_POINT('',(-9.172,9.13,3.));
#11064=CARTESIAN_POINT('',(-8.542,9.13,0.));
#11065=CARTESIAN_POINT('Origin',(-8.542,8.5,0.));
#11066=CARTESIAN_POINT('',(-8.542,9.13,3.));
#11067=CARTESIAN_POINT('Origin',(-8.857,8.815,3.));
#11068=CARTESIAN_POINT('Origin',(8.815,-1.36785714285714,-8.37));
#11069=CARTESIAN_POINT('',(9.13,-1.05285714285714,-8.37));
#11070=CARTESIAN_POINT('',(9.13,-1.68285714285714,-8.37));
#11071=CARTESIAN_POINT('',(9.13,-1.05285714285714,-8.37));
#11072=CARTESIAN_POINT('',(8.5,-1.68285714285714,-8.37));
#11073=CARTESIAN_POINT('',(9.13,-1.68285714285714,-8.37));
#11074=CARTESIAN_POINT('',(8.5,-1.05285714285714,-8.37));
#11075=CARTESIAN_POINT('',(8.5,-1.68285714285714,-8.37));
#11076=CARTESIAN_POINT('',(8.5,-1.05285714285714,-8.37));
#11077=CARTESIAN_POINT('Origin',(8.5,-1.68285714285714,0.));
#11078=CARTESIAN_POINT('',(9.13,-1.68285714285714,3.));
#11079=CARTESIAN_POINT('',(9.13,-1.68285714285714,0.));
#11080=CARTESIAN_POINT('',(8.5,-1.68285714285714,3.));
#11081=CARTESIAN_POINT('',(9.13,-1.68285714285714,3.));
#11082=CARTESIAN_POINT('',(8.5,-1.68285714285714,0.));
#11083=CARTESIAN_POINT('Origin',(8.5,-1.05285714285714,0.));
#11084=CARTESIAN_POINT('',(8.5,-1.05285714285714,3.));
#11085=CARTESIAN_POINT('',(8.5,-1.68285714285714,3.));
#11086=CARTESIAN_POINT('',(8.5,-1.05285714285714,0.));
#11087=CARTESIAN_POINT('Origin',(9.13,-1.05285714285714,0.));
#11088=CARTESIAN_POINT('',(9.13,-1.05285714285714,3.));
#11089=CARTESIAN_POINT('',(8.5,-1.05285714285714,3.));
#11090=CARTESIAN_POINT('',(9.13,-1.05285714285714,0.));
#11091=CARTESIAN_POINT('Origin',(9.13,-1.68285714285714,0.));
#11092=CARTESIAN_POINT('',(9.13,-1.05285714285714,3.));
#11093=CARTESIAN_POINT('Origin',(8.815,-1.36785714285714,3.));
#11094=CARTESIAN_POINT('Origin',(8.815,8.815,-8.37));
#11095=CARTESIAN_POINT('',(8.5,9.13,-8.37));
#11096=CARTESIAN_POINT('',(9.13,9.13,-8.37));
#11097=CARTESIAN_POINT('',(8.5,9.13,-8.37));
#11098=CARTESIAN_POINT('',(9.13,8.5,-8.37));
#11099=CARTESIAN_POINT('',(9.13,9.13,-8.37));
#11100=CARTESIAN_POINT('',(8.5,8.5,-8.37));
#11101=CARTESIAN_POINT('',(9.13,8.5,-8.37));
#11102=CARTESIAN_POINT('',(8.5,8.5,-8.37));
#11103=CARTESIAN_POINT('Origin',(9.13,8.5,0.));
#11104=CARTESIAN_POINT('',(9.13,9.13,3.));
#11105=CARTESIAN_POINT('',(9.13,9.13,0.));
#11106=CARTESIAN_POINT('',(9.13,8.5,3.));
#11107=CARTESIAN_POINT('',(9.13,9.13,3.));
#11108=CARTESIAN_POINT('',(9.13,8.5,0.));
#11109=CARTESIAN_POINT('Origin',(8.5,8.5,0.));
#11110=CARTESIAN_POINT('',(8.5,8.5,3.));
#11111=CARTESIAN_POINT('',(9.13,8.5,3.));
#11112=CARTESIAN_POINT('',(8.5,8.5,0.));
#11113=CARTESIAN_POINT('Origin',(8.5,9.13,0.));
#11114=CARTESIAN_POINT('',(8.5,9.13,3.));
#11115=CARTESIAN_POINT('',(8.5,8.5,3.));
#11116=CARTESIAN_POINT('',(8.5,9.13,0.));
#11117=CARTESIAN_POINT('Origin',(9.13,9.13,0.));
#11118=CARTESIAN_POINT('',(8.5,9.13,3.));
#11119=CARTESIAN_POINT('Origin',(8.815,8.815,3.));
#11120=CARTESIAN_POINT('Origin',(-9.6,8.01944582206775,0.));
#11121=CARTESIAN_POINT('',(-10.,8.01944582206775,-2.66));
#11122=CARTESIAN_POINT('',(-9.6,7.61944582206775,-2.66));
#11123=CARTESIAN_POINT('Origin',(-9.6,8.01944582206775,-2.66));
#11124=CARTESIAN_POINT('',(-9.6,7.61944582206775,0.));
#11125=CARTESIAN_POINT('',(-9.6,7.61944582206775,0.));
#11126=CARTESIAN_POINT('',(-10.,8.01944582206775,0.));
#11127=CARTESIAN_POINT('Origin',(-9.6,8.01944582206775,0.));
#11128=CARTESIAN_POINT('',(-10.,8.01944582206775,0.));
#11129=CARTESIAN_POINT('Origin',(-8.75,2.22044604925031E-15,-2.66));
#11130=CARTESIAN_POINT('',(-10.,9.6,-2.66));
#11131=CARTESIAN_POINT('',(-10.,-10.,-2.66));
#11132=CARTESIAN_POINT('',(-9.6,10.,-2.66));
#11133=CARTESIAN_POINT('Origin',(-9.6,9.6,-2.66));
#11134=CARTESIAN_POINT('',(-7.9,10.,-2.66));
#11135=CARTESIAN_POINT('',(-10.,10.,-2.66));
#11136=CARTESIAN_POINT('',(-7.5,9.6,-2.66));
#11137=CARTESIAN_POINT('Origin',(-7.9,9.6,-2.66));
#11138=CARTESIAN_POINT('',(-7.5,8.01944582206775,-2.66));
#11139=CARTESIAN_POINT('',(-7.5,10.,-2.66));
#11140=CARTESIAN_POINT('',(-7.9,7.61944582206775,-2.66));
#11141=CARTESIAN_POINT('Origin',(-7.9,8.01944582206775,-2.66));
#11142=CARTESIAN_POINT('',(0.625,7.61944582206775,-2.66));
#11143=CARTESIAN_POINT('',(-8.542,8.5,-2.66));
#11144=CARTESIAN_POINT('',(-8.542,9.13,-2.66));
#11145=CARTESIAN_POINT('',(-8.542,9.13,-2.66));
#11146=CARTESIAN_POINT('',(-9.172,9.13,-2.66));
#11147=CARTESIAN_POINT('',(-9.172,9.13,-2.66));
#11148=CARTESIAN_POINT('',(-9.172,8.5,-2.66));
#11149=CARTESIAN_POINT('',(-9.172,8.5,-2.66));
#11150=CARTESIAN_POINT('',(-8.542,8.5,-2.66));
#11151=CARTESIAN_POINT('Origin',(-10.,-10.,0.));
#11152=CARTESIAN_POINT('',(-10.,9.6,0.));
#11153=CARTESIAN_POINT('',(-10.,-10.,0.));
#11154=CARTESIAN_POINT('',(-10.,9.6,0.));
#11155=CARTESIAN_POINT('Origin',(-9.6,9.6,0.));
#11156=CARTESIAN_POINT('',(-9.6,10.,0.));
#11157=CARTESIAN_POINT('Origin',(-9.6,9.6,0.));
#11158=CARTESIAN_POINT('',(-9.6,10.,0.));
#11159=CARTESIAN_POINT('Origin',(-7.9,9.6,0.));
#11160=CARTESIAN_POINT('',(-7.9,10.,0.));
#11161=CARTESIAN_POINT('',(-7.9,10.,0.));
#11162=CARTESIAN_POINT('',(-7.5,9.6,0.));
#11163=CARTESIAN_POINT('Origin',(-7.9,9.6,0.));
#11164=CARTESIAN_POINT('',(-7.5,9.6,0.));
#11165=CARTESIAN_POINT('Origin',(-7.5,10.,0.));
#11166=CARTESIAN_POINT('',(-7.5,8.01944582206775,0.));
#11167=CARTESIAN_POINT('',(-7.5,10.,0.));
#11168=CARTESIAN_POINT('',(-7.5,8.01944582206775,0.));
#11169=CARTESIAN_POINT('Origin',(-7.9,8.01944582206775,0.));
#11170=CARTESIAN_POINT('',(-7.9,7.61944582206775,0.));
#11171=CARTESIAN_POINT('Origin',(-7.9,8.01944582206775,0.));
#11172=CARTESIAN_POINT('',(-7.9,7.61944582206775,0.));
#11173=CARTESIAN_POINT('Origin',(-10.,10.,0.));
#11174=CARTESIAN_POINT('',(-10.,10.,0.));
#11175=CARTESIAN_POINT('Origin',(-8.542,8.5,0.));
#11176=CARTESIAN_POINT('',(-8.542,9.13,0.));
#11177=CARTESIAN_POINT('',(-8.542,8.5,0.));
#11178=CARTESIAN_POINT('',(-8.542,9.13,0.));
#11179=CARTESIAN_POINT('',(-8.542,9.13,0.));
#11180=CARTESIAN_POINT('',(-8.542,8.5,0.));
#11181=CARTESIAN_POINT('Origin',(-8.542,9.13,0.));
#11182=CARTESIAN_POINT('',(-9.172,9.13,0.));
#11183=CARTESIAN_POINT('',(-9.172,9.13,0.));
#11184=CARTESIAN_POINT('',(-9.172,9.13,0.));
#11185=CARTESIAN_POINT('Origin',(-9.172,9.13,0.));
#11186=CARTESIAN_POINT('',(-9.172,8.5,0.));
#11187=CARTESIAN_POINT('',(-9.172,8.5,0.));
#11188=CARTESIAN_POINT('',(-9.172,8.5,0.));
#11189=CARTESIAN_POINT('Origin',(-9.172,8.5,0.));
#11190=CARTESIAN_POINT('',(-8.542,8.5,0.));
#11191=CARTESIAN_POINT('Origin',(-8.75,2.22044604925031E-15,0.));
#11192=CARTESIAN_POINT('',(0.625,7.61944582206775,0.));
#11193=CARTESIAN_POINT('Origin',(10.,7.61944582206775,0.));
#11194=CARTESIAN_POINT('Origin',(9.6,8.01944582206776,0.));
#11195=CARTESIAN_POINT('',(10.,8.01944582206776,0.));
#11196=CARTESIAN_POINT('',(9.6,7.61944582206775,0.));
#11197=CARTESIAN_POINT('Origin',(9.6,8.01944582206776,0.));
#11198=CARTESIAN_POINT('',(9.6,7.61944582206775,-2.66));
#11199=CARTESIAN_POINT('',(9.6,7.61944582206775,0.));
#11200=CARTESIAN_POINT('',(10.,8.01944582206776,-2.66));
#11201=CARTESIAN_POINT('Origin',(9.6,8.01944582206776,-2.66));
#11202=CARTESIAN_POINT('',(10.,8.01944582206776,0.));
#11203=CARTESIAN_POINT('Origin',(8.75,4.44089209850063E-15,0.));
#11204=CARTESIAN_POINT('',(10.,9.6,0.));
#11205=CARTESIAN_POINT('',(10.,-10.,0.));
#11206=CARTESIAN_POINT('',(9.6,10.,0.));
#11207=CARTESIAN_POINT('Origin',(9.6,9.6,0.));
#11208=CARTESIAN_POINT('',(7.9,10.,0.));
#11209=CARTESIAN_POINT('',(10.,10.,0.));
#11210=CARTESIAN_POINT('',(7.5,9.60000000000001,0.));
#11211=CARTESIAN_POINT('Origin',(7.9,9.60000000000001,0.));
#11212=CARTESIAN_POINT('',(7.5,8.01944582206776,0.));
#11213=CARTESIAN_POINT('',(7.5,10.,0.));
#11214=CARTESIAN_POINT('',(7.9,7.61944582206775,0.));
#11215=CARTESIAN_POINT('Origin',(7.9,8.01944582206776,0.));
#11216=CARTESIAN_POINT('',(9.375,7.61944582206775,0.));
#11217=CARTESIAN_POINT('',(8.5,9.13,0.));
#11218=CARTESIAN_POINT('',(9.13,9.13,0.));
#11219=CARTESIAN_POINT('',(8.5,9.13,0.));
#11220=CARTESIAN_POINT('',(9.13,8.5,0.));
#11221=CARTESIAN_POINT('',(9.13,9.13,0.));
#11222=CARTESIAN_POINT('',(8.5,8.5,0.));
#11223=CARTESIAN_POINT('',(9.13,8.5,0.));
#11224=CARTESIAN_POINT('',(8.5,8.5,0.));
#11225=CARTESIAN_POINT('Origin',(10.,10.,0.));
#11226=CARTESIAN_POINT('',(10.,9.6,-2.66));
#11227=CARTESIAN_POINT('',(10.,-10.,-2.66));
#11228=CARTESIAN_POINT('',(10.,9.6,0.));
#11229=CARTESIAN_POINT('Origin',(9.6,9.6,0.));
#11230=CARTESIAN_POINT('',(9.6,10.,-2.66));
#11231=CARTESIAN_POINT('Origin',(9.6,9.6,-2.66));
#11232=CARTESIAN_POINT('',(9.6,10.,0.));
#11233=CARTESIAN_POINT('Origin',(7.9,9.60000000000001,0.));
#11234=CARTESIAN_POINT('',(7.9,10.,-2.66));
#11235=CARTESIAN_POINT('',(7.5,9.60000000000001,-2.66));
#11236=CARTESIAN_POINT('Origin',(7.9,9.60000000000001,-2.66));
#11237=CARTESIAN_POINT('',(7.5,9.60000000000001,0.));
#11238=CARTESIAN_POINT('',(7.9,10.,0.));
#11239=CARTESIAN_POINT('Origin',(7.5,-10.,0.));
#11240=CARTESIAN_POINT('',(7.5,8.01944582206776,-2.66));
#11241=CARTESIAN_POINT('',(7.5,10.,-2.66));
#11242=CARTESIAN_POINT('',(7.5,8.01944582206776,0.));
#11243=CARTESIAN_POINT('Origin',(7.9,8.01944582206776,0.));
#11244=CARTESIAN_POINT('',(7.9,7.61944582206775,-2.66));
#11245=CARTESIAN_POINT('Origin',(7.9,8.01944582206776,-2.66));
#11246=CARTESIAN_POINT('',(7.9,7.61944582206775,0.));
#11247=CARTESIAN_POINT('Origin',(7.5,10.,0.));
#11248=CARTESIAN_POINT('',(10.,10.,-2.66));
#11249=CARTESIAN_POINT('Origin',(9.13,9.13,0.));
#11250=CARTESIAN_POINT('',(8.5,9.13,-2.66));
#11251=CARTESIAN_POINT('',(8.5,9.13,0.));
#11252=CARTESIAN_POINT('',(9.13,9.13,-2.66));
#11253=CARTESIAN_POINT('',(8.5,9.13,-2.66));
#11254=CARTESIAN_POINT('',(9.13,9.13,0.));
#11255=CARTESIAN_POINT('Origin',(8.5,9.13,0.));
#11256=CARTESIAN_POINT('',(8.5,8.5,-2.66));
#11257=CARTESIAN_POINT('',(8.5,8.5,0.));
#11258=CARTESIAN_POINT('',(8.5,8.5,-2.66));
#11259=CARTESIAN_POINT('Origin',(8.5,8.5,0.));
#11260=CARTESIAN_POINT('',(9.13,8.5,-2.66));
#11261=CARTESIAN_POINT('',(9.13,8.5,0.));
#11262=CARTESIAN_POINT('',(9.13,8.5,-2.66));
#11263=CARTESIAN_POINT('Origin',(9.13,8.5,0.));
#11264=CARTESIAN_POINT('',(9.13,9.13,-2.66));
#11265=CARTESIAN_POINT('Origin',(8.75,4.44089209850063E-15,-2.66));
#11266=CARTESIAN_POINT('',(9.375,7.61944582206775,-2.66));
#11267=CARTESIAN_POINT('Origin',(10.,7.61944582206775,0.));
#11268=CARTESIAN_POINT('Origin',(-2.45197553369776,1.67800614690046,-0.8));
#11269=CARTESIAN_POINT('',(-2.65197553369776,9.17800614690046,-0.8));
#11270=CARTESIAN_POINT('',(-2.45197553369776,9.17800614690046,-1.));
#11271=CARTESIAN_POINT('Origin',(-2.45197553369776,9.17800614690046,-0.8));
#11272=CARTESIAN_POINT('',(-2.45197553369776,-0.821993853099539,-1.));
#11273=CARTESIAN_POINT('',(-2.45197553369776,1.67800614690046,-1.));
#11274=CARTESIAN_POINT('',(-2.65197553369776,-0.821993853099539,-0.8));
#11275=CARTESIAN_POINT('Origin',(-2.45197553369776,-0.821993853099539,-0.8));
#11276=CARTESIAN_POINT('',(-2.65197553369776,1.67800614690046,-0.8));
#11277=CARTESIAN_POINT('Origin',(1.14802446630224,-0.821993853099539,0.));
#11278=CARTESIAN_POINT('',(0.948024466302239,-0.821993853099539,-1.));
#11279=CARTESIAN_POINT('',(-2.65197553369776,-0.821993853099539,-1.));
#11280=CARTESIAN_POINT('',(1.14802446630224,-0.821993853099539,-0.8));
#11281=CARTESIAN_POINT('Origin',(0.948024466302239,-0.821993853099539,-0.8));
#11282=CARTESIAN_POINT('',(1.14802446630224,-0.821993853099539,0.));
#11283=CARTESIAN_POINT('',(1.14802446630224,-0.821993853099539,0.));
#11284=CARTESIAN_POINT('',(-2.65197553369776,-0.821993853099539,0.));
#11285=CARTESIAN_POINT('',(-2.65197553369776,-0.821993853099539,0.));
#11286=CARTESIAN_POINT('',(-2.65197553369776,-0.821993853099539,0.));
#11287=CARTESIAN_POINT('Origin',(-0.751975533697761,4.17800614690046,-1.));
#11288=CARTESIAN_POINT('',(0.948024466302239,9.17800614690046,-1.));
#11289=CARTESIAN_POINT('',(1.14802446630224,9.17800614690046,-1.));
#11290=CARTESIAN_POINT('',(0.948024466302239,6.67800614690046,-1.));
#11291=CARTESIAN_POINT('Origin',(0.948024466302239,6.67800614690046,-0.8));
#11292=CARTESIAN_POINT('',(1.14802446630224,9.17800614690046,-0.8));
#11293=CARTESIAN_POINT('Origin',(0.948024466302239,9.17800614690046,-0.8));
#11294=CARTESIAN_POINT('',(1.14802446630224,6.67800614690046,-0.8));
#11295=CARTESIAN_POINT('Origin',(-2.65197553369776,9.17800614690046,0.));
#11296=CARTESIAN_POINT('',(-2.65197553369776,9.17800614690046,0.));
#11297=CARTESIAN_POINT('',(-2.65197553369776,9.17800614690046,0.));
#11298=CARTESIAN_POINT('',(1.14802446630224,9.17800614690046,0.));
#11299=CARTESIAN_POINT('',(1.14802446630224,9.17800614690046,0.));
#11300=CARTESIAN_POINT('',(1.14802446630224,9.17800614690046,0.));
#11301=CARTESIAN_POINT('Origin',(-2.65197553369776,-0.821993853099539,0.));
#11302=CARTESIAN_POINT('',(-2.65197553369776,9.17800614690046,0.));
#11303=CARTESIAN_POINT('Origin',(1.14802446630224,9.17800614690046,0.));
#11304=CARTESIAN_POINT('',(1.14802446630224,-0.821993853099539,0.));
#11305=CARTESIAN_POINT('Origin',(-0.751975533697761,4.17800614690046,0.));
#11306=CARTESIAN_POINT('Origin',(0.521734801031691,-5.33131035452762,-0.8));
#11307=CARTESIAN_POINT('',(0.721734801031691,-9.17131035452762,-0.8));
#11308=CARTESIAN_POINT('',(0.521734801031691,-9.17131035452762,-1.));
#11309=CARTESIAN_POINT('Origin',(0.521734801031691,-9.17131035452762,-0.8));
#11310=CARTESIAN_POINT('',(0.521734801031691,-4.05131035452762,-1.));
#11311=CARTESIAN_POINT('',(0.521734801031691,-5.33131035452762,-1.));
#11312=CARTESIAN_POINT('',(0.721734801031691,-4.05131035452762,-0.8));
#11313=CARTESIAN_POINT('Origin',(0.521734801031691,-4.05131035452762,-0.8));
#11314=CARTESIAN_POINT('',(0.721734801031691,-5.33131035452762,-0.8));
#11315=CARTESIAN_POINT('Origin',(-3.57826519896831,-4.05131035452762,0.));
#11316=CARTESIAN_POINT('',(-3.37826519896831,-4.05131035452762,-1.));
#11317=CARTESIAN_POINT('',(0.721734801031691,-4.05131035452762,-1.));
#11318=CARTESIAN_POINT('',(-3.57826519896831,-4.05131035452762,-0.8));
#11319=CARTESIAN_POINT('Origin',(-3.37826519896831,-4.05131035452762,-0.8));
#11320=CARTESIAN_POINT('',(-3.57826519896831,-4.05131035452762,0.));
#11321=CARTESIAN_POINT('',(-3.57826519896831,-4.05131035452762,0.));
#11322=CARTESIAN_POINT('',(0.721734801031691,-4.05131035452762,0.));
#11323=CARTESIAN_POINT('',(0.721734801031691,-4.05131035452762,0.));
#11324=CARTESIAN_POINT('',(0.721734801031691,-4.05131035452762,0.));
#11325=CARTESIAN_POINT('Origin',(-1.42826519896831,-6.61131035452762,-1.));
#11326=CARTESIAN_POINT('',(-3.37826519896831,-9.17131035452762,-1.));
#11327=CARTESIAN_POINT('',(-3.57826519896831,-9.17131035452762,-1.));
#11328=CARTESIAN_POINT('',(-3.37826519896831,-7.89131035452762,-1.));
#11329=CARTESIAN_POINT('Origin',(-3.37826519896831,-7.89131035452762,-0.8));
#11330=CARTESIAN_POINT('',(-3.57826519896831,-9.17131035452762,-0.8));
#11331=CARTESIAN_POINT('Origin',(-3.37826519896831,-9.17131035452762,-0.8));
#11332=CARTESIAN_POINT('',(-3.57826519896831,-7.89131035452762,-0.8));
#11333=CARTESIAN_POINT('Origin',(-3.57826519896831,-9.17131035452762,0.));
#11334=CARTESIAN_POINT('',(-3.57826519896831,-9.17131035452762,0.));
#11335=CARTESIAN_POINT('',(-3.57826519896831,-9.17131035452762,0.));
#11336=CARTESIAN_POINT('',(-3.57826519896831,-4.05131035452762,0.));
#11337=CARTESIAN_POINT('Origin',(0.721734801031691,-9.17131035452762,0.));
#11338=CARTESIAN_POINT('',(0.721734801031691,-9.17131035452762,0.));
#11339=CARTESIAN_POINT('',(0.721734801031691,-9.17131035452762,0.));
#11340=CARTESIAN_POINT('',(-3.57826519896831,-9.17131035452762,0.));
#11341=CARTESIAN_POINT('Origin',(0.721734801031691,-4.05131035452762,0.));
#11342=CARTESIAN_POINT('',(0.721734801031691,-9.17131035452762,0.));
#11343=CARTESIAN_POINT('Origin',(-1.42826519896831,-6.61131035452762,0.));
#11344=CARTESIAN_POINT('Origin',(7.2,-6.69999999999999,2.8));
#11345=CARTESIAN_POINT('',(7.5,4.55000000000001,2.8));
#11346=CARTESIAN_POINT('',(7.2,4.55000000000001,3.1));
#11347=CARTESIAN_POINT('Origin',(7.2,4.55000000000001,2.8));
#11348=CARTESIAN_POINT('',(7.2,-10.45,3.1));
#11349=CARTESIAN_POINT('',(7.2,-6.69999999999999,3.1));
#11350=CARTESIAN_POINT('',(7.5,-10.45,2.8));
#11351=CARTESIAN_POINT('Origin',(7.2,-10.45,2.8));
#11352=CARTESIAN_POINT('',(7.5,-6.69999999999999,2.8));
#11353=CARTESIAN_POINT('Origin',(0.,-2.94999999999999,3.1));
#11354=CARTESIAN_POINT('',(-7.2,4.55000000000001,3.1));
#11355=CARTESIAN_POINT('',(3.75,4.55000000000001,3.1));
#11356=CARTESIAN_POINT('',(-7.2,-10.,3.1));
#11357=CARTESIAN_POINT('',(-7.2,0.800000000000007,3.1));
#11358=CARTESIAN_POINT('',(0.149888888888925,-10.,3.1));
#11359=CARTESIAN_POINT('',(-3.75,-10.,3.1));
#11360=CARTESIAN_POINT('',(3.35059620596205,-10.3556341463415,3.1));
#11361=CARTESIAN_POINT('Origin',(0.149888888888925,-24.581,3.1));
#11362=CARTESIAN_POINT('',(3.77,-10.45,3.1));
#11363=CARTESIAN_POINT('',(0.172736466389063,-9.64061570493755,3.1));
#11364=CARTESIAN_POINT('',(1.885,-10.45,3.1));
#11365=CARTESIAN_POINT('Origin',(7.5,4.55000000000001,1.6));
#11366=CARTESIAN_POINT('',(7.5,4.55000000000001,1.6));
#11367=CARTESIAN_POINT('',(7.5,4.55000000000001,1.6));
#11368=CARTESIAN_POINT('',(-7.5,4.55000000000001,1.6));
#11369=CARTESIAN_POINT('',(3.75,4.55000000000001,1.6));
#11370=CARTESIAN_POINT('',(-7.5,4.55000000000001,2.8));
#11371=CARTESIAN_POINT('',(-7.5,4.55000000000001,1.6));
#11372=CARTESIAN_POINT('Origin',(-7.2,4.55000000000001,2.8));
#11373=CARTESIAN_POINT('Origin',(-7.2,0.800000000000007,2.8));
#11374=CARTESIAN_POINT('',(-7.5,-10.,2.8));
#11375=CARTESIAN_POINT('Origin',(-7.2,-10.,2.8));
#11376=CARTESIAN_POINT('',(-7.5,0.800000000000007,2.8));
#11377=CARTESIAN_POINT('Origin',(-7.5,-10.,1.6));
#11378=CARTESIAN_POINT('',(-7.5,-10.,1.6));
#11379=CARTESIAN_POINT('',(-7.5,-10.,1.6));
#11380=CARTESIAN_POINT('',(0.149888888888925,-10.,1.6));
#11381=CARTESIAN_POINT('',(-3.75,-10.,1.6));
#11382=CARTESIAN_POINT('',(0.149888888888925,-10.,1.6));
#11383=CARTESIAN_POINT('Origin',(-7.5,4.55000000000001,1.6));
#11384=CARTESIAN_POINT('',(-7.5,0.800000000000007,1.6));
#11385=CARTESIAN_POINT('Origin',(0.149888888888925,-24.581,1.6));
#11386=CARTESIAN_POINT('',(3.35059620596205,-10.3556341463415,1.6));
#11387=CARTESIAN_POINT('Origin',(0.149888888888925,-24.581,1.6));
#11388=CARTESIAN_POINT('',(3.35059620596205,-10.3556341463415,1.6));
#11389=CARTESIAN_POINT('Origin',(1.77,-10.,1.6));
#11390=CARTESIAN_POINT('',(3.77,-10.45,1.6));
#11391=CARTESIAN_POINT('',(0.172736466389063,-9.64061570493755,1.6));
#11392=CARTESIAN_POINT('',(3.77,-10.45,1.6));
#11393=CARTESIAN_POINT('Origin',(7.5,-10.45,1.6));
#11394=CARTESIAN_POINT('',(7.5,-10.45,1.6));
#11395=CARTESIAN_POINT('',(7.5,-10.45,1.6));
#11396=CARTESIAN_POINT('',(7.5,-6.69999999999999,1.6));
#11397=CARTESIAN_POINT('Origin',(3.77,-10.45,1.6));
#11398=CARTESIAN_POINT('',(1.885,-10.45,1.6));
#11399=CARTESIAN_POINT('Origin',(0.,-2.94999999999999,1.6));
#11400=CARTESIAN_POINT('Origin',(-7.9,7.21944582206775,0.));
#11401=CARTESIAN_POINT('',(-7.9,7.61944582206775,0.));
#11402=CARTESIAN_POINT('',(-7.5,7.21944582206775,0.));
#11403=CARTESIAN_POINT('Origin',(-7.9,7.21944582206775,0.));
#11404=CARTESIAN_POINT('',(-7.5,7.21944582206775,-2.66));
#11405=CARTESIAN_POINT('',(-7.5,7.21944582206775,0.));
#11406=CARTESIAN_POINT('',(-7.9,7.61944582206775,-2.66));
#11407=CARTESIAN_POINT('Origin',(-7.9,7.21944582206775,-2.66));
#11408=CARTESIAN_POINT('',(-7.9,7.61944582206775,0.));
#11409=CARTESIAN_POINT('Origin',(-8.75,2.22044604925031E-15,-2.66));
#11410=CARTESIAN_POINT('',(-7.5,5.45861248873442,-2.66));
#11411=CARTESIAN_POINT('',(-7.5,10.,-2.66));
#11412=CARTESIAN_POINT('',(-7.9,5.05861248873442,-2.66));
#11413=CARTESIAN_POINT('Origin',(-7.9,5.45861248873442,-2.66));
#11414=CARTESIAN_POINT('',(-9.6,5.05861248873442,-2.66));
#11415=CARTESIAN_POINT('',(0.625,5.05861248873442,-2.66));
#11416=CARTESIAN_POINT('',(-10.,5.45861248873442,-2.66));
#11417=CARTESIAN_POINT('Origin',(-9.6,5.45861248873442,-2.66));
#11418=CARTESIAN_POINT('',(-10.,7.21944582206775,-2.66));
#11419=CARTESIAN_POINT('',(-10.,-10.,-2.66));
#11420=CARTESIAN_POINT('',(-9.6,7.61944582206775,-2.66));
#11421=CARTESIAN_POINT('Origin',(-9.6,7.21944582206775,-2.66));
#11422=CARTESIAN_POINT('',(0.625,7.61944582206775,-2.66));
#11423=CARTESIAN_POINT('',(-8.542,5.95428571428572,-2.66));
#11424=CARTESIAN_POINT('',(-8.542,6.58428571428572,-2.66));
#11425=CARTESIAN_POINT('',(-8.542,6.58428571428572,-2.66));
#11426=CARTESIAN_POINT('',(-9.172,6.58428571428572,-2.66));
#11427=CARTESIAN_POINT('',(-9.172,6.58428571428572,-2.66));
#11428=CARTESIAN_POINT('',(-9.172,5.95428571428572,-2.66));
#11429=CARTESIAN_POINT('',(-9.172,5.95428571428572,-2.66));
#11430=CARTESIAN_POINT('',(-8.542,5.95428571428572,-2.66));
#11431=CARTESIAN_POINT('Origin',(-7.5,10.,0.));
#11432=CARTESIAN_POINT('',(-7.5,5.45861248873442,0.));
#11433=CARTESIAN_POINT('',(-7.5,10.,0.));
#11434=CARTESIAN_POINT('',(-7.5,5.45861248873442,0.));
#11435=CARTESIAN_POINT('Origin',(-7.9,5.45861248873442,0.));
#11436=CARTESIAN_POINT('',(-7.9,5.05861248873442,0.));
#11437=CARTESIAN_POINT('Origin',(-7.9,5.45861248873442,0.));
#11438=CARTESIAN_POINT('',(-7.9,5.05861248873442,0.));
#11439=CARTESIAN_POINT('Origin',(-9.6,5.45861248873442,0.));
#11440=CARTESIAN_POINT('',(-9.6,5.05861248873442,0.));
#11441=CARTESIAN_POINT('',(-9.6,5.05861248873442,0.));
#11442=CARTESIAN_POINT('',(-10.,5.45861248873442,0.));
#11443=CARTESIAN_POINT('Origin',(-9.6,5.45861248873442,0.));
#11444=CARTESIAN_POINT('',(-10.,5.45861248873442,0.));
#11445=CARTESIAN_POINT('Origin',(-10.,-10.,0.));
#11446=CARTESIAN_POINT('',(-10.,7.21944582206775,0.));
#11447=CARTESIAN_POINT('',(-10.,-10.,0.));
#11448=CARTESIAN_POINT('',(-10.,7.21944582206775,0.));
#11449=CARTESIAN_POINT('Origin',(-9.6,7.21944582206775,0.));
#11450=CARTESIAN_POINT('',(-9.6,7.61944582206775,0.));
#11451=CARTESIAN_POINT('Origin',(-9.6,7.21944582206775,0.));
#11452=CARTESIAN_POINT('',(-9.6,7.61944582206775,0.));
#11453=CARTESIAN_POINT('Origin',(10.,7.61944582206775,0.));
#11454=CARTESIAN_POINT('',(0.625,7.61944582206775,0.));
#11455=CARTESIAN_POINT('Origin',(-9.172,5.95428571428572,0.));
#11456=CARTESIAN_POINT('',(-8.542,5.95428571428572,0.));
#11457=CARTESIAN_POINT('',(-9.172,5.95428571428572,0.));
#11458=CARTESIAN_POINT('',(-8.542,5.95428571428572,0.));
#11459=CARTESIAN_POINT('',(-8.542,5.95428571428572,0.));
#11460=CARTESIAN_POINT('',(-9.172,5.95428571428572,0.));
#11461=CARTESIAN_POINT('Origin',(-9.172,6.58428571428572,0.));
#11462=CARTESIAN_POINT('',(-9.172,6.58428571428572,0.));
#11463=CARTESIAN_POINT('',(-9.172,5.95428571428572,0.));
#11464=CARTESIAN_POINT('',(-9.172,6.58428571428572,0.));
#11465=CARTESIAN_POINT('Origin',(-8.542,6.58428571428572,0.));
#11466=CARTESIAN_POINT('',(-8.542,6.58428571428572,0.));
#11467=CARTESIAN_POINT('',(-9.172,6.58428571428572,0.));
#11468=CARTESIAN_POINT('',(-8.542,6.58428571428572,0.));
#11469=CARTESIAN_POINT('Origin',(-8.542,5.95428571428572,0.));
#11470=CARTESIAN_POINT('',(-8.542,6.58428571428572,0.));
#11471=CARTESIAN_POINT('Origin',(-8.75,2.22044604925031E-15,0.));
#11472=CARTESIAN_POINT('',(0.625,5.05861248873442,0.));
#11473=CARTESIAN_POINT('Origin',(10.,5.05861248873442,0.));
#11474=CARTESIAN_POINT('Origin',(-9.6,0.336945822067752,0.));
#11475=CARTESIAN_POINT('',(-10.,0.336945822067751,-2.66));
#11476=CARTESIAN_POINT('',(-9.6,-0.063054177932248,-2.66));
#11477=CARTESIAN_POINT('Origin',(-9.6,0.336945822067752,-2.66));
#11478=CARTESIAN_POINT('',(-9.6,-0.063054177932248,0.));
#11479=CARTESIAN_POINT('',(-9.6,-0.063054177932248,0.));
#11480=CARTESIAN_POINT('',(-10.,0.336945822067751,0.));
#11481=CARTESIAN_POINT('Origin',(-9.6,0.336945822067752,0.));
#11482=CARTESIAN_POINT('',(-10.,0.336945822067752,0.));
#11483=CARTESIAN_POINT('Origin',(-10.,-10.,0.));
#11484=CARTESIAN_POINT('',(-10.,2.09777915540109,0.));
#11485=CARTESIAN_POINT('',(-10.,-10.,0.));
#11486=CARTESIAN_POINT('',(-10.,2.09777915540109,-2.66));
#11487=CARTESIAN_POINT('',(-10.,2.09777915540109,0.));
#11488=CARTESIAN_POINT('',(-10.,-10.,-2.66));
#11489=CARTESIAN_POINT('Origin',(-8.75,2.22044604925031E-15,0.));
#11490=CARTESIAN_POINT('',(-7.9,-0.063054177932248,0.));
#11491=CARTESIAN_POINT('',(0.625,-0.063054177932248,0.));
#11492=CARTESIAN_POINT('',(-7.5,0.336945822067751,0.));
#11493=CARTESIAN_POINT('Origin',(-7.9,0.336945822067752,0.));
#11494=CARTESIAN_POINT('',(-7.5,2.09777915540109,0.));
#11495=CARTESIAN_POINT('',(-7.5,10.,0.));
#11496=CARTESIAN_POINT('',(-7.9,2.49777915540109,0.));
#11497=CARTESIAN_POINT('Origin',(-7.9,2.09777915540109,0.));
#11498=CARTESIAN_POINT('',(-9.6,2.49777915540109,0.));
#11499=CARTESIAN_POINT('',(0.625,2.49777915540109,0.));
#11500=CARTESIAN_POINT('Origin',(-9.6,2.09777915540109,0.));
#11501=CARTESIAN_POINT('',(-8.542,1.49285714285714,0.));
#11502=CARTESIAN_POINT('',(-8.542,0.862857142857145,0.));
#11503=CARTESIAN_POINT('',(-8.542,1.49285714285714,0.));
#11504=CARTESIAN_POINT('',(-9.172,0.862857142857145,0.));
#11505=CARTESIAN_POINT('',(-8.542,0.862857142857145,0.));
#11506=CARTESIAN_POINT('',(-9.172,1.49285714285714,0.));
#11507=CARTESIAN_POINT('',(-9.172,0.862857142857145,0.));
#11508=CARTESIAN_POINT('',(-9.172,1.49285714285714,0.));
#11509=CARTESIAN_POINT('Origin',(-7.9,2.09777915540109,0.));
#11510=CARTESIAN_POINT('',(-7.5,2.09777915540109,-2.66));
#11511=CARTESIAN_POINT('',(-7.5,2.09777915540109,0.));
#11512=CARTESIAN_POINT('',(-7.9,2.49777915540109,-2.66));
#11513=CARTESIAN_POINT('Origin',(-7.9,2.09777915540109,-2.66));
#11514=CARTESIAN_POINT('',(-7.9,2.49777915540109,0.));
#11515=CARTESIAN_POINT('Origin',(-8.75,2.22044604925031E-15,-2.66));
#11516=CARTESIAN_POINT('',(-9.6,2.49777915540109,-2.66));
#11517=CARTESIAN_POINT('Origin',(-9.6,2.09777915540109,-2.66));
#11518=CARTESIAN_POINT('',(0.625,2.49777915540109,-2.66));
#11519=CARTESIAN_POINT('',(-7.5,0.336945822067751,-2.66));
#11520=CARTESIAN_POINT('',(-7.5,10.,-2.66));
#11521=CARTESIAN_POINT('',(-7.9,-0.063054177932248,-2.66));
#11522=CARTESIAN_POINT('Origin',(-7.9,0.336945822067752,-2.66));
#11523=CARTESIAN_POINT('',(0.625,-0.063054177932248,-2.66));
#11524=CARTESIAN_POINT('',(-8.542,0.862857142857145,-2.66));
#11525=CARTESIAN_POINT('',(-8.542,1.49285714285714,-2.66));
#11526=CARTESIAN_POINT('',(-8.542,1.49285714285714,-2.66));
#11527=CARTESIAN_POINT('',(-9.172,1.49285714285714,-2.66));
#11528=CARTESIAN_POINT('',(-9.172,1.49285714285714,-2.66));
#11529=CARTESIAN_POINT('',(-9.172,0.862857142857145,-2.66));
#11530=CARTESIAN_POINT('',(-9.172,0.862857142857145,-2.66));
#11531=CARTESIAN_POINT('',(-8.542,0.862857142857145,-2.66));
#11532=CARTESIAN_POINT('Origin',(-7.5,10.,0.));
#11533=CARTESIAN_POINT('',(-7.5,0.336945822067752,0.));
#11534=CARTESIAN_POINT('Origin',(-7.9,0.336945822067752,0.));
#11535=CARTESIAN_POINT('',(-7.9,-0.063054177932248,0.));
#11536=CARTESIAN_POINT('Origin',(-9.6,2.09777915540109,0.));
#11537=CARTESIAN_POINT('',(-9.6,2.49777915540109,0.));
#11538=CARTESIAN_POINT('Origin',(10.,2.49777915540109,0.));
#11539=CARTESIAN_POINT('Origin',(-9.172,0.862857142857145,0.));
#11540=CARTESIAN_POINT('',(-8.542,0.862857142857145,0.));
#11541=CARTESIAN_POINT('',(-9.172,0.862857142857145,0.));
#11542=CARTESIAN_POINT('Origin',(-9.172,1.49285714285714,0.));
#11543=CARTESIAN_POINT('',(-9.172,1.49285714285714,0.));
#11544=CARTESIAN_POINT('Origin',(-8.542,1.49285714285714,0.));
#11545=CARTESIAN_POINT('',(-8.542,1.49285714285714,0.));
#11546=CARTESIAN_POINT('Origin',(-8.542,0.862857142857145,0.));
#11547=CARTESIAN_POINT('Origin',(10.,-0.063054177932248,0.));
#11548=CARTESIAN_POINT('Origin',(-9.6,2.89777915540109,0.));
#11549=CARTESIAN_POINT('',(-10.,2.89777915540109,-2.66));
#11550=CARTESIAN_POINT('',(-9.6,2.49777915540109,-2.66));
#11551=CARTESIAN_POINT('Origin',(-9.6,2.89777915540109,-2.66));
#11552=CARTESIAN_POINT('',(-9.6,2.49777915540109,0.));
#11553=CARTESIAN_POINT('',(-9.6,2.49777915540109,0.));
#11554=CARTESIAN_POINT('',(-10.,2.89777915540109,0.));
#11555=CARTESIAN_POINT('Origin',(-9.6,2.89777915540109,0.));
#11556=CARTESIAN_POINT('',(-10.,2.89777915540109,0.));
#11557=CARTESIAN_POINT('Origin',(-8.75,2.22044604925031E-15,-2.66));
#11558=CARTESIAN_POINT('',(-10.,4.65861248873442,-2.66));
#11559=CARTESIAN_POINT('',(-10.,-10.,-2.66));
#11560=CARTESIAN_POINT('',(-9.6,5.05861248873442,-2.66));
#11561=CARTESIAN_POINT('Origin',(-9.6,4.65861248873442,-2.66));
#11562=CARTESIAN_POINT('',(-7.9,5.05861248873442,-2.66));
#11563=CARTESIAN_POINT('',(0.625,5.05861248873442,-2.66));
#11564=CARTESIAN_POINT('',(-7.5,4.65861248873442,-2.66));
#11565=CARTESIAN_POINT('Origin',(-7.9,4.65861248873442,-2.66));
#11566=CARTESIAN_POINT('',(-7.5,2.89777915540109,-2.66));
#11567=CARTESIAN_POINT('',(-7.5,10.,-2.66));
#11568=CARTESIAN_POINT('',(-7.9,2.49777915540109,-2.66));
#11569=CARTESIAN_POINT('Origin',(-7.9,2.89777915540109,-2.66));
#11570=CARTESIAN_POINT('',(0.625,2.49777915540109,-2.66));
#11571=CARTESIAN_POINT('',(-8.542,3.40857142857143,-2.66));
#11572=CARTESIAN_POINT('',(-8.542,4.03857142857143,-2.66));
#11573=CARTESIAN_POINT('',(-8.542,4.03857142857143,-2.66));
#11574=CARTESIAN_POINT('',(-9.172,4.03857142857143,-2.66));
#11575=CARTESIAN_POINT('',(-9.172,4.03857142857143,-2.66));
#11576=CARTESIAN_POINT('',(-9.172,3.40857142857143,-2.66));
#11577=CARTESIAN_POINT('',(-9.172,3.40857142857143,-2.66));
#11578=CARTESIAN_POINT('',(-8.542,3.40857142857143,-2.66));
#11579=CARTESIAN_POINT('Origin',(-10.,-10.,0.));
#11580=CARTESIAN_POINT('',(-10.,4.65861248873442,0.));
#11581=CARTESIAN_POINT('',(-10.,-10.,0.));
#11582=CARTESIAN_POINT('',(-10.,4.65861248873442,0.));
#11583=CARTESIAN_POINT('Origin',(-9.6,4.65861248873442,0.));
#11584=CARTESIAN_POINT('',(-9.6,5.05861248873442,0.));
#11585=CARTESIAN_POINT('Origin',(-9.6,4.65861248873442,0.));
#11586=CARTESIAN_POINT('',(-9.6,5.05861248873442,0.));
#11587=CARTESIAN_POINT('Origin',(-7.9,4.65861248873442,0.));
#11588=CARTESIAN_POINT('',(-7.9,5.05861248873442,0.));
#11589=CARTESIAN_POINT('',(-7.5,4.65861248873442,0.));
#11590=CARTESIAN_POINT('Origin',(-7.9,4.65861248873442,0.));
#11591=CARTESIAN_POINT('',(-7.5,4.65861248873442,0.));
#11592=CARTESIAN_POINT('',(-7.9,5.05861248873442,0.));
#11593=CARTESIAN_POINT('Origin',(-7.5,10.,0.));
#11594=CARTESIAN_POINT('',(-7.5,2.89777915540109,0.));
#11595=CARTESIAN_POINT('',(-7.5,10.,0.));
#11596=CARTESIAN_POINT('',(-7.5,2.89777915540109,0.));
#11597=CARTESIAN_POINT('Origin',(-7.9,2.89777915540109,0.));
#11598=CARTESIAN_POINT('',(-7.9,2.49777915540109,0.));
#11599=CARTESIAN_POINT('Origin',(-7.9,2.89777915540109,0.));
#11600=CARTESIAN_POINT('',(-7.9,2.49777915540109,0.));
#11601=CARTESIAN_POINT('Origin',(10.,5.05861248873442,0.));
#11602=CARTESIAN_POINT('',(0.625,5.05861248873442,0.));
#11603=CARTESIAN_POINT('Origin',(-8.75,2.22044604925031E-15,0.));
#11604=CARTESIAN_POINT('',(0.625,2.49777915540109,0.));
#11605=CARTESIAN_POINT('',(-8.542,4.03857142857143,0.));
#11606=CARTESIAN_POINT('',(-8.542,3.40857142857143,0.));
#11607=CARTESIAN_POINT('',(-8.542,4.03857142857143,0.));
#11608=CARTESIAN_POINT('',(-9.172,3.40857142857143,0.));
#11609=CARTESIAN_POINT('',(-8.542,3.40857142857143,0.));
#11610=CARTESIAN_POINT('',(-9.172,4.03857142857143,0.));
#11611=CARTESIAN_POINT('',(-9.172,3.40857142857143,0.));
#11612=CARTESIAN_POINT('',(-9.172,4.03857142857143,0.));
#11613=CARTESIAN_POINT('Origin',(-8.542,3.40857142857143,0.));
#11614=CARTESIAN_POINT('',(-8.542,4.03857142857143,0.));
#11615=CARTESIAN_POINT('',(-8.542,3.40857142857143,0.));
#11616=CARTESIAN_POINT('Origin',(-8.542,4.03857142857143,0.));
#11617=CARTESIAN_POINT('',(-9.172,4.03857142857143,0.));
#11618=CARTESIAN_POINT('Origin',(-9.172,4.03857142857143,0.));
#11619=CARTESIAN_POINT('',(-9.172,3.40857142857143,0.));
#11620=CARTESIAN_POINT('Origin',(-9.172,3.40857142857143,0.));
#11621=CARTESIAN_POINT('Origin',(10.,2.49777915540109,0.));
#11622=CARTESIAN_POINT('Origin',(-7.9,-3.02388751126558,0.));
#11623=CARTESIAN_POINT('',(-7.9,-2.62388751126558,0.));
#11624=CARTESIAN_POINT('',(-7.5,-3.02388751126558,0.));
#11625=CARTESIAN_POINT('Origin',(-7.9,-3.02388751126558,0.));
#11626=CARTESIAN_POINT('',(-7.5,-3.02388751126558,-2.66));
#11627=CARTESIAN_POINT('',(-7.5,-3.02388751126558,0.));
#11628=CARTESIAN_POINT('',(-7.9,-2.62388751126558,-2.66));
#11629=CARTESIAN_POINT('Origin',(-7.9,-3.02388751126558,-2.66));
#11630=CARTESIAN_POINT('',(-7.9,-2.62388751126558,0.));
#11631=CARTESIAN_POINT('Origin',(-8.75,2.22044604925031E-15,-2.66));
#11632=CARTESIAN_POINT('',(-7.5,-4.78472084459892,-2.66));
#11633=CARTESIAN_POINT('',(-7.5,10.,-2.66));
#11634=CARTESIAN_POINT('',(-7.9,-5.18472084459892,-2.66));
#11635=CARTESIAN_POINT('Origin',(-7.9,-4.78472084459892,-2.66));
#11636=CARTESIAN_POINT('',(-9.6,-5.18472084459892,-2.66));
#11637=CARTESIAN_POINT('',(0.625,-5.18472084459892,-2.66));
#11638=CARTESIAN_POINT('',(-10.,-4.78472084459892,-2.66));
#11639=CARTESIAN_POINT('Origin',(-9.6,-4.78472084459892,-2.66));
#11640=CARTESIAN_POINT('',(-10.,-3.02388751126558,-2.66));
#11641=CARTESIAN_POINT('',(-10.,-10.,-2.66));
#11642=CARTESIAN_POINT('',(-9.6,-2.62388751126558,-2.66));
#11643=CARTESIAN_POINT('Origin',(-9.6,-3.02388751126558,-2.66));
#11644=CARTESIAN_POINT('',(0.625,-2.62388751126558,-2.66));
#11645=CARTESIAN_POINT('',(-8.542,-4.22857142857142,-2.66));
#11646=CARTESIAN_POINT('',(-8.542,-3.59857142857143,-2.66));
#11647=CARTESIAN_POINT('',(-8.542,-3.59857142857143,-2.66));
#11648=CARTESIAN_POINT('',(-9.172,-3.59857142857143,-2.66));
#11649=CARTESIAN_POINT('',(-9.172,-3.59857142857143,-2.66));
#11650=CARTESIAN_POINT('',(-9.172,-4.22857142857142,-2.66));
#11651=CARTESIAN_POINT('',(-9.172,-4.22857142857143,-2.66));
#11652=CARTESIAN_POINT('',(-8.542,-4.22857142857143,-2.66));
#11653=CARTESIAN_POINT('Origin',(-7.5,10.,0.));
#11654=CARTESIAN_POINT('',(-7.5,-4.78472084459892,0.));
#11655=CARTESIAN_POINT('',(-7.5,10.,0.));
#11656=CARTESIAN_POINT('',(-7.5,-4.78472084459892,0.));
#11657=CARTESIAN_POINT('Origin',(-7.9,-4.78472084459892,0.));
#11658=CARTESIAN_POINT('',(-7.9,-5.18472084459892,0.));
#11659=CARTESIAN_POINT('Origin',(-7.9,-4.78472084459892,0.));
#11660=CARTESIAN_POINT('',(-7.9,-5.18472084459892,0.));
#11661=CARTESIAN_POINT('Origin',(-9.6,-4.78472084459892,0.));
#11662=CARTESIAN_POINT('',(-9.6,-5.18472084459892,0.));
#11663=CARTESIAN_POINT('',(-9.6,-5.18472084459892,0.));
#11664=CARTESIAN_POINT('',(-10.,-4.78472084459892,0.));
#11665=CARTESIAN_POINT('Origin',(-9.6,-4.78472084459892,0.));
#11666=CARTESIAN_POINT('',(-10.,-4.78472084459892,0.));
#11667=CARTESIAN_POINT('Origin',(-10.,-10.,0.));
#11668=CARTESIAN_POINT('',(-10.,-3.02388751126558,0.));
#11669=CARTESIAN_POINT('',(-10.,-10.,0.));
#11670=CARTESIAN_POINT('',(-10.,-3.02388751126558,0.));
#11671=CARTESIAN_POINT('Origin',(-9.6,-3.02388751126558,0.));
#11672=CARTESIAN_POINT('',(-9.6,-2.62388751126558,0.));
#11673=CARTESIAN_POINT('Origin',(-9.6,-3.02388751126558,0.));
#11674=CARTESIAN_POINT('',(-9.6,-2.62388751126558,0.));
#11675=CARTESIAN_POINT('Origin',(10.,-2.62388751126558,0.));
#11676=CARTESIAN_POINT('',(0.625,-2.62388751126558,0.));
#11677=CARTESIAN_POINT('Origin',(-9.172,-4.22857142857143,0.));
#11678=CARTESIAN_POINT('',(-8.542,-4.22857142857143,0.));
#11679=CARTESIAN_POINT('',(-9.172,-4.22857142857143,0.));
#11680=CARTESIAN_POINT('',(-8.542,-4.22857142857143,0.));
#11681=CARTESIAN_POINT('',(-8.542,-4.22857142857143,0.));
#11682=CARTESIAN_POINT('',(-9.172,-4.22857142857143,0.));
#11683=CARTESIAN_POINT('Origin',(-9.172,-3.59857142857143,0.));
#11684=CARTESIAN_POINT('',(-9.172,-3.59857142857143,0.));
#11685=CARTESIAN_POINT('',(-9.172,-4.22857142857143,0.));
#11686=CARTESIAN_POINT('',(-9.172,-3.59857142857143,0.));
#11687=CARTESIAN_POINT('Origin',(-8.542,-3.59857142857143,0.));
#11688=CARTESIAN_POINT('',(-8.542,-3.59857142857143,0.));
#11689=CARTESIAN_POINT('',(-9.172,-3.59857142857143,0.));
#11690=CARTESIAN_POINT('',(-8.542,-3.59857142857143,0.));
#11691=CARTESIAN_POINT('Origin',(-8.542,-4.22857142857143,0.));
#11692=CARTESIAN_POINT('',(-8.542,-3.59857142857143,0.));
#11693=CARTESIAN_POINT('Origin',(-8.75,2.22044604925031E-15,0.));
#11694=CARTESIAN_POINT('',(0.625,-5.18472084459892,0.));
#11695=CARTESIAN_POINT('Origin',(10.,-5.18472084459892,0.));
#11696=CARTESIAN_POINT('Origin',(-9.6,-2.22388751126558,0.));
#11697=CARTESIAN_POINT('',(-10.,-2.22388751126558,-2.66));
#11698=CARTESIAN_POINT('',(-9.6,-2.62388751126558,-2.66));
#11699=CARTESIAN_POINT('Origin',(-9.6,-2.22388751126558,-2.66));
#11700=CARTESIAN_POINT('',(-9.6,-2.62388751126558,0.));
#11701=CARTESIAN_POINT('',(-9.6,-2.62388751126558,0.));
#11702=CARTESIAN_POINT('',(-10.,-2.22388751126558,0.));
#11703=CARTESIAN_POINT('Origin',(-9.6,-2.22388751126558,0.));
#11704=CARTESIAN_POINT('',(-10.,-2.22388751126558,0.));
#11705=CARTESIAN_POINT('Origin',(10.,-2.62388751126558,0.));
#11706=CARTESIAN_POINT('',(-7.9,-2.62388751126558,-2.66));
#11707=CARTESIAN_POINT('',(0.625,-2.62388751126558,-2.66));
#11708=CARTESIAN_POINT('',(-7.9,-2.62388751126558,0.));
#11709=CARTESIAN_POINT('',(-7.9,-2.62388751126558,0.));
#11710=CARTESIAN_POINT('',(0.625,-2.62388751126558,0.));
#11711=CARTESIAN_POINT('Origin',(-8.75,2.22044604925031E-15,-2.66));
#11712=CARTESIAN_POINT('',(-10.,-0.463054177932248,-2.66));
#11713=CARTESIAN_POINT('',(-10.,-10.,-2.66));
#11714=CARTESIAN_POINT('',(-9.6,-0.063054177932248,-2.66));
#11715=CARTESIAN_POINT('Origin',(-9.6,-0.463054177932248,-2.66));
#11716=CARTESIAN_POINT('',(-7.9,-0.063054177932248,-2.66));
#11717=CARTESIAN_POINT('',(0.625,-0.063054177932248,-2.66));
#11718=CARTESIAN_POINT('',(-7.5,-0.463054177932247,-2.66));
#11719=CARTESIAN_POINT('Origin',(-7.9,-0.463054177932248,-2.66));
#11720=CARTESIAN_POINT('',(-7.5,-2.22388751126558,-2.66));
#11721=CARTESIAN_POINT('',(-7.5,10.,-2.66));
#11722=CARTESIAN_POINT('Origin',(-7.9,-2.22388751126558,-2.66));
#11723=CARTESIAN_POINT('',(-8.542,-1.68285714285714,-2.66));
#11724=CARTESIAN_POINT('',(-8.542,-1.05285714285714,-2.66));
#11725=CARTESIAN_POINT('',(-8.542,-1.05285714285714,-2.66));
#11726=CARTESIAN_POINT('',(-9.172,-1.05285714285714,-2.66));
#11727=CARTESIAN_POINT('',(-9.172,-1.05285714285714,-2.66));
#11728=CARTESIAN_POINT('',(-9.172,-1.68285714285714,-2.66));
#11729=CARTESIAN_POINT('',(-9.172,-1.68285714285714,-2.66));
#11730=CARTESIAN_POINT('',(-8.542,-1.68285714285714,-2.66));
#11731=CARTESIAN_POINT('Origin',(-7.9,-0.463054177932248,0.));
#11732=CARTESIAN_POINT('',(-7.9,-0.063054177932248,0.));
#11733=CARTESIAN_POINT('',(-7.5,-0.463054177932247,0.));
#11734=CARTESIAN_POINT('Origin',(-7.9,-0.463054177932248,0.));
#11735=CARTESIAN_POINT('',(-7.5,-0.463054177932248,0.));
#11736=CARTESIAN_POINT('',(-7.9,-0.063054177932248,0.));
#11737=CARTESIAN_POINT('Origin',(10.,-0.063054177932248,0.));
#11738=CARTESIAN_POINT('',(-9.6,-0.063054177932248,0.));
#11739=CARTESIAN_POINT('',(-9.6,-0.063054177932248,0.));
#11740=CARTESIAN_POINT('',(0.625,-0.063054177932248,0.));
#11741=CARTESIAN_POINT('Origin',(-7.9,-2.22388751126558,0.));
#11742=CARTESIAN_POINT('',(-7.5,-2.22388751126558,0.));
#11743=CARTESIAN_POINT('Origin',(-7.9,-2.22388751126558,0.));
#11744=CARTESIAN_POINT('',(-7.5,-2.22388751126558,0.));
#11745=CARTESIAN_POINT('Origin',(-8.75,2.22044604925031E-15,0.));
#11746=CARTESIAN_POINT('',(-7.5,10.,0.));
#11747=CARTESIAN_POINT('',(-10.,-0.463054177932248,0.));
#11748=CARTESIAN_POINT('Origin',(-9.6,-0.463054177932248,0.));
#11749=CARTESIAN_POINT('',(-10.,-10.,0.));
#11750=CARTESIAN_POINT('',(-8.542,-1.05285714285714,0.));
#11751=CARTESIAN_POINT('',(-8.542,-1.68285714285714,0.));
#11752=CARTESIAN_POINT('',(-8.542,-1.05285714285714,0.));
#11753=CARTESIAN_POINT('',(-9.172,-1.68285714285714,0.));
#11754=CARTESIAN_POINT('',(-8.542,-1.68285714285714,0.));
#11755=CARTESIAN_POINT('',(-9.172,-1.05285714285714,0.));
#11756=CARTESIAN_POINT('',(-9.172,-1.68285714285714,0.));
#11757=CARTESIAN_POINT('',(-9.172,-1.05285714285714,0.));
#11758=CARTESIAN_POINT('Origin',(-9.6,-0.463054177932248,0.));
#11759=CARTESIAN_POINT('',(-10.,-0.463054177932248,0.));
#11760=CARTESIAN_POINT('Origin',(-10.,-10.,0.));
#11761=CARTESIAN_POINT('Origin',(-8.542,-1.68285714285714,0.));
#11762=CARTESIAN_POINT('',(-8.542,-1.05285714285714,0.));
#11763=CARTESIAN_POINT('',(-8.542,-1.68285714285714,0.));
#11764=CARTESIAN_POINT('Origin',(-8.542,-1.05285714285714,0.));
#11765=CARTESIAN_POINT('',(-9.172,-1.05285714285714,0.));
#11766=CARTESIAN_POINT('Origin',(-9.172,-1.05285714285714,0.));
#11767=CARTESIAN_POINT('',(-9.172,-1.68285714285714,0.));
#11768=CARTESIAN_POINT('Origin',(-9.172,-1.68285714285714,0.));
#11769=CARTESIAN_POINT('Origin',(-7.5,10.,0.));
#11770=CARTESIAN_POINT('Origin',(-7.9,-9.6,0.));
#11771=CARTESIAN_POINT('',(-7.9,-10.,-2.66));
#11772=CARTESIAN_POINT('',(-7.5,-9.6,-2.66));
#11773=CARTESIAN_POINT('Origin',(-7.9,-9.6,-2.66));
#11774=CARTESIAN_POINT('',(-7.5,-9.6,0.));
#11775=CARTESIAN_POINT('',(-7.5,-9.6,0.));
#11776=CARTESIAN_POINT('',(-7.9,-10.,0.));
#11777=CARTESIAN_POINT('Origin',(-7.9,-9.6,0.));
#11778=CARTESIAN_POINT('',(-7.9,-10.,0.));
#11779=CARTESIAN_POINT('Origin',(-7.5,10.,0.));
#11780=CARTESIAN_POINT('',(-7.5,-8.14555417793225,-2.66));
#11781=CARTESIAN_POINT('',(-7.5,10.,-2.66));
#11782=CARTESIAN_POINT('',(-7.5,-8.14555417793225,0.));
#11783=CARTESIAN_POINT('',(-7.5,-8.14555417793225,0.));
#11784=CARTESIAN_POINT('',(-7.5,10.,0.));
#11785=CARTESIAN_POINT('Origin',(-8.75,2.22044604925031E-15,-2.66));
#11786=CARTESIAN_POINT('',(-9.6,-10.,-2.66));
#11787=CARTESIAN_POINT('',(-7.5,-10.,-2.66));
#11788=CARTESIAN_POINT('',(-10.,-9.6,-2.66));
#11789=CARTESIAN_POINT('Origin',(-9.6,-9.6,-2.66));
#11790=CARTESIAN_POINT('',(-10.,-8.14555417793225,-2.66));
#11791=CARTESIAN_POINT('',(-10.,-10.,-2.66));
#11792=CARTESIAN_POINT('',(-9.6,-7.74555417793225,-2.66));
#11793=CARTESIAN_POINT('Origin',(-9.6,-8.14555417793225,-2.66));
#11794=CARTESIAN_POINT('',(-7.9,-7.74555417793225,-2.66));
#11795=CARTESIAN_POINT('',(0.625,-7.74555417793225,-2.66));
#11796=CARTESIAN_POINT('Origin',(-7.9,-8.14555417793225,-2.66));
#11797=CARTESIAN_POINT('',(-8.542,-9.32,-2.66));
#11798=CARTESIAN_POINT('',(-8.542,-8.69,-2.66));
#11799=CARTESIAN_POINT('',(-8.542,-8.69,-2.66));
#11800=CARTESIAN_POINT('',(-9.172,-8.69,-2.66));
#11801=CARTESIAN_POINT('',(-9.172,-8.69,-2.66));
#11802=CARTESIAN_POINT('',(-9.172,-9.32,-2.66));
#11803=CARTESIAN_POINT('',(-9.172,-9.32,-2.66));
#11804=CARTESIAN_POINT('',(-8.542,-9.32,-2.66));
#11805=CARTESIAN_POINT('Origin',(-9.6,-9.6,0.));
#11806=CARTESIAN_POINT('',(-9.6,-10.,0.));
#11807=CARTESIAN_POINT('',(-9.6,-10.,0.));
#11808=CARTESIAN_POINT('',(-10.,-9.6,0.));
#11809=CARTESIAN_POINT('Origin',(-9.6,-9.6,0.));
#11810=CARTESIAN_POINT('',(-10.,-9.6,0.));
#11811=CARTESIAN_POINT('Origin',(-10.,-10.,0.));
#11812=CARTESIAN_POINT('',(-10.,-8.14555417793225,0.));
#11813=CARTESIAN_POINT('',(-10.,-10.,0.));
#11814=CARTESIAN_POINT('',(-10.,-8.14555417793225,0.));
#11815=CARTESIAN_POINT('Origin',(-9.6,-8.14555417793225,0.));
#11816=CARTESIAN_POINT('',(-9.6,-7.74555417793225,0.));
#11817=CARTESIAN_POINT('Origin',(-9.6,-8.14555417793225,0.));
#11818=CARTESIAN_POINT('',(-9.6,-7.74555417793225,0.));
#11819=CARTESIAN_POINT('Origin',(-7.9,-8.14555417793225,0.));
#11820=CARTESIAN_POINT('',(-7.9,-7.74555417793225,0.));
#11821=CARTESIAN_POINT('Origin',(-7.9,-8.14555417793225,0.));
#11822=CARTESIAN_POINT('',(-7.9,-7.74555417793225,0.));
#11823=CARTESIAN_POINT('Origin',(10.,-7.74555417793225,0.));
#11824=CARTESIAN_POINT('',(0.625,-7.74555417793225,0.));
#11825=CARTESIAN_POINT('Origin',(-8.75,2.22044604925031E-15,0.));
#11826=CARTESIAN_POINT('',(-7.5,-10.,0.));
#11827=CARTESIAN_POINT('',(-8.542,-8.69,0.));
#11828=CARTESIAN_POINT('',(-8.542,-9.32,0.));
#11829=CARTESIAN_POINT('',(-8.542,-8.69,0.));
#11830=CARTESIAN_POINT('',(-9.172,-9.32,0.));
#11831=CARTESIAN_POINT('',(-8.542,-9.32,0.));
#11832=CARTESIAN_POINT('',(-9.172,-8.69,0.));
#11833=CARTESIAN_POINT('',(-9.172,-9.32,0.));
#11834=CARTESIAN_POINT('',(-9.172,-8.69,0.));
#11835=CARTESIAN_POINT('Origin',(-9.172,-9.32,0.));
#11836=CARTESIAN_POINT('',(-8.542,-9.32,0.));
#11837=CARTESIAN_POINT('',(-9.172,-9.32,0.));
#11838=CARTESIAN_POINT('Origin',(-9.172,-8.69,0.));
#11839=CARTESIAN_POINT('',(-9.172,-8.69,0.));
#11840=CARTESIAN_POINT('Origin',(-8.542,-8.69,0.));
#11841=CARTESIAN_POINT('',(-8.542,-8.69,0.));
#11842=CARTESIAN_POINT('Origin',(-8.542,-9.32,0.));
#11843=CARTESIAN_POINT('Origin',(-7.5,-10.,0.));
#11844=CARTESIAN_POINT('Origin',(-9.6,-5.58472084459892,0.));
#11845=CARTESIAN_POINT('',(-9.6,-5.18472084459892,-2.66));
#11846=CARTESIAN_POINT('',(-10.,-5.58472084459892,-2.66));
#11847=CARTESIAN_POINT('Origin',(-9.6,-5.58472084459892,-2.66));
#11848=CARTESIAN_POINT('',(-10.,-5.58472084459892,0.));
#11849=CARTESIAN_POINT('',(-10.,-5.58472084459892,0.));
#11850=CARTESIAN_POINT('',(-9.6,-5.18472084459892,0.));
#11851=CARTESIAN_POINT('Origin',(-9.6,-5.58472084459892,0.));
#11852=CARTESIAN_POINT('',(-9.6,-5.18472084459892,0.));
#11853=CARTESIAN_POINT('Origin',(-10.,-10.,0.));
#11854=CARTESIAN_POINT('',(-10.,-7.34555417793225,-2.66));
#11855=CARTESIAN_POINT('',(-10.,-10.,-2.66));
#11856=CARTESIAN_POINT('',(-10.,-7.34555417793225,0.));
#11857=CARTESIAN_POINT('',(-10.,-7.34555417793225,0.));
#11858=CARTESIAN_POINT('',(-10.,-10.,0.));
#11859=CARTESIAN_POINT('Origin',(-8.75,2.22044604925031E-15,-2.66));
#11860=CARTESIAN_POINT('',(-7.9,-5.18472084459892,-2.66));
#11861=CARTESIAN_POINT('',(0.625,-5.18472084459892,-2.66));
#11862=CARTESIAN_POINT('',(-7.5,-5.58472084459892,-2.66));
#11863=CARTESIAN_POINT('Origin',(-7.9,-5.58472084459892,-2.66));
#11864=CARTESIAN_POINT('',(-7.5,-7.34555417793225,-2.66));
#11865=CARTESIAN_POINT('',(-7.5,10.,-2.66));
#11866=CARTESIAN_POINT('',(-7.9,-7.74555417793225,-2.66));
#11867=CARTESIAN_POINT('Origin',(-7.9,-7.34555417793225,-2.66));
#11868=CARTESIAN_POINT('',(-9.6,-7.74555417793225,-2.66));
#11869=CARTESIAN_POINT('',(0.625,-7.74555417793225,-2.66));
#11870=CARTESIAN_POINT('Origin',(-9.6,-7.34555417793225,-2.66));
#11871=CARTESIAN_POINT('',(-8.542,-6.77428571428571,-2.66));
#11872=CARTESIAN_POINT('',(-8.542,-6.14428571428571,-2.66));
#11873=CARTESIAN_POINT('',(-8.542,-6.14428571428571,-2.66));
#11874=CARTESIAN_POINT('',(-9.172,-6.14428571428571,-2.66));
#11875=CARTESIAN_POINT('',(-9.172,-6.14428571428571,-2.66));
#11876=CARTESIAN_POINT('',(-9.172,-6.77428571428571,-2.66));
#11877=CARTESIAN_POINT('',(-9.172,-6.77428571428571,-2.66));
#11878=CARTESIAN_POINT('',(-8.542,-6.77428571428571,-2.66));
#11879=CARTESIAN_POINT('Origin',(-7.9,-5.58472084459892,0.));
#11880=CARTESIAN_POINT('',(-7.9,-5.18472084459892,0.));
#11881=CARTESIAN_POINT('',(-7.5,-5.58472084459892,0.));
#11882=CARTESIAN_POINT('Origin',(-7.9,-5.58472084459892,0.));
#11883=CARTESIAN_POINT('',(-7.5,-5.58472084459892,0.));
#11884=CARTESIAN_POINT('',(-7.9,-5.18472084459892,0.));
#11885=CARTESIAN_POINT('Origin',(-7.5,10.,0.));
#11886=CARTESIAN_POINT('',(-7.5,-7.34555417793225,0.));
#11887=CARTESIAN_POINT('',(-7.5,10.,0.));
#11888=CARTESIAN_POINT('',(-7.5,-7.34555417793225,0.));
#11889=CARTESIAN_POINT('Origin',(-7.9,-7.34555417793225,0.));
#11890=CARTESIAN_POINT('',(-7.9,-7.74555417793225,0.));
#11891=CARTESIAN_POINT('Origin',(-7.9,-7.34555417793225,0.));
#11892=CARTESIAN_POINT('',(-7.9,-7.74555417793225,0.));
#11893=CARTESIAN_POINT('Origin',(-9.6,-7.34555417793225,0.));
#11894=CARTESIAN_POINT('',(-9.6,-7.74555417793225,0.));
#11895=CARTESIAN_POINT('',(-9.6,-7.74555417793225,0.));
#11896=CARTESIAN_POINT('Origin',(-9.6,-7.34555417793225,0.));
#11897=CARTESIAN_POINT('Origin',(-8.75,2.22044604925031E-15,0.));
#11898=CARTESIAN_POINT('',(0.625,-7.74555417793225,0.));
#11899=CARTESIAN_POINT('',(0.625,-5.18472084459892,0.));
#11900=CARTESIAN_POINT('',(-8.542,-6.14428571428571,0.));
#11901=CARTESIAN_POINT('',(-8.542,-6.77428571428571,0.));
#11902=CARTESIAN_POINT('',(-8.542,-6.14428571428571,0.));
#11903=CARTESIAN_POINT('',(-9.172,-6.77428571428571,0.));
#11904=CARTESIAN_POINT('',(-8.542,-6.77428571428571,0.));
#11905=CARTESIAN_POINT('',(-9.172,-6.14428571428571,0.));
#11906=CARTESIAN_POINT('',(-9.172,-6.77428571428571,0.));
#11907=CARTESIAN_POINT('',(-9.172,-6.14428571428571,0.));
#11908=CARTESIAN_POINT('Origin',(10.,-5.18472084459892,0.));
#11909=CARTESIAN_POINT('Origin',(-8.542,-6.77428571428571,0.));
#11910=CARTESIAN_POINT('',(-8.542,-6.14428571428571,0.));
#11911=CARTESIAN_POINT('',(-8.542,-6.77428571428571,0.));
#11912=CARTESIAN_POINT('Origin',(-8.542,-6.14428571428571,0.));
#11913=CARTESIAN_POINT('',(-9.172,-6.14428571428571,0.));
#11914=CARTESIAN_POINT('Origin',(-9.172,-6.14428571428571,0.));
#11915=CARTESIAN_POINT('',(-9.172,-6.77428571428571,0.));
#11916=CARTESIAN_POINT('Origin',(-9.172,-6.77428571428571,0.));
#11917=CARTESIAN_POINT('Origin',(10.,-7.74555417793225,0.));
#11918=CARTESIAN_POINT('Origin',(9.6,5.45861248873442,0.));
#11919=CARTESIAN_POINT('',(10.,5.45861248873442,0.));
#11920=CARTESIAN_POINT('',(9.6,5.05861248873442,0.));
#11921=CARTESIAN_POINT('Origin',(9.6,5.45861248873442,0.));
#11922=CARTESIAN_POINT('',(9.6,5.05861248873442,-2.66));
#11923=CARTESIAN_POINT('',(9.6,5.05861248873442,0.));
#11924=CARTESIAN_POINT('',(10.,5.45861248873442,-2.66));
#11925=CARTESIAN_POINT('Origin',(9.6,5.45861248873442,-2.66));
#11926=CARTESIAN_POINT('',(10.,5.45861248873442,0.));
#11927=CARTESIAN_POINT('Origin',(10.,5.05861248873442,0.));
#11928=CARTESIAN_POINT('',(7.9,5.05861248873442,0.));
#11929=CARTESIAN_POINT('',(9.375,5.05861248873442,0.));
#11930=CARTESIAN_POINT('',(7.9,5.05861248873442,-2.66));
#11931=CARTESIAN_POINT('',(7.9,5.05861248873442,0.));
#11932=CARTESIAN_POINT('',(9.375,5.05861248873442,-2.66));
#11933=CARTESIAN_POINT('Origin',(8.75,4.44089209850063E-15,0.));
#11934=CARTESIAN_POINT('',(10.,7.21944582206775,0.));
#11935=CARTESIAN_POINT('',(10.,-10.,0.));
#11936=CARTESIAN_POINT('',(9.6,7.61944582206775,0.));
#11937=CARTESIAN_POINT('Origin',(9.6,7.21944582206775,0.));
#11938=CARTESIAN_POINT('',(7.9,7.61944582206775,0.));
#11939=CARTESIAN_POINT('',(9.375,7.61944582206775,0.));
#11940=CARTESIAN_POINT('',(7.5,7.21944582206775,0.));
#11941=CARTESIAN_POINT('Origin',(7.9,7.21944582206775,0.));
#11942=CARTESIAN_POINT('',(7.5,5.45861248873442,0.));
#11943=CARTESIAN_POINT('',(7.5,10.,0.));
#11944=CARTESIAN_POINT('Origin',(7.9,5.45861248873442,0.));
#11945=CARTESIAN_POINT('',(9.13,6.58428571428572,0.));
#11946=CARTESIAN_POINT('',(9.13,5.95428571428572,0.));
#11947=CARTESIAN_POINT('',(9.13,6.58428571428572,0.));
#11948=CARTESIAN_POINT('',(8.5,5.95428571428572,0.));
#11949=CARTESIAN_POINT('',(9.13,5.95428571428572,0.));
#11950=CARTESIAN_POINT('',(8.5,6.58428571428572,0.));
#11951=CARTESIAN_POINT('',(8.5,5.95428571428572,0.));
#11952=CARTESIAN_POINT('',(8.5,6.58428571428572,0.));
#11953=CARTESIAN_POINT('Origin',(7.9,5.45861248873442,0.));
#11954=CARTESIAN_POINT('',(7.5,5.45861248873442,-2.66));
#11955=CARTESIAN_POINT('Origin',(7.9,5.45861248873442,-2.66));
#11956=CARTESIAN_POINT('',(7.5,5.45861248873442,0.));
#11957=CARTESIAN_POINT('Origin',(7.5,-10.,0.));
#11958=CARTESIAN_POINT('',(7.5,7.21944582206775,-2.66));
#11959=CARTESIAN_POINT('',(7.5,7.21944582206775,0.));
#11960=CARTESIAN_POINT('',(7.5,10.,-2.66));
#11961=CARTESIAN_POINT('Origin',(7.9,7.21944582206775,0.));
#11962=CARTESIAN_POINT('',(7.9,7.61944582206775,-2.66));
#11963=CARTESIAN_POINT('Origin',(7.9,7.21944582206775,-2.66));
#11964=CARTESIAN_POINT('',(7.9,7.61944582206775,0.));
#11965=CARTESIAN_POINT('Origin',(10.,7.61944582206775,0.));
#11966=CARTESIAN_POINT('',(9.6,7.61944582206775,-2.66));
#11967=CARTESIAN_POINT('',(9.6,7.61944582206775,0.));
#11968=CARTESIAN_POINT('',(9.375,7.61944582206775,-2.66));
#11969=CARTESIAN_POINT('Origin',(9.6,7.21944582206775,0.));
#11970=CARTESIAN_POINT('',(10.,7.21944582206775,-2.66));
#11971=CARTESIAN_POINT('',(10.,7.21944582206775,0.));
#11972=CARTESIAN_POINT('Origin',(9.6,7.21944582206775,-2.66));
#11973=CARTESIAN_POINT('Origin',(10.,10.,0.));
#11974=CARTESIAN_POINT('',(10.,-10.,-2.66));
#11975=CARTESIAN_POINT('Origin',(8.5,5.95428571428572,0.));
#11976=CARTESIAN_POINT('',(9.13,5.95428571428572,-2.66));
#11977=CARTESIAN_POINT('',(9.13,5.95428571428572,0.));
#11978=CARTESIAN_POINT('',(8.5,5.95428571428572,-2.66));
#11979=CARTESIAN_POINT('',(9.13,5.95428571428572,-2.66));
#11980=CARTESIAN_POINT('',(8.5,5.95428571428572,0.));
#11981=CARTESIAN_POINT('Origin',(8.5,6.58428571428572,0.));
#11982=CARTESIAN_POINT('',(8.5,6.58428571428572,-2.66));
#11983=CARTESIAN_POINT('',(8.5,5.95428571428572,-2.66));
#11984=CARTESIAN_POINT('',(8.5,6.58428571428572,0.));
#11985=CARTESIAN_POINT('Origin',(9.13,6.58428571428572,0.));
#11986=CARTESIAN_POINT('',(9.13,6.58428571428572,-2.66));
#11987=CARTESIAN_POINT('',(8.5,6.58428571428572,-2.66));
#11988=CARTESIAN_POINT('',(9.13,6.58428571428572,0.));
#11989=CARTESIAN_POINT('Origin',(9.13,5.95428571428572,0.));
#11990=CARTESIAN_POINT('',(9.13,6.58428571428572,-2.66));
#11991=CARTESIAN_POINT('Origin',(8.75,4.44089209850063E-15,-2.66));
#11992=CARTESIAN_POINT('Origin',(9.6,0.336945822067752,0.));
#11993=CARTESIAN_POINT('',(10.,0.336945822067751,0.));
#11994=CARTESIAN_POINT('',(9.6,-0.063054177932248,0.));
#11995=CARTESIAN_POINT('Origin',(9.6,0.336945822067752,0.));
#11996=CARTESIAN_POINT('',(9.6,-0.063054177932248,-2.66));
#11997=CARTESIAN_POINT('',(9.6,-0.063054177932248,0.));
#11998=CARTESIAN_POINT('',(10.,0.336945822067751,-2.66));
#11999=CARTESIAN_POINT('Origin',(9.6,0.336945822067752,-2.66));
#12000=CARTESIAN_POINT('',(10.,0.336945822067752,0.));
#12001=CARTESIAN_POINT('Origin',(10.,10.,0.));
#12002=CARTESIAN_POINT('',(10.,2.09777915540108,-2.66));
#12003=CARTESIAN_POINT('',(10.,-10.,-2.66));
#12004=CARTESIAN_POINT('',(10.,2.09777915540108,0.));
#12005=CARTESIAN_POINT('',(10.,2.09777915540109,0.));
#12006=CARTESIAN_POINT('',(10.,-10.,0.));
#12007=CARTESIAN_POINT('Origin',(8.75,4.44089209850063E-15,-2.66));
#12008=CARTESIAN_POINT('',(7.9,-0.063054177932248,-2.66));
#12009=CARTESIAN_POINT('',(9.375,-0.063054177932248,-2.66));
#12010=CARTESIAN_POINT('',(7.5,0.336945822067751,-2.66));
#12011=CARTESIAN_POINT('Origin',(7.9,0.336945822067752,-2.66));
#12012=CARTESIAN_POINT('',(7.5,2.09777915540109,-2.66));
#12013=CARTESIAN_POINT('',(7.5,10.,-2.66));
#12014=CARTESIAN_POINT('',(7.9,2.49777915540109,-2.66));
#12015=CARTESIAN_POINT('Origin',(7.9,2.09777915540109,-2.66));
#12016=CARTESIAN_POINT('',(9.6,2.49777915540109,-2.66));
#12017=CARTESIAN_POINT('',(9.375,2.49777915540109,-2.66));
#12018=CARTESIAN_POINT('Origin',(9.6,2.09777915540109,-2.66));
#12019=CARTESIAN_POINT('',(9.13,0.862857142857145,-2.66));
#12020=CARTESIAN_POINT('',(9.13,1.49285714285714,-2.66));
#12021=CARTESIAN_POINT('',(9.13,1.49285714285714,-2.66));
#12022=CARTESIAN_POINT('',(8.5,1.49285714285714,-2.66));
#12023=CARTESIAN_POINT('',(8.5,1.49285714285714,-2.66));
#12024=CARTESIAN_POINT('',(8.5,0.862857142857145,-2.66));
#12025=CARTESIAN_POINT('',(8.5,0.862857142857145,-2.66));
#12026=CARTESIAN_POINT('',(9.13,0.862857142857145,-2.66));
#12027=CARTESIAN_POINT('Origin',(7.9,0.336945822067752,0.));
#12028=CARTESIAN_POINT('',(7.9,-0.063054177932248,0.));
#12029=CARTESIAN_POINT('',(7.9,-0.063054177932248,0.));
#12030=CARTESIAN_POINT('',(7.5,0.336945822067751,0.));
#12031=CARTESIAN_POINT('Origin',(7.9,0.336945822067752,0.));
#12032=CARTESIAN_POINT('',(7.5,0.336945822067752,0.));
#12033=CARTESIAN_POINT('Origin',(7.5,-10.,0.));
#12034=CARTESIAN_POINT('',(7.5,2.09777915540109,0.));
#12035=CARTESIAN_POINT('',(7.5,10.,0.));
#12036=CARTESIAN_POINT('',(7.5,2.09777915540109,0.));
#12037=CARTESIAN_POINT('Origin',(8.75,4.44089209850063E-15,0.));
#12038=CARTESIAN_POINT('',(9.6,2.49777915540109,0.));
#12039=CARTESIAN_POINT('Origin',(9.6,2.09777915540109,0.));
#12040=CARTESIAN_POINT('',(7.9,2.49777915540109,0.));
#12041=CARTESIAN_POINT('',(9.375,2.49777915540109,0.));
#12042=CARTESIAN_POINT('Origin',(7.9,2.09777915540109,0.));
#12043=CARTESIAN_POINT('',(9.375,-0.063054177932248,0.));
#12044=CARTESIAN_POINT('',(9.13,1.49285714285714,0.));
#12045=CARTESIAN_POINT('',(9.13,0.862857142857145,0.));
#12046=CARTESIAN_POINT('',(9.13,1.49285714285714,0.));
#12047=CARTESIAN_POINT('',(8.5,0.862857142857145,0.));
#12048=CARTESIAN_POINT('',(9.13,0.862857142857145,0.));
#12049=CARTESIAN_POINT('',(8.5,1.49285714285714,0.));
#12050=CARTESIAN_POINT('',(8.5,0.862857142857145,0.));
#12051=CARTESIAN_POINT('',(8.5,1.49285714285714,0.));
#12052=CARTESIAN_POINT('Origin',(7.9,2.09777915540109,0.));
#12053=CARTESIAN_POINT('',(7.9,2.49777915540109,0.));
#12054=CARTESIAN_POINT('Origin',(10.,2.49777915540109,0.));
#12055=CARTESIAN_POINT('',(9.6,2.49777915540109,0.));
#12056=CARTESIAN_POINT('Origin',(9.6,2.09777915540109,0.));
#12057=CARTESIAN_POINT('Origin',(8.5,0.862857142857145,0.));
#12058=CARTESIAN_POINT('',(9.13,0.862857142857145,0.));
#12059=CARTESIAN_POINT('',(8.5,0.862857142857145,0.));
#12060=CARTESIAN_POINT('Origin',(8.5,1.49285714285714,0.));
#12061=CARTESIAN_POINT('',(8.5,1.49285714285714,0.));
#12062=CARTESIAN_POINT('Origin',(9.13,1.49285714285714,0.));
#12063=CARTESIAN_POINT('',(9.13,1.49285714285714,0.));
#12064=CARTESIAN_POINT('Origin',(9.13,0.862857142857145,0.));
#12065=CARTESIAN_POINT('Origin',(10.,-0.063054177932248,0.));
#12066=CARTESIAN_POINT('Origin',(9.6,2.89777915540109,0.));
#12067=CARTESIAN_POINT('',(10.,2.89777915540109,0.));
#12068=CARTESIAN_POINT('',(9.6,2.49777915540109,0.));
#12069=CARTESIAN_POINT('Origin',(9.6,2.89777915540109,0.));
#12070=CARTESIAN_POINT('',(9.6,2.49777915540109,-2.66));
#12071=CARTESIAN_POINT('',(9.6,2.49777915540109,0.));
#12072=CARTESIAN_POINT('',(10.,2.89777915540109,-2.66));
#12073=CARTESIAN_POINT('Origin',(9.6,2.89777915540109,-2.66));
#12074=CARTESIAN_POINT('',(10.,2.89777915540109,0.));
#12075=CARTESIAN_POINT('Origin',(10.,10.,0.));
#12076=CARTESIAN_POINT('',(10.,4.65861248873442,-2.66));
#12077=CARTESIAN_POINT('',(10.,-10.,-2.66));
#12078=CARTESIAN_POINT('',(10.,4.65861248873442,0.));
#12079=CARTESIAN_POINT('',(10.,4.65861248873442,0.));
#12080=CARTESIAN_POINT('',(10.,-10.,0.));
#12081=CARTESIAN_POINT('Origin',(8.75,4.44089209850063E-15,-2.66));
#12082=CARTESIAN_POINT('',(7.9,2.49777915540109,-2.66));
#12083=CARTESIAN_POINT('',(9.375,2.49777915540109,-2.66));
#12084=CARTESIAN_POINT('',(7.5,2.89777915540109,-2.66));
#12085=CARTESIAN_POINT('Origin',(7.9,2.89777915540109,-2.66));
#12086=CARTESIAN_POINT('',(7.5,4.65861248873442,-2.66));
#12087=CARTESIAN_POINT('',(7.5,10.,-2.66));
#12088=CARTESIAN_POINT('',(7.9,5.05861248873442,-2.66));
#12089=CARTESIAN_POINT('Origin',(7.9,4.65861248873442,-2.66));
#12090=CARTESIAN_POINT('',(9.6,5.05861248873442,-2.66));
#12091=CARTESIAN_POINT('',(9.375,5.05861248873442,-2.66));
#12092=CARTESIAN_POINT('Origin',(9.6,4.65861248873442,-2.66));
#12093=CARTESIAN_POINT('',(9.13,3.40857142857143,-2.66));
#12094=CARTESIAN_POINT('',(9.13,4.03857142857143,-2.66));
#12095=CARTESIAN_POINT('',(9.13,4.03857142857143,-2.66));
#12096=CARTESIAN_POINT('',(8.5,4.03857142857143,-2.66));
#12097=CARTESIAN_POINT('',(8.5,4.03857142857143,-2.66));
#12098=CARTESIAN_POINT('',(8.5,3.40857142857143,-2.66));
#12099=CARTESIAN_POINT('',(8.5,3.40857142857143,-2.66));
#12100=CARTESIAN_POINT('',(9.13,3.40857142857143,-2.66));
#12101=CARTESIAN_POINT('Origin',(7.9,2.89777915540109,0.));
#12102=CARTESIAN_POINT('',(7.9,2.49777915540109,0.));
#12103=CARTESIAN_POINT('',(7.9,2.49777915540109,0.));
#12104=CARTESIAN_POINT('',(7.5,2.89777915540109,0.));
#12105=CARTESIAN_POINT('Origin',(7.9,2.89777915540109,0.));
#12106=CARTESIAN_POINT('',(7.5,2.89777915540109,0.));
#12107=CARTESIAN_POINT('Origin',(7.5,-10.,0.));
#12108=CARTESIAN_POINT('',(7.5,4.65861248873442,0.));
#12109=CARTESIAN_POINT('',(7.5,10.,0.));
#12110=CARTESIAN_POINT('',(7.5,4.65861248873442,0.));
#12111=CARTESIAN_POINT('Origin',(8.75,4.44089209850063E-15,0.));
#12112=CARTESIAN_POINT('',(9.6,5.05861248873442,0.));
#12113=CARTESIAN_POINT('Origin',(9.6,4.65861248873442,0.));
#12114=CARTESIAN_POINT('',(7.9,5.05861248873442,0.));
#12115=CARTESIAN_POINT('',(9.375,5.05861248873442,0.));
#12116=CARTESIAN_POINT('Origin',(7.9,4.65861248873442,0.));
#12117=CARTESIAN_POINT('',(9.375,2.49777915540109,0.));
#12118=CARTESIAN_POINT('',(9.13,4.03857142857143,0.));
#12119=CARTESIAN_POINT('',(9.13,3.40857142857143,0.));
#12120=CARTESIAN_POINT('',(9.13,4.03857142857143,0.));
#12121=CARTESIAN_POINT('',(8.5,3.40857142857143,0.));
#12122=CARTESIAN_POINT('',(9.13,3.40857142857143,0.));
#12123=CARTESIAN_POINT('',(8.5,4.03857142857143,0.));
#12124=CARTESIAN_POINT('',(8.5,3.40857142857143,0.));
#12125=CARTESIAN_POINT('',(8.5,4.03857142857143,0.));
#12126=CARTESIAN_POINT('Origin',(7.9,4.65861248873442,0.));
#12127=CARTESIAN_POINT('',(7.9,5.05861248873442,0.));
#12128=CARTESIAN_POINT('Origin',(10.,5.05861248873442,0.));
#12129=CARTESIAN_POINT('',(9.6,5.05861248873442,0.));
#12130=CARTESIAN_POINT('Origin',(9.6,4.65861248873442,0.));
#12131=CARTESIAN_POINT('Origin',(9.13,3.40857142857143,0.));
#12132=CARTESIAN_POINT('',(9.13,4.03857142857143,0.));
#12133=CARTESIAN_POINT('',(9.13,3.40857142857143,0.));
#12134=CARTESIAN_POINT('Origin',(9.13,4.03857142857143,0.));
#12135=CARTESIAN_POINT('',(8.5,4.03857142857143,0.));
#12136=CARTESIAN_POINT('Origin',(8.5,4.03857142857143,0.));
#12137=CARTESIAN_POINT('',(8.5,3.40857142857143,0.));
#12138=CARTESIAN_POINT('Origin',(8.5,3.40857142857143,0.));
#12139=CARTESIAN_POINT('Origin',(10.,2.49777915540109,0.));
#12140=CARTESIAN_POINT('Origin',(7.9,-4.78472084459892,0.));
#12141=CARTESIAN_POINT('',(7.5,-4.78472084459892,-2.66));
#12142=CARTESIAN_POINT('',(7.9,-5.18472084459892,-2.66));
#12143=CARTESIAN_POINT('Origin',(7.9,-4.78472084459892,-2.66));
#12144=CARTESIAN_POINT('',(7.9,-5.18472084459892,0.));
#12145=CARTESIAN_POINT('',(7.9,-5.18472084459892,0.));
#12146=CARTESIAN_POINT('',(7.5,-4.78472084459892,0.));
#12147=CARTESIAN_POINT('Origin',(7.9,-4.78472084459892,0.));
#12148=CARTESIAN_POINT('',(7.5,-4.78472084459892,0.));
#12149=CARTESIAN_POINT('Origin',(10.,-5.18472084459892,0.));
#12150=CARTESIAN_POINT('',(9.6,-5.18472084459892,-2.66));
#12151=CARTESIAN_POINT('',(9.375,-5.18472084459892,-2.66));
#12152=CARTESIAN_POINT('',(9.6,-5.18472084459892,0.));
#12153=CARTESIAN_POINT('',(9.6,-5.18472084459892,0.));
#12154=CARTESIAN_POINT('',(9.375,-5.18472084459892,0.));
#12155=CARTESIAN_POINT('Origin',(8.75,4.44089209850063E-15,-2.66));
#12156=CARTESIAN_POINT('',(7.5,-3.02388751126558,-2.66));
#12157=CARTESIAN_POINT('',(7.5,10.,-2.66));
#12158=CARTESIAN_POINT('',(7.9,-2.62388751126558,-2.66));
#12159=CARTESIAN_POINT('Origin',(7.9,-3.02388751126558,-2.66));
#12160=CARTESIAN_POINT('',(9.6,-2.62388751126558,-2.66));
#12161=CARTESIAN_POINT('',(9.375,-2.62388751126558,-2.66));
#12162=CARTESIAN_POINT('',(10.,-3.02388751126558,-2.66));
#12163=CARTESIAN_POINT('Origin',(9.6,-3.02388751126558,-2.66));
#12164=CARTESIAN_POINT('',(10.,-4.78472084459892,-2.66));
#12165=CARTESIAN_POINT('',(10.,-10.,-2.66));
#12166=CARTESIAN_POINT('Origin',(9.6,-4.78472084459892,-2.66));
#12167=CARTESIAN_POINT('',(9.13,-4.22857142857142,-2.66));
#12168=CARTESIAN_POINT('',(9.13,-3.59857142857143,-2.66));
#12169=CARTESIAN_POINT('',(9.13,-3.59857142857143,-2.66));
#12170=CARTESIAN_POINT('',(8.5,-3.59857142857143,-2.66));
#12171=CARTESIAN_POINT('',(8.5,-3.59857142857143,-2.66));
#12172=CARTESIAN_POINT('',(8.5,-4.22857142857142,-2.66));
#12173=CARTESIAN_POINT('',(8.5,-4.22857142857143,-2.66));
#12174=CARTESIAN_POINT('',(9.13,-4.22857142857143,-2.66));
#12175=CARTESIAN_POINT('Origin',(7.9,-3.02388751126558,0.));
#12176=CARTESIAN_POINT('',(7.5,-3.02388751126558,0.));
#12177=CARTESIAN_POINT('',(7.5,-3.02388751126558,0.));
#12178=CARTESIAN_POINT('',(7.9,-2.62388751126558,0.));
#12179=CARTESIAN_POINT('Origin',(7.9,-3.02388751126558,0.));
#12180=CARTESIAN_POINT('',(7.9,-2.62388751126558,0.));
#12181=CARTESIAN_POINT('Origin',(10.,-2.62388751126558,0.));
#12182=CARTESIAN_POINT('',(9.6,-2.62388751126558,0.));
#12183=CARTESIAN_POINT('',(9.375,-2.62388751126558,0.));
#12184=CARTESIAN_POINT('',(9.6,-2.62388751126558,0.));
#12185=CARTESIAN_POINT('Origin',(8.75,4.44089209850063E-15,0.));
#12186=CARTESIAN_POINT('',(10.,-4.78472084459892,0.));
#12187=CARTESIAN_POINT('Origin',(9.6,-4.78472084459892,0.));
#12188=CARTESIAN_POINT('',(10.,-3.02388751126558,0.));
#12189=CARTESIAN_POINT('',(10.,-10.,0.));
#12190=CARTESIAN_POINT('Origin',(9.6,-3.02388751126558,0.));
#12191=CARTESIAN_POINT('',(7.5,10.,0.));
#12192=CARTESIAN_POINT('',(9.13,-3.59857142857143,0.));
#12193=CARTESIAN_POINT('',(9.13,-4.22857142857143,0.));
#12194=CARTESIAN_POINT('',(9.13,-3.59857142857143,0.));
#12195=CARTESIAN_POINT('',(8.5,-4.22857142857143,0.));
#12196=CARTESIAN_POINT('',(9.13,-4.22857142857143,0.));
#12197=CARTESIAN_POINT('',(8.5,-3.59857142857143,0.));
#12198=CARTESIAN_POINT('',(8.5,-4.22857142857143,0.));
#12199=CARTESIAN_POINT('',(8.5,-3.59857142857143,0.));
#12200=CARTESIAN_POINT('Origin',(9.6,-3.02388751126558,0.));
#12201=CARTESIAN_POINT('',(10.,-3.02388751126558,0.));
#12202=CARTESIAN_POINT('Origin',(10.,10.,0.));
#12203=CARTESIAN_POINT('',(10.,-4.78472084459892,0.));
#12204=CARTESIAN_POINT('Origin',(9.6,-4.78472084459892,0.));
#12205=CARTESIAN_POINT('Origin',(7.5,-10.,0.));
#12206=CARTESIAN_POINT('Origin',(8.5,-4.22857142857143,0.));
#12207=CARTESIAN_POINT('',(9.13,-4.22857142857143,0.));
#12208=CARTESIAN_POINT('',(8.5,-4.22857142857143,0.));
#12209=CARTESIAN_POINT('Origin',(8.5,-3.59857142857143,0.));
#12210=CARTESIAN_POINT('',(8.5,-3.59857142857143,0.));
#12211=CARTESIAN_POINT('Origin',(9.13,-3.59857142857143,0.));
#12212=CARTESIAN_POINT('',(9.13,-3.59857142857143,0.));
#12213=CARTESIAN_POINT('Origin',(9.13,-4.22857142857143,0.));
#12214=CARTESIAN_POINT('Origin',(9.6,-2.22388751126558,0.));
#12215=CARTESIAN_POINT('',(10.,-2.22388751126558,0.));
#12216=CARTESIAN_POINT('',(9.6,-2.62388751126558,0.));
#12217=CARTESIAN_POINT('Origin',(9.6,-2.22388751126558,0.));
#12218=CARTESIAN_POINT('',(9.6,-2.62388751126558,-2.66));
#12219=CARTESIAN_POINT('',(9.6,-2.62388751126558,0.));
#12220=CARTESIAN_POINT('',(10.,-2.22388751126558,-2.66));
#12221=CARTESIAN_POINT('Origin',(9.6,-2.22388751126558,-2.66));
#12222=CARTESIAN_POINT('',(10.,-2.22388751126558,0.));
#12223=CARTESIAN_POINT('Origin',(8.75,4.44089209850063E-15,-2.66));
#12224=CARTESIAN_POINT('',(7.9,-2.62388751126558,-2.66));
#12225=CARTESIAN_POINT('',(9.375,-2.62388751126558,-2.66));
#12226=CARTESIAN_POINT('',(7.5,-2.22388751126558,-2.66));
#12227=CARTESIAN_POINT('Origin',(7.9,-2.22388751126558,-2.66));
#12228=CARTESIAN_POINT('',(7.5,-0.463054177932247,-2.66));
#12229=CARTESIAN_POINT('',(7.5,10.,-2.66));
#12230=CARTESIAN_POINT('',(7.9,-0.063054177932248,-2.66));
#12231=CARTESIAN_POINT('Origin',(7.9,-0.463054177932248,-2.66));
#12232=CARTESIAN_POINT('',(9.6,-0.063054177932248,-2.66));
#12233=CARTESIAN_POINT('',(9.375,-0.063054177932248,-2.66));
#12234=CARTESIAN_POINT('',(10.,-0.463054177932247,-2.66));
#12235=CARTESIAN_POINT('Origin',(9.6,-0.463054177932248,-2.66));
#12236=CARTESIAN_POINT('',(10.,-10.,-2.66));
#12237=CARTESIAN_POINT('',(9.13,-1.68285714285714,-2.66));
#12238=CARTESIAN_POINT('',(9.13,-1.05285714285714,-2.66));
#12239=CARTESIAN_POINT('',(9.13,-1.05285714285714,-2.66));
#12240=CARTESIAN_POINT('',(8.5,-1.05285714285714,-2.66));
#12241=CARTESIAN_POINT('',(8.5,-1.05285714285714,-2.66));
#12242=CARTESIAN_POINT('',(8.5,-1.68285714285714,-2.66));
#12243=CARTESIAN_POINT('',(8.5,-1.68285714285714,-2.66));
#12244=CARTESIAN_POINT('',(9.13,-1.68285714285714,-2.66));
#12245=CARTESIAN_POINT('Origin',(10.,-2.62388751126558,0.));
#12246=CARTESIAN_POINT('',(7.9,-2.62388751126558,0.));
#12247=CARTESIAN_POINT('',(9.375,-2.62388751126558,0.));
#12248=CARTESIAN_POINT('',(7.9,-2.62388751126558,0.));
#12249=CARTESIAN_POINT('Origin',(7.9,-2.22388751126558,0.));
#12250=CARTESIAN_POINT('',(7.5,-2.22388751126558,0.));
#12251=CARTESIAN_POINT('Origin',(7.9,-2.22388751126558,0.));
#12252=CARTESIAN_POINT('',(7.5,-2.22388751126558,0.));
#12253=CARTESIAN_POINT('Origin',(7.9,-0.463054177932248,0.));
#12254=CARTESIAN_POINT('',(7.5,-0.463054177932247,0.));
#12255=CARTESIAN_POINT('',(7.5,-0.463054177932248,0.));
#12256=CARTESIAN_POINT('',(7.9,-0.063054177932248,0.));
#12257=CARTESIAN_POINT('Origin',(7.9,-0.463054177932248,0.));
#12258=CARTESIAN_POINT('',(7.9,-0.063054177932248,0.));
#12259=CARTESIAN_POINT('Origin',(10.,-0.063054177932248,0.));
#12260=CARTESIAN_POINT('',(9.6,-0.063054177932248,0.));
#12261=CARTESIAN_POINT('',(9.375,-0.063054177932248,0.));
#12262=CARTESIAN_POINT('',(9.6,-0.063054177932248,0.));
#12263=CARTESIAN_POINT('Origin',(8.75,4.44089209850063E-15,0.));
#12264=CARTESIAN_POINT('',(10.,-0.463054177932247,0.));
#12265=CARTESIAN_POINT('',(10.,-10.,0.));
#12266=CARTESIAN_POINT('Origin',(9.6,-0.463054177932248,0.));
#12267=CARTESIAN_POINT('',(7.5,10.,0.));
#12268=CARTESIAN_POINT('',(9.13,-1.05285714285714,0.));
#12269=CARTESIAN_POINT('',(9.13,-1.68285714285714,0.));
#12270=CARTESIAN_POINT('',(9.13,-1.05285714285714,0.));
#12271=CARTESIAN_POINT('',(8.5,-1.68285714285714,0.));
#12272=CARTESIAN_POINT('',(9.13,-1.68285714285714,0.));
#12273=CARTESIAN_POINT('',(8.5,-1.05285714285714,0.));
#12274=CARTESIAN_POINT('',(8.5,-1.68285714285714,0.));
#12275=CARTESIAN_POINT('',(8.5,-1.05285714285714,0.));
#12276=CARTESIAN_POINT('Origin',(9.6,-0.463054177932248,0.));
#12277=CARTESIAN_POINT('',(10.,-0.463054177932248,0.));
#12278=CARTESIAN_POINT('Origin',(10.,10.,0.));
#12279=CARTESIAN_POINT('Origin',(9.13,-1.68285714285714,0.));
#12280=CARTESIAN_POINT('',(9.13,-1.05285714285714,0.));
#12281=CARTESIAN_POINT('',(9.13,-1.68285714285714,0.));
#12282=CARTESIAN_POINT('Origin',(9.13,-1.05285714285714,0.));
#12283=CARTESIAN_POINT('',(8.5,-1.05285714285714,0.));
#12284=CARTESIAN_POINT('Origin',(8.5,-1.05285714285714,0.));
#12285=CARTESIAN_POINT('',(8.5,-1.68285714285714,0.));
#12286=CARTESIAN_POINT('Origin',(8.5,-1.68285714285714,0.));
#12287=CARTESIAN_POINT('Origin',(7.5,-10.,0.));
#12288=CARTESIAN_POINT('Origin',(7.9,-9.6,0.));
#12289=CARTESIAN_POINT('',(7.5,-9.6,-2.66));
#12290=CARTESIAN_POINT('',(7.9,-10.,-2.66));
#12291=CARTESIAN_POINT('Origin',(7.9,-9.6,-2.66));
#12292=CARTESIAN_POINT('',(7.9,-10.,0.));
#12293=CARTESIAN_POINT('',(7.9,-10.,0.));
#12294=CARTESIAN_POINT('',(7.5,-9.6,0.));
#12295=CARTESIAN_POINT('Origin',(7.9,-9.6,0.));
#12296=CARTESIAN_POINT('',(7.5,-9.6,0.));
#12297=CARTESIAN_POINT('Origin',(7.5,-10.,0.));
#12298=CARTESIAN_POINT('',(7.5,-8.14555417793225,0.));
#12299=CARTESIAN_POINT('',(7.5,10.,0.));
#12300=CARTESIAN_POINT('',(7.5,-8.14555417793225,-2.66));
#12301=CARTESIAN_POINT('',(7.5,-8.14555417793225,0.));
#12302=CARTESIAN_POINT('',(7.5,10.,-2.66));
#12303=CARTESIAN_POINT('Origin',(8.75,4.44089209850063E-15,0.));
#12304=CARTESIAN_POINT('',(9.6,-10.,0.));
#12305=CARTESIAN_POINT('',(7.5,-10.,0.));
#12306=CARTESIAN_POINT('',(10.,-9.6,0.));
#12307=CARTESIAN_POINT('Origin',(9.6,-9.6,0.));
#12308=CARTESIAN_POINT('',(10.,-8.14555417793225,0.));
#12309=CARTESIAN_POINT('',(10.,-10.,0.));
#12310=CARTESIAN_POINT('',(9.6,-7.74555417793225,0.));
#12311=CARTESIAN_POINT('Origin',(9.6,-8.14555417793225,0.));
#12312=CARTESIAN_POINT('',(7.9,-7.74555417793225,0.));
#12313=CARTESIAN_POINT('',(9.375,-7.74555417793225,0.));
#12314=CARTESIAN_POINT('Origin',(7.9,-8.14555417793225,0.));
#12315=CARTESIAN_POINT('',(9.13,-8.69,0.));
#12316=CARTESIAN_POINT('',(9.13,-9.32,0.));
#12317=CARTESIAN_POINT('',(9.13,-8.69,0.));
#12318=CARTESIAN_POINT('',(8.5,-9.32,0.));
#12319=CARTESIAN_POINT('',(9.13,-9.32,0.));
#12320=CARTESIAN_POINT('',(8.5,-8.69,0.));
#12321=CARTESIAN_POINT('',(8.5,-9.32,0.));
#12322=CARTESIAN_POINT('',(8.5,-8.69,0.));
#12323=CARTESIAN_POINT('Origin',(9.6,-8.14555417793225,0.));
#12324=CARTESIAN_POINT('',(10.,-8.14555417793225,-2.66));
#12325=CARTESIAN_POINT('',(10.,-8.14555417793225,0.));
#12326=CARTESIAN_POINT('',(9.6,-7.74555417793225,-2.66));
#12327=CARTESIAN_POINT('Origin',(9.6,-8.14555417793225,-2.66));
#12328=CARTESIAN_POINT('',(9.6,-7.74555417793225,0.));
#12329=CARTESIAN_POINT('Origin',(8.75,4.44089209850063E-15,-2.66));
#12330=CARTESIAN_POINT('',(7.9,-7.74555417793225,-2.66));
#12331=CARTESIAN_POINT('Origin',(7.9,-8.14555417793225,-2.66));
#12332=CARTESIAN_POINT('',(9.375,-7.74555417793225,-2.66));
#12333=CARTESIAN_POINT('',(10.,-9.6,-2.66));
#12334=CARTESIAN_POINT('',(10.,-10.,-2.66));
#12335=CARTESIAN_POINT('',(9.6,-10.,-2.66));
#12336=CARTESIAN_POINT('Origin',(9.6,-9.6,-2.66));
#12337=CARTESIAN_POINT('',(7.5,-10.,-2.66));
#12338=CARTESIAN_POINT('',(9.13,-9.32,-2.66));
#12339=CARTESIAN_POINT('',(9.13,-8.69,-2.66));
#12340=CARTESIAN_POINT('',(9.13,-8.69,-2.66));
#12341=CARTESIAN_POINT('',(8.5,-8.69,-2.66));
#12342=CARTESIAN_POINT('',(8.5,-8.69,-2.66));
#12343=CARTESIAN_POINT('',(8.5,-9.32,-2.66));
#12344=CARTESIAN_POINT('',(8.5,-9.32,-2.66));
#12345=CARTESIAN_POINT('',(9.13,-9.32,-2.66));
#12346=CARTESIAN_POINT('Origin',(10.,10.,0.));
#12347=CARTESIAN_POINT('',(10.,-9.6,0.));
#12348=CARTESIAN_POINT('Origin',(9.6,-9.6,0.));
#12349=CARTESIAN_POINT('',(9.6,-10.,0.));
#12350=CARTESIAN_POINT('Origin',(7.9,-8.14555417793225,0.));
#12351=CARTESIAN_POINT('',(7.9,-7.74555417793225,0.));
#12352=CARTESIAN_POINT('Origin',(10.,-7.74555417793225,0.));
#12353=CARTESIAN_POINT('Origin',(8.5,-9.32,0.));
#12354=CARTESIAN_POINT('',(9.13,-9.32,0.));
#12355=CARTESIAN_POINT('',(8.5,-9.32,0.));
#12356=CARTESIAN_POINT('Origin',(8.5,-8.69,0.));
#12357=CARTESIAN_POINT('',(8.5,-8.69,0.));
#12358=CARTESIAN_POINT('Origin',(9.13,-8.69,0.));
#12359=CARTESIAN_POINT('',(9.13,-8.69,0.));
#12360=CARTESIAN_POINT('Origin',(9.13,-9.32,0.));
#12361=CARTESIAN_POINT('Origin',(10.,-10.,0.));
#12362=CARTESIAN_POINT('Origin',(9.6,-5.58472084459892,0.));
#12363=CARTESIAN_POINT('',(9.6,-5.18472084459892,0.));
#12364=CARTESIAN_POINT('',(10.,-5.58472084459892,0.));
#12365=CARTESIAN_POINT('Origin',(9.6,-5.58472084459892,0.));
#12366=CARTESIAN_POINT('',(10.,-5.58472084459892,-2.66));
#12367=CARTESIAN_POINT('',(10.,-5.58472084459892,0.));
#12368=CARTESIAN_POINT('',(9.6,-5.18472084459892,-2.66));
#12369=CARTESIAN_POINT('Origin',(9.6,-5.58472084459892,-2.66));
#12370=CARTESIAN_POINT('',(9.6,-5.18472084459892,0.));
#12371=CARTESIAN_POINT('Origin',(10.,-5.18472084459892,0.));
#12372=CARTESIAN_POINT('',(7.9,-5.18472084459892,-2.66));
#12373=CARTESIAN_POINT('',(9.375,-5.18472084459892,-2.66));
#12374=CARTESIAN_POINT('',(7.9,-5.18472084459892,0.));
#12375=CARTESIAN_POINT('',(7.9,-5.18472084459892,0.));
#12376=CARTESIAN_POINT('',(9.375,-5.18472084459892,0.));
#12377=CARTESIAN_POINT('Origin',(8.75,4.44089209850063E-15,-2.66));
#12378=CARTESIAN_POINT('',(10.,-7.34555417793225,-2.66));
#12379=CARTESIAN_POINT('',(10.,-10.,-2.66));
#12380=CARTESIAN_POINT('',(9.6,-7.74555417793225,-2.66));
#12381=CARTESIAN_POINT('Origin',(9.6,-7.34555417793225,-2.66));
#12382=CARTESIAN_POINT('',(7.9,-7.74555417793225,-2.66));
#12383=CARTESIAN_POINT('',(9.375,-7.74555417793225,-2.66));
#12384=CARTESIAN_POINT('',(7.5,-7.34555417793225,-2.66));
#12385=CARTESIAN_POINT('Origin',(7.9,-7.34555417793225,-2.66));
#12386=CARTESIAN_POINT('',(7.5,-5.58472084459892,-2.66));
#12387=CARTESIAN_POINT('',(7.5,10.,-2.66));
#12388=CARTESIAN_POINT('Origin',(7.9,-5.58472084459892,-2.66));
#12389=CARTESIAN_POINT('',(9.13,-6.77428571428571,-2.66));
#12390=CARTESIAN_POINT('',(9.13,-6.14428571428571,-2.66));
#12391=CARTESIAN_POINT('',(9.13,-6.14428571428571,-2.66));
#12392=CARTESIAN_POINT('',(8.5,-6.14428571428571,-2.66));
#12393=CARTESIAN_POINT('',(8.5,-6.14428571428571,-2.66));
#12394=CARTESIAN_POINT('',(8.5,-6.77428571428571,-2.66));
#12395=CARTESIAN_POINT('',(8.5,-6.77428571428571,-2.66));
#12396=CARTESIAN_POINT('',(9.13,-6.77428571428571,-2.66));
#12397=CARTESIAN_POINT('Origin',(7.9,-7.34555417793225,0.));
#12398=CARTESIAN_POINT('',(7.9,-7.74555417793225,0.));
#12399=CARTESIAN_POINT('',(7.9,-7.74555417793225,0.));
#12400=CARTESIAN_POINT('',(7.5,-7.34555417793225,0.));
#12401=CARTESIAN_POINT('Origin',(7.9,-7.34555417793225,0.));
#12402=CARTESIAN_POINT('',(7.5,-7.34555417793225,0.));
#12403=CARTESIAN_POINT('Origin',(7.5,-10.,0.));
#12404=CARTESIAN_POINT('',(7.5,-5.58472084459892,0.));
#12405=CARTESIAN_POINT('',(7.5,10.,0.));
#12406=CARTESIAN_POINT('',(7.5,-5.58472084459892,0.));
#12407=CARTESIAN_POINT('Origin',(7.9,-5.58472084459892,0.));
#12408=CARTESIAN_POINT('Origin',(7.9,-5.58472084459892,0.));
#12409=CARTESIAN_POINT('Origin',(9.6,-7.34555417793225,0.));
#12410=CARTESIAN_POINT('',(10.,-7.34555417793225,0.));
#12411=CARTESIAN_POINT('',(9.6,-7.74555417793225,0.));
#12412=CARTESIAN_POINT('Origin',(9.6,-7.34555417793225,0.));
#12413=CARTESIAN_POINT('',(9.6,-7.74555417793225,0.));
#12414=CARTESIAN_POINT('',(10.,-7.34555417793225,0.));
#12415=CARTESIAN_POINT('Origin',(10.,10.,0.));
#12416=CARTESIAN_POINT('',(10.,-10.,0.));
#12417=CARTESIAN_POINT('Origin',(8.75,4.44089209850063E-15,0.));
#12418=CARTESIAN_POINT('',(9.375,-7.74555417793225,0.));
#12419=CARTESIAN_POINT('',(9.13,-6.14428571428571,0.));
#12420=CARTESIAN_POINT('',(9.13,-6.77428571428571,0.));
#12421=CARTESIAN_POINT('',(9.13,-6.14428571428571,0.));
#12422=CARTESIAN_POINT('',(8.5,-6.77428571428571,0.));
#12423=CARTESIAN_POINT('',(9.13,-6.77428571428571,0.));
#12424=CARTESIAN_POINT('',(8.5,-6.14428571428571,0.));
#12425=CARTESIAN_POINT('',(8.5,-6.77428571428571,0.));
#12426=CARTESIAN_POINT('',(8.5,-6.14428571428571,0.));
#12427=CARTESIAN_POINT('Origin',(9.13,-6.77428571428571,0.));
#12428=CARTESIAN_POINT('',(9.13,-6.14428571428571,0.));
#12429=CARTESIAN_POINT('',(9.13,-6.77428571428571,0.));
#12430=CARTESIAN_POINT('Origin',(9.13,-6.14428571428571,0.));
#12431=CARTESIAN_POINT('',(8.5,-6.14428571428571,0.));
#12432=CARTESIAN_POINT('Origin',(8.5,-6.14428571428571,0.));
#12433=CARTESIAN_POINT('',(8.5,-6.77428571428571,0.));
#12434=CARTESIAN_POINT('Origin',(8.5,-6.77428571428571,0.));
#12435=CARTESIAN_POINT('Origin',(10.,-7.74555417793225,0.));
#12436=UNCERTAINTY_MEASURE_WITH_UNIT(LENGTH_MEASURE(0.01),#12440,
'DISTANCE_ACCURACY_VALUE',
'Maximum model space distance between geometric entities at asserted c
onnectivities');
#12437=UNCERTAINTY_MEASURE_WITH_UNIT(LENGTH_MEASURE(0.01),#12440,
'DISTANCE_ACCURACY_VALUE',
'Maximum model space distance between geometric entities at asserted c
onnectivities');
#12438=(
GEOMETRIC_REPRESENTATION_CONTEXT(3)
GLOBAL_UNCERTAINTY_ASSIGNED_CONTEXT((#12436))
GLOBAL_UNIT_ASSIGNED_CONTEXT((#12440,#12442,#12443))
REPRESENTATION_CONTEXT('','3D')
);
#12439=(
GEOMETRIC_REPRESENTATION_CONTEXT(3)
GLOBAL_UNCERTAINTY_ASSIGNED_CONTEXT((#12437))
GLOBAL_UNIT_ASSIGNED_CONTEXT((#12440,#12442,#12443))
REPRESENTATION_CONTEXT('','3D')
);
#12440=(
LENGTH_UNIT()
NAMED_UNIT(*)
SI_UNIT(.MILLI.,.METRE.)
);
#12441=(
LENGTH_UNIT()
NAMED_UNIT(*)
SI_UNIT($,.METRE.)
);
#12442=(
NAMED_UNIT(*)
PLANE_ANGLE_UNIT()
SI_UNIT($,.RADIAN.)
);
#12443=(
NAMED_UNIT(*)
SI_UNIT($,.STERADIAN.)
SOLID_ANGLE_UNIT()
);
#12444=SHAPE_DEFINITION_REPRESENTATION(#12445,#12446);
#12445=PRODUCT_DEFINITION_SHAPE('',$,#12448);
#12446=SHAPE_REPRESENTATION('',(#7692),#12438);
#12447=PRODUCT_DEFINITION_CONTEXT('part definition',#12452,'design');
#12448=PRODUCT_DEFINITION(
'Arduino MP3 DFPlayer micro SD card MP3 player',
'Arduino MP3 DFPlayer micro SD card MP3 player v1',#12449,#12447);
#12449=PRODUCT_DEFINITION_FORMATION('',$,#12454);
#12450=PRODUCT_RELATED_PRODUCT_CATEGORY(
'Arduino MP3 DFPlayer micro SD card MP3 player v1',
'Arduino MP3 DFPlayer micro SD card MP3 player v1',(#12454));
#12451=APPLICATION_PROTOCOL_DEFINITION('international standard',
'automotive_design',2009,#12452);
#12452=APPLICATION_CONTEXT(
'Core Data for Automotive Mechanical Design Process');
#12453=PRODUCT_CONTEXT('part definition',#12452,'mechanical');
#12454=PRODUCT('Arduino MP3 DFPlayer micro SD card MP3 player',
'Arduino MP3 DFPlayer micro SD card MP3 player v1',$,(#12453));
#12455=PRESENTATION_STYLE_ASSIGNMENT((#12458));
#12456=PRESENTATION_STYLE_ASSIGNMENT((#12459));
#12457=PRESENTATION_STYLE_ASSIGNMENT((#12460));
#12458=SURFACE_STYLE_USAGE(.BOTH.,#12461);
#12459=SURFACE_STYLE_USAGE(.BOTH.,#12462);
#12460=SURFACE_STYLE_USAGE(.BOTH.,#12463);
#12461=SURFACE_SIDE_STYLE('',(#12464));
#12462=SURFACE_SIDE_STYLE('',(#12465));
#12463=SURFACE_SIDE_STYLE('',(#12466));
#12464=SURFACE_STYLE_FILL_AREA(#12467);
#12465=SURFACE_STYLE_FILL_AREA(#12468);
#12466=SURFACE_STYLE_FILL_AREA(#12469);
#12467=FILL_AREA_STYLE('\X2\AC15CCA0\X0\ - \X2\C0C8D2F4\X0\',(#12470));
#12468=FILL_AREA_STYLE('Tough 2000(Formlabs SLA 3D \X2\D504B9B0D130\X0\ 
\X2\D3ECD568\X0\)',(#12471));
#12469=FILL_AREA_STYLE('\X2\AC15CCA0\X0\ - \X2\C0C8D2F4\X0\',(#12472));
#12470=FILL_AREA_STYLE_COLOUR('\X2\AC15CCA0\X0\ - \X2\C0C8D2F4\X0\',#12473);
#12471=FILL_AREA_STYLE_COLOUR(
'Tough 2000(Formlabs SLA 3D \X2\D504B9B0D130\X0\ \X2\D3ECD568\X0\)',#12474);
#12472=FILL_AREA_STYLE_COLOUR('\X2\AC15CCA0\X0\ - \X2\C0C8D2F4\X0\',#12475);
#12473=COLOUR_RGB('\X2\AC15CCA0\X0\ - \X2\C0C8D2F4\X0\',0.627450980392157,
0.627450980392157,0.627450980392157);
#12474=COLOUR_RGB('Tough 2000(Formlabs SLA 3D \X2\D504B9B0D130\X0\ \X2\D3ECD568\X0\)',
0.247058823529412,0.247058823529412,0.247058823529412);
#12475=COLOUR_RGB('\X2\AC15CCA0\X0\ - \X2\C0C8D2F4\X0\',1.,1.,1.);
ENDSEC;
END-ISO-10303-21;
