ISO-10303-21;
HEADER;
FILE_DESCRIPTION(('FreeCAD Model'),'2;1');
FILE_NAME('Open CASCADE Shape Model','2022-02-10T17:14:30',('Author'),(
    ''),'Open CASCADE STEP processor 7.5','FreeCAD','Unknown');
FILE_SCHEMA(('AUTOMOTIVE_DESIGN { 1 0 10303 214 1 1 1 1 }'));
ENDSEC;
DATA;
#1 = APPLICATION_PROTOCOL_DEFINITION('international standard',
  'automotive_design',2000,#2);
#2 = APPLICATION_CONTEXT(
  'core data for automotive mechanical design processes');
#3 = SHAPE_DEFINITION_REPRESENTATION(#4,#10);
#4 = PRODUCT_DEFINITION_SHAPE('','',#5);
#5 = PRODUCT_DEFINITION('design','',#6,#9);
#6 = PRODUCT_DEFINITION_FORMATION('','',#7);
#7 = PRODUCT('R330_L8mm_0.25watts','R330_L8mm_0.25watts','',(#8));
#8 = PRODUCT_CONTEXT('',#2,'mechanical');
#9 = PRODUCT_DEFINITION_CONTEXT('part definition',#2,'design');
#10 = ADVANCED_BREP_SHAPE_REPRESENTATION('',(#11,#15),#3413);
#11 = AXIS2_PLACEMENT_3D('',#12,#13,#14);
#12 = CARTESIAN_POINT('',(0.,0.,0.));
#13 = DIRECTION('',(0.,0.,1.));
#14 = DIRECTION('',(1.,0.,-0.));
#15 = MANIFOLD_SOLID_BREP('',#16);
#16 = CLOSED_SHELL('',(#17,#200,#347,#403,#476,#506,#570,#643,#722,#804,
    #890,#971,#1079,#1158,#1191,#1270,#1303,#1380,#1466,#1547,#1637,
    #1714,#1742,#1807,#1888,#1978,#2055,#2088,#2172,#2210,#2293,#2325,
    #2390,#2471,#2561,#2638,#2726,#2733,#2893,#3001,#3148,#3204,#3277,
    #3307,#3315,#3343,#3350,#3357,#3364,#3371,#3378,#3406));
#17 = ADVANCED_FACE('',(#18),#39,.T.);
#18 = FACE_BOUND('',#19,.T.);
#19 = EDGE_LOOP('',(#20,#91,#120,#149,#178));
#20 = ORIENTED_EDGE('',*,*,#21,.T.);
#21 = EDGE_CURVE('',#22,#24,#26,.T.);
#22 = VERTEX_POINT('',#23);
#23 = CARTESIAN_POINT('',(3.25,-0.917893218813,3.061852333286E-17));
#24 = VERTEX_POINT('',#25);
#25 = CARTESIAN_POINT('',(3.25,-0.400255128608,-1.397447999984E-15));
#26 = SURFACE_CURVE('',#27,(#38,#72),.PCURVE_S1.);
#27 = B_SPLINE_CURVE_WITH_KNOTS('',3,(#28,#29,#30,#31,#32,#33,#34,#35,
    #36,#37),.UNSPECIFIED.,.F.,.F.,(4,2,2,2,4),(1.503827315143E-03,
    1.702537628662E-03,1.901247942181E-03,2.0999582557E-03,
    2.298668569219E-03),.UNSPECIFIED.);
#28 = CARTESIAN_POINT('',(3.25,-0.917893218813,3.061852333286E-17));
#29 = CARTESIAN_POINT('',(3.25,-0.917893218813,-6.626430609494E-02));
#30 = CARTESIAN_POINT('',(3.25,-0.887744238684,-0.132535661008));
#31 = CARTESIAN_POINT('',(3.25,-0.790966075069,-0.223478156384));
#32 = CARTESIAN_POINT('',(3.25,-0.724404118381,-0.249650021773));
#33 = CARTESIAN_POINT('',(3.25,-0.591892399667,-0.250342690696));
#34 = CARTESIAN_POINT('',(3.25,-0.525189422773,-0.224720547418));
#35 = CARTESIAN_POINT('',(3.25,-0.428858303379,-0.132580800146));
#36 = CARTESIAN_POINT('',(3.25,-0.400255128608,-6.664714261944E-02));
#37 = CARTESIAN_POINT('',(3.25,-0.400255128608,-1.397447999984E-15));
#38 = PCURVE('',#39,#44);
#39 = TOROIDAL_SURFACE('',#40,1.,0.25);
#40 = AXIS2_PLACEMENT_3D('',#41,#42,#43);
#41 = CARTESIAN_POINT('',(3.,-1.625,0.));
#42 = DIRECTION('',(-0.,-0.,-1.));
#43 = DIRECTION('',(-1.,0.,0.));
#44 = DEFINITIONAL_REPRESENTATION('',(#45),#71);
#45 = B_SPLINE_CURVE_WITH_KNOTS('',3,(#46,#47,#48,#49,#50,#51,#52,#53,
    #54,#55,#56,#57,#58,#59,#60,#61,#62,#63,#64,#65,#66,#67,#68,#69,#70)
  ,.UNSPECIFIED.,.F.,.F.,(4,1,1,1,1,1,1,1,1,1,1,1,1,1,1,1,1,1,1,1,1,1,4)
  ,(1.503827315143E-03,1.539956463056E-03,1.576085610968E-03,
    1.612214758881E-03,1.648343906793E-03,1.684473054706E-03,
    1.720602202618E-03,1.756731350531E-03,1.792860498443E-03,
    1.828989646356E-03,1.865118794268E-03,1.901247942181E-03,
    1.937377090094E-03,1.973506238006E-03,2.009635385919E-03,
    2.045764533831E-03,2.081893681744E-03,2.118022829656E-03,
    2.154151977569E-03,2.190281125481E-03,2.226410273394E-03,
    2.262539421306E-03,2.298668569219E-03),.QUASI_UNIFORM_KNOTS.);
#46 = CARTESIAN_POINT('',(1.910633236249,3.14159265359));
#47 = CARTESIAN_POINT('',(1.910639840242,3.093449614929));
#48 = CARTESIAN_POINT('',(1.909741106738,2.996966759023));
#49 = CARTESIAN_POINT('',(1.905991826617,2.852006276323));
#50 = CARTESIAN_POINT('',(1.900153673779,2.707004355357));
#51 = CARTESIAN_POINT('',(1.892617136459,2.562713573858));
#52 = CARTESIAN_POINT('',(1.883782350252,2.419760878625));
#53 = CARTESIAN_POINT('',(1.874025611542,2.278581876878));
#54 = CARTESIAN_POINT('',(1.863744105873,2.137767403798));
#55 = CARTESIAN_POINT('',(1.853312760345,1.997059752284));
#56 = CARTESIAN_POINT('',(1.843023762676,1.856483602087));
#57 = CARTESIAN_POINT('',(1.833101855226,1.716156900397));
#58 = CARTESIAN_POINT('',(1.82371981956,1.576240803931));
#59 = CARTESIAN_POINT('',(1.814972327931,1.436052396126));
#60 = CARTESIAN_POINT('',(1.806927597548,1.294932971328));
#61 = CARTESIAN_POINT('',(1.799653801774,1.153100376989));
#62 = CARTESIAN_POINT('',(1.79319070675,1.010722742466));
#63 = CARTESIAN_POINT('',(1.787566745189,0.867918548471));
#64 = CARTESIAN_POINT('',(1.782807207891,0.724242526234));
#65 = CARTESIAN_POINT('',(1.778944817728,0.580114294639));
#66 = CARTESIAN_POINT('',(1.775937614235,0.435397132881));
#67 = CARTESIAN_POINT('',(1.773774586018,0.290347497033));
#68 = CARTESIAN_POINT('',(1.772455404149,0.145257737597));
#69 = CARTESIAN_POINT('',(1.772155911945,4.843443622379E-02));
#70 = CARTESIAN_POINT('',(1.772154247585,0.));
#71 = ( GEOMETRIC_REPRESENTATION_CONTEXT(2) 
PARAMETRIC_REPRESENTATION_CONTEXT() REPRESENTATION_CONTEXT('2D SPACE',''
  ) );
#72 = PCURVE('',#73,#78);
#73 = PLANE('',#74);
#74 = AXIS2_PLACEMENT_3D('',#75,#76,#77);
#75 = CARTESIAN_POINT('',(3.25,-0.625,0.));
#76 = DIRECTION('',(-1.,0.,-0.));
#77 = DIRECTION('',(0.,0.,1.));
#78 = DEFINITIONAL_REPRESENTATION('',(#79),#90);
#79 = B_SPLINE_CURVE_WITH_KNOTS('',3,(#80,#81,#82,#83,#84,#85,#86,#87,
    #88,#89),.UNSPECIFIED.,.F.,.F.,(4,2,2,2,4),(1.503827315143E-03,
    1.702537628662E-03,1.901247942181E-03,2.0999582557E-03,
    2.298668569219E-03),.UNSPECIFIED.);
#80 = CARTESIAN_POINT('',(3.061852333286E-17,-0.292893218813));
#81 = CARTESIAN_POINT('',(-6.626430609494E-02,-0.292893218813));
#82 = CARTESIAN_POINT('',(-0.132535661008,-0.262744238684));
#83 = CARTESIAN_POINT('',(-0.223478156384,-0.165966075069));
#84 = CARTESIAN_POINT('',(-0.249650021773,-9.9404118381E-02));
#85 = CARTESIAN_POINT('',(-0.250342690696,3.3107600333E-02));
#86 = CARTESIAN_POINT('',(-0.224720547418,9.9810577227E-02));
#87 = CARTESIAN_POINT('',(-0.132580800146,0.196141696621));
#88 = CARTESIAN_POINT('',(-6.664714261944E-02,0.224744871392));
#89 = CARTESIAN_POINT('',(-1.397447999984E-15,0.224744871392));
#90 = ( GEOMETRIC_REPRESENTATION_CONTEXT(2) 
PARAMETRIC_REPRESENTATION_CONTEXT() REPRESENTATION_CONTEXT('2D SPACE',''
  ) );
#91 = ORIENTED_EDGE('',*,*,#92,.T.);
#92 = EDGE_CURVE('',#24,#93,#95,.T.);
#93 = VERTEX_POINT('',#94);
#94 = CARTESIAN_POINT('',(4.25,-1.625,0.));
#95 = SURFACE_CURVE('',#96,(#101,#108),.PCURVE_S1.);
#96 = CIRCLE('',#97,1.25);
#97 = AXIS2_PLACEMENT_3D('',#98,#99,#100);
#98 = CARTESIAN_POINT('',(3.,-1.625,0.));
#99 = DIRECTION('',(0.,0.,-1.));
#100 = DIRECTION('',(-1.,0.,0.));
#101 = PCURVE('',#39,#102);
#102 = DEFINITIONAL_REPRESENTATION('',(#103),#107);
#103 = LINE('',#104,#105);
#104 = CARTESIAN_POINT('',(2.22044604925E-16,0.));
#105 = VECTOR('',#106,1.);
#106 = DIRECTION('',(1.,0.));
#107 = ( GEOMETRIC_REPRESENTATION_CONTEXT(2) 
PARAMETRIC_REPRESENTATION_CONTEXT() REPRESENTATION_CONTEXT('2D SPACE',''
  ) );
#108 = PCURVE('',#109,#114);
#109 = TOROIDAL_SURFACE('',#110,1.,0.25);
#110 = AXIS2_PLACEMENT_3D('',#111,#112,#113);
#111 = CARTESIAN_POINT('',(3.,-1.625,0.));
#112 = DIRECTION('',(-0.,-0.,-1.));
#113 = DIRECTION('',(-1.,0.,0.));
#114 = DEFINITIONAL_REPRESENTATION('',(#115),#119);
#115 = LINE('',#116,#117);
#116 = CARTESIAN_POINT('',(2.22044604925E-16,6.28318530718));
#117 = VECTOR('',#118,1.);
#118 = DIRECTION('',(1.,0.));
#119 = ( GEOMETRIC_REPRESENTATION_CONTEXT(2) 
PARAMETRIC_REPRESENTATION_CONTEXT() REPRESENTATION_CONTEXT('2D SPACE',''
  ) );
#120 = ORIENTED_EDGE('',*,*,#121,.T.);
#121 = EDGE_CURVE('',#93,#122,#124,.T.);
#122 = VERTEX_POINT('',#123);
#123 = CARTESIAN_POINT('',(4.,-1.625,-0.25));
#124 = SURFACE_CURVE('',#125,(#130,#137),.PCURVE_S1.);
#125 = CIRCLE('',#126,0.25);
#126 = AXIS2_PLACEMENT_3D('',#127,#128,#129);
#127 = CARTESIAN_POINT('',(4.,-1.625,0.));
#128 = DIRECTION('',(-0.,1.,0.));
#129 = DIRECTION('',(0.,0.,1.));
#130 = PCURVE('',#39,#131);
#131 = DEFINITIONAL_REPRESENTATION('',(#132),#136);
#132 = LINE('',#133,#134);
#133 = CARTESIAN_POINT('',(3.14159265359,-1.570796326795));
#134 = VECTOR('',#135,1.);
#135 = DIRECTION('',(0.,1.));
#136 = ( GEOMETRIC_REPRESENTATION_CONTEXT(2) 
PARAMETRIC_REPRESENTATION_CONTEXT() REPRESENTATION_CONTEXT('2D SPACE',''
  ) );
#137 = PCURVE('',#138,#143);
#138 = CYLINDRICAL_SURFACE('',#139,0.25);
#139 = AXIS2_PLACEMENT_3D('',#140,#141,#142);
#140 = CARTESIAN_POINT('',(4.,-1.625,0.));
#141 = DIRECTION('',(0.,-1.,0.));
#142 = DIRECTION('',(0.,0.,-1.));
#143 = DEFINITIONAL_REPRESENTATION('',(#144),#148);
#144 = LINE('',#145,#146);
#145 = CARTESIAN_POINT('',(3.14159265359,6.661338147751E-16));
#146 = VECTOR('',#147,1.);
#147 = DIRECTION('',(-1.,0.));
#148 = ( GEOMETRIC_REPRESENTATION_CONTEXT(2) 
PARAMETRIC_REPRESENTATION_CONTEXT() REPRESENTATION_CONTEXT('2D SPACE',''
  ) );
#149 = ORIENTED_EDGE('',*,*,#150,.T.);
#150 = EDGE_CURVE('',#122,#151,#153,.T.);
#151 = VERTEX_POINT('',#152);
#152 = CARTESIAN_POINT('',(3.75,-1.625,3.061616997868E-17));
#153 = SURFACE_CURVE('',#154,(#159,#166),.PCURVE_S1.);
#154 = CIRCLE('',#155,0.25);
#155 = AXIS2_PLACEMENT_3D('',#156,#157,#158);
#156 = CARTESIAN_POINT('',(4.,-1.625,0.));
#157 = DIRECTION('',(-0.,1.,0.));
#158 = DIRECTION('',(0.,0.,1.));
#159 = PCURVE('',#39,#160);
#160 = DEFINITIONAL_REPRESENTATION('',(#161),#165);
#161 = LINE('',#162,#163);
#162 = CARTESIAN_POINT('',(3.14159265359,-1.570796326795));
#163 = VECTOR('',#164,1.);
#164 = DIRECTION('',(2.827159716856E-16,1.));
#165 = ( GEOMETRIC_REPRESENTATION_CONTEXT(2) 
PARAMETRIC_REPRESENTATION_CONTEXT() REPRESENTATION_CONTEXT('2D SPACE',''
  ) );
#166 = PCURVE('',#167,#172);
#167 = CYLINDRICAL_SURFACE('',#168,0.25);
#168 = AXIS2_PLACEMENT_3D('',#169,#170,#171);
#169 = CARTESIAN_POINT('',(4.,-1.625,0.));
#170 = DIRECTION('',(0.,-1.,0.));
#171 = DIRECTION('',(0.,0.,-1.));
#172 = DEFINITIONAL_REPRESENTATION('',(#173),#177);
#173 = LINE('',#174,#175);
#174 = CARTESIAN_POINT('',(9.424777960769,6.661338147751E-16));
#175 = VECTOR('',#176,1.);
#176 = DIRECTION('',(-1.,0.));
#177 = ( GEOMETRIC_REPRESENTATION_CONTEXT(2) 
PARAMETRIC_REPRESENTATION_CONTEXT() REPRESENTATION_CONTEXT('2D SPACE',''
  ) );
#178 = ORIENTED_EDGE('',*,*,#179,.F.);
#179 = EDGE_CURVE('',#22,#151,#180,.T.);
#180 = SURFACE_CURVE('',#181,(#186,#193),.PCURVE_S1.);
#181 = CIRCLE('',#182,0.75);
#182 = AXIS2_PLACEMENT_3D('',#183,#184,#185);
#183 = CARTESIAN_POINT('',(3.,-1.625,3.061616997868E-17));
#184 = DIRECTION('',(0.,0.,-1.));
#185 = DIRECTION('',(-1.,0.,0.));
#186 = PCURVE('',#39,#187);
#187 = DEFINITIONAL_REPRESENTATION('',(#188),#192);
#188 = LINE('',#189,#190);
#189 = CARTESIAN_POINT('',(0.,3.14159265359));
#190 = VECTOR('',#191,1.);
#191 = DIRECTION('',(1.,3.607667349501E-16));
#192 = ( GEOMETRIC_REPRESENTATION_CONTEXT(2) 
PARAMETRIC_REPRESENTATION_CONTEXT() REPRESENTATION_CONTEXT('2D SPACE',''
  ) );
#193 = PCURVE('',#109,#194);
#194 = DEFINITIONAL_REPRESENTATION('',(#195),#199);
#195 = LINE('',#196,#197);
#196 = CARTESIAN_POINT('',(0.,3.14159265359));
#197 = VECTOR('',#198,1.);
#198 = DIRECTION('',(1.,3.607667349501E-16));
#199 = ( GEOMETRIC_REPRESENTATION_CONTEXT(2) 
PARAMETRIC_REPRESENTATION_CONTEXT() REPRESENTATION_CONTEXT('2D SPACE',''
  ) );
#200 = ADVANCED_FACE('',(#201),#138,.T.);
#201 = FACE_BOUND('',#202,.T.);
#202 = EDGE_LOOP('',(#203,#227,#250,#279,#325,#346));
#203 = ORIENTED_EDGE('',*,*,#204,.F.);
#204 = EDGE_CURVE('',#205,#93,#207,.T.);
#205 = VERTEX_POINT('',#206);
#206 = CARTESIAN_POINT('',(4.,-1.625,0.25));
#207 = SURFACE_CURVE('',#208,(#213,#220),.PCURVE_S1.);
#208 = CIRCLE('',#209,0.25);
#209 = AXIS2_PLACEMENT_3D('',#210,#211,#212);
#210 = CARTESIAN_POINT('',(4.,-1.625,0.));
#211 = DIRECTION('',(-0.,1.,0.));
#212 = DIRECTION('',(3.469446951954E-15,0.,1.));
#213 = PCURVE('',#138,#214);
#214 = DEFINITIONAL_REPRESENTATION('',(#215),#219);
#215 = LINE('',#216,#217);
#216 = CARTESIAN_POINT('',(3.14159265359,6.661338147751E-16));
#217 = VECTOR('',#218,1.);
#218 = DIRECTION('',(-1.,0.));
#219 = ( GEOMETRIC_REPRESENTATION_CONTEXT(2) 
PARAMETRIC_REPRESENTATION_CONTEXT() REPRESENTATION_CONTEXT('2D SPACE',''
  ) );
#220 = PCURVE('',#109,#221);
#221 = DEFINITIONAL_REPRESENTATION('',(#222),#226);
#222 = LINE('',#223,#224);
#223 = CARTESIAN_POINT('',(3.14159265359,4.712388980385));
#224 = VECTOR('',#225,1.);
#225 = DIRECTION('',(0.,1.));
#226 = ( GEOMETRIC_REPRESENTATION_CONTEXT(2) 
PARAMETRIC_REPRESENTATION_CONTEXT() REPRESENTATION_CONTEXT('2D SPACE',''
  ) );
#227 = ORIENTED_EDGE('',*,*,#228,.T.);
#228 = EDGE_CURVE('',#205,#229,#231,.T.);
#229 = VERTEX_POINT('',#230);
#230 = CARTESIAN_POINT('',(4.,-4.375,0.25));
#231 = SURFACE_CURVE('',#232,(#236,#243),.PCURVE_S1.);
#232 = LINE('',#233,#234);
#233 = CARTESIAN_POINT('',(4.,-1.625,0.25));
#234 = VECTOR('',#235,1.);
#235 = DIRECTION('',(0.,-1.,0.));
#236 = PCURVE('',#138,#237);
#237 = DEFINITIONAL_REPRESENTATION('',(#238),#242);
#238 = LINE('',#239,#240);
#239 = CARTESIAN_POINT('',(3.14159265359,0.));
#240 = VECTOR('',#241,1.);
#241 = DIRECTION('',(0.,1.));
#242 = ( GEOMETRIC_REPRESENTATION_CONTEXT(2) 
PARAMETRIC_REPRESENTATION_CONTEXT() REPRESENTATION_CONTEXT('2D SPACE',''
  ) );
#243 = PCURVE('',#167,#244);
#244 = DEFINITIONAL_REPRESENTATION('',(#245),#249);
#245 = LINE('',#246,#247);
#246 = CARTESIAN_POINT('',(3.14159265359,0.));
#247 = VECTOR('',#248,1.);
#248 = DIRECTION('',(0.,1.));
#249 = ( GEOMETRIC_REPRESENTATION_CONTEXT(2) 
PARAMETRIC_REPRESENTATION_CONTEXT() REPRESENTATION_CONTEXT('2D SPACE',''
  ) );
#250 = ORIENTED_EDGE('',*,*,#251,.T.);
#251 = EDGE_CURVE('',#229,#252,#254,.T.);
#252 = VERTEX_POINT('',#253);
#253 = CARTESIAN_POINT('',(4.25,-4.375,4.592425496803E-17));
#254 = SURFACE_CURVE('',#255,(#260,#267),.PCURVE_S1.);
#255 = CIRCLE('',#256,0.25);
#256 = AXIS2_PLACEMENT_3D('',#257,#258,#259);
#257 = CARTESIAN_POINT('',(4.,-4.375,0.));
#258 = DIRECTION('',(0.,1.,0.));
#259 = DIRECTION('',(0.,0.,-1.));
#260 = PCURVE('',#138,#261);
#261 = DEFINITIONAL_REPRESENTATION('',(#262),#266);
#262 = LINE('',#263,#264);
#263 = CARTESIAN_POINT('',(6.28318530718,2.75));
#264 = VECTOR('',#265,1.);
#265 = DIRECTION('',(-1.,0.));
#266 = ( GEOMETRIC_REPRESENTATION_CONTEXT(2) 
PARAMETRIC_REPRESENTATION_CONTEXT() REPRESENTATION_CONTEXT('2D SPACE',''
  ) );
#267 = PCURVE('',#268,#273);
#268 = SPHERICAL_SURFACE('',#269,0.25);
#269 = AXIS2_PLACEMENT_3D('',#270,#271,#272);
#270 = CARTESIAN_POINT('',(4.,-4.375,0.));
#271 = DIRECTION('',(1.,0.,0.));
#272 = DIRECTION('',(0.,0.,1.));
#273 = DEFINITIONAL_REPRESENTATION('',(#274),#278);
#274 = LINE('',#275,#276);
#275 = CARTESIAN_POINT('',(0.,-3.14159265359));
#276 = VECTOR('',#277,1.);
#277 = DIRECTION('',(0.,1.));
#278 = ( GEOMETRIC_REPRESENTATION_CONTEXT(2) 
PARAMETRIC_REPRESENTATION_CONTEXT() REPRESENTATION_CONTEXT('2D SPACE',''
  ) );
#279 = ORIENTED_EDGE('',*,*,#280,.T.);
#280 = EDGE_CURVE('',#252,#281,#283,.T.);
#281 = VERTEX_POINT('',#282);
#282 = CARTESIAN_POINT('',(4.,-4.375,-0.25));
#283 = SURFACE_CURVE('',#284,(#289,#296),.PCURVE_S1.);
#284 = CIRCLE('',#285,0.25);
#285 = AXIS2_PLACEMENT_3D('',#286,#287,#288);
#286 = CARTESIAN_POINT('',(4.,-4.375,0.));
#287 = DIRECTION('',(0.,1.,0.));
#288 = DIRECTION('',(0.,0.,-1.));
#289 = PCURVE('',#138,#290);
#290 = DEFINITIONAL_REPRESENTATION('',(#291),#295);
#291 = LINE('',#292,#293);
#292 = CARTESIAN_POINT('',(6.28318530718,2.75));
#293 = VECTOR('',#294,1.);
#294 = DIRECTION('',(-1.,0.));
#295 = ( GEOMETRIC_REPRESENTATION_CONTEXT(2) 
PARAMETRIC_REPRESENTATION_CONTEXT() REPRESENTATION_CONTEXT('2D SPACE',''
  ) );
#296 = PCURVE('',#268,#297);
#297 = DEFINITIONAL_REPRESENTATION('',(#298),#324);
#298 = B_SPLINE_CURVE_WITH_KNOTS('',3,(#299,#300,#301,#302,#303,#304,
    #305,#306,#307,#308,#309,#310,#311,#312,#313,#314,#315,#316,#317,
    #318,#319,#320,#321,#322,#323),.UNSPECIFIED.,.F.,.F.,(4,1,1,1,1,1,1,
    1,1,1,1,1,1,1,1,1,1,1,1,1,1,1,4),(4.712388980385,4.783788813421,
    4.855188646457,4.926588479493,4.997988312529,5.069388145565,
    5.140787978601,5.212187811638,5.283587644674,5.35498747771,
    5.426387310746,5.497787143782,5.569186976818,5.640586809854,
    5.711986642891,5.783386475927,5.854786308963,5.926186141999,
    5.997585975035,6.068985808071,6.140385641107,6.211785474143,
    6.28318530718),.UNSPECIFIED.);
#299 = CARTESIAN_POINT('',(3.14159265359,1.570796326795));
#300 = CARTESIAN_POINT('',(3.14159265359,1.54699638245));
#301 = CARTESIAN_POINT('',(3.14159265359,1.499396493759));
#302 = CARTESIAN_POINT('',(3.14159265359,1.427996660723));
#303 = CARTESIAN_POINT('',(3.14159265359,1.356596827687));
#304 = CARTESIAN_POINT('',(3.14159265359,1.28519699465));
#305 = CARTESIAN_POINT('',(3.14159265359,1.213797161614));
#306 = CARTESIAN_POINT('',(3.14159265359,1.142397328578));
#307 = CARTESIAN_POINT('',(3.14159265359,1.070997495542));
#308 = CARTESIAN_POINT('',(3.14159265359,0.999597662506));
#309 = CARTESIAN_POINT('',(3.14159265359,0.92819782947));
#310 = CARTESIAN_POINT('',(3.14159265359,0.856797996434));
#311 = CARTESIAN_POINT('',(3.14159265359,0.785398163397));
#312 = CARTESIAN_POINT('',(3.14159265359,0.713998330361));
#313 = CARTESIAN_POINT('',(3.14159265359,0.642598497325));
#314 = CARTESIAN_POINT('',(3.14159265359,0.571198664289));
#315 = CARTESIAN_POINT('',(3.14159265359,0.499798831253));
#316 = CARTESIAN_POINT('',(3.14159265359,0.428398998217));
#317 = CARTESIAN_POINT('',(3.14159265359,0.356999165181));
#318 = CARTESIAN_POINT('',(3.14159265359,0.285599332145));
#319 = CARTESIAN_POINT('',(3.14159265359,0.214199499108));
#320 = CARTESIAN_POINT('',(3.14159265359,0.142799666072));
#321 = CARTESIAN_POINT('',(3.14159265359,7.139983303613E-02));
#322 = CARTESIAN_POINT('',(3.14159265359,2.379994434538E-02));
#323 = CARTESIAN_POINT('',(3.14159265359,0.));
#324 = ( GEOMETRIC_REPRESENTATION_CONTEXT(2) 
PARAMETRIC_REPRESENTATION_CONTEXT() REPRESENTATION_CONTEXT('2D SPACE',''
  ) );
#325 = ORIENTED_EDGE('',*,*,#326,.F.);
#326 = EDGE_CURVE('',#122,#281,#327,.T.);
#327 = SURFACE_CURVE('',#328,(#332,#339),.PCURVE_S1.);
#328 = LINE('',#329,#330);
#329 = CARTESIAN_POINT('',(4.,-1.625,-0.25));
#330 = VECTOR('',#331,1.);
#331 = DIRECTION('',(0.,-1.,0.));
#332 = PCURVE('',#138,#333);
#333 = DEFINITIONAL_REPRESENTATION('',(#334),#338);
#334 = LINE('',#335,#336);
#335 = CARTESIAN_POINT('',(0.,0.));
#336 = VECTOR('',#337,1.);
#337 = DIRECTION('',(0.,1.));
#338 = ( GEOMETRIC_REPRESENTATION_CONTEXT(2) 
PARAMETRIC_REPRESENTATION_CONTEXT() REPRESENTATION_CONTEXT('2D SPACE',''
  ) );
#339 = PCURVE('',#167,#340);
#340 = DEFINITIONAL_REPRESENTATION('',(#341),#345);
#341 = LINE('',#342,#343);
#342 = CARTESIAN_POINT('',(6.28318530718,0.));
#343 = VECTOR('',#344,1.);
#344 = DIRECTION('',(0.,1.));
#345 = ( GEOMETRIC_REPRESENTATION_CONTEXT(2) 
PARAMETRIC_REPRESENTATION_CONTEXT() REPRESENTATION_CONTEXT('2D SPACE',''
  ) );
#346 = ORIENTED_EDGE('',*,*,#121,.F.);
#347 = ADVANCED_FACE('',(#348),#268,.T.);
#348 = FACE_BOUND('',#349,.T.);
#349 = EDGE_LOOP('',(#350,#379,#401,#402));
#350 = ORIENTED_EDGE('',*,*,#351,.F.);
#351 = EDGE_CURVE('',#352,#229,#354,.T.);
#352 = VERTEX_POINT('',#353);
#353 = CARTESIAN_POINT('',(4.,-4.625,1.530808498934E-17));
#354 = SURFACE_CURVE('',#355,(#360,#367),.PCURVE_S1.);
#355 = CIRCLE('',#356,0.25);
#356 = AXIS2_PLACEMENT_3D('',#357,#358,#359);
#357 = CARTESIAN_POINT('',(4.,-4.375,0.));
#358 = DIRECTION('',(-1.,0.,0.));
#359 = DIRECTION('',(0.,0.,1.));
#360 = PCURVE('',#268,#361);
#361 = DEFINITIONAL_REPRESENTATION('',(#362),#366);
#362 = LINE('',#363,#364);
#363 = CARTESIAN_POINT('',(6.28318530718,0.));
#364 = VECTOR('',#365,1.);
#365 = DIRECTION('',(-1.,0.));
#366 = ( GEOMETRIC_REPRESENTATION_CONTEXT(2) 
PARAMETRIC_REPRESENTATION_CONTEXT() REPRESENTATION_CONTEXT('2D SPACE',''
  ) );
#367 = PCURVE('',#368,#373);
#368 = SPHERICAL_SURFACE('',#369,0.25);
#369 = AXIS2_PLACEMENT_3D('',#370,#371,#372);
#370 = CARTESIAN_POINT('',(4.,-4.375,0.));
#371 = DIRECTION('',(1.,0.,0.));
#372 = DIRECTION('',(0.,0.,1.));
#373 = DEFINITIONAL_REPRESENTATION('',(#374),#378);
#374 = LINE('',#375,#376);
#375 = CARTESIAN_POINT('',(6.28318530718,0.));
#376 = VECTOR('',#377,1.);
#377 = DIRECTION('',(-1.,0.));
#378 = ( GEOMETRIC_REPRESENTATION_CONTEXT(2) 
PARAMETRIC_REPRESENTATION_CONTEXT() REPRESENTATION_CONTEXT('2D SPACE',''
  ) );
#379 = ORIENTED_EDGE('',*,*,#380,.T.);
#380 = EDGE_CURVE('',#352,#281,#381,.T.);
#381 = SURFACE_CURVE('',#382,(#387,#394),.PCURVE_S1.);
#382 = CIRCLE('',#383,0.25);
#383 = AXIS2_PLACEMENT_3D('',#384,#385,#386);
#384 = CARTESIAN_POINT('',(4.,-4.375,0.));
#385 = DIRECTION('',(1.,-0.,1.224646799147E-16));
#386 = DIRECTION('',(1.224646799147E-16,0.,-1.));
#387 = PCURVE('',#268,#388);
#388 = DEFINITIONAL_REPRESENTATION('',(#389),#393);
#389 = LINE('',#390,#391);
#390 = CARTESIAN_POINT('',(-3.14159265359,0.));
#391 = VECTOR('',#392,1.);
#392 = DIRECTION('',(1.,0.));
#393 = ( GEOMETRIC_REPRESENTATION_CONTEXT(2) 
PARAMETRIC_REPRESENTATION_CONTEXT() REPRESENTATION_CONTEXT('2D SPACE',''
  ) );
#394 = PCURVE('',#368,#395);
#395 = DEFINITIONAL_REPRESENTATION('',(#396),#400);
#396 = LINE('',#397,#398);
#397 = CARTESIAN_POINT('',(-3.14159265359,0.));
#398 = VECTOR('',#399,1.);
#399 = DIRECTION('',(1.,0.));
#400 = ( GEOMETRIC_REPRESENTATION_CONTEXT(2) 
PARAMETRIC_REPRESENTATION_CONTEXT() REPRESENTATION_CONTEXT('2D SPACE',''
  ) );
#401 = ORIENTED_EDGE('',*,*,#280,.F.);
#402 = ORIENTED_EDGE('',*,*,#251,.F.);
#403 = ADVANCED_FACE('',(#404),#368,.T.);
#404 = FACE_BOUND('',#405,.T.);
#405 = EDGE_LOOP('',(#406,#407,#408,#432));
#406 = ORIENTED_EDGE('',*,*,#380,.F.);
#407 = ORIENTED_EDGE('',*,*,#351,.T.);
#408 = ORIENTED_EDGE('',*,*,#409,.F.);
#409 = EDGE_CURVE('',#410,#229,#412,.T.);
#410 = VERTEX_POINT('',#411);
#411 = CARTESIAN_POINT('',(3.75,-4.375,4.020306624192E-17));
#412 = SURFACE_CURVE('',#413,(#418,#425),.PCURVE_S1.);
#413 = CIRCLE('',#414,0.25);
#414 = AXIS2_PLACEMENT_3D('',#415,#416,#417);
#415 = CARTESIAN_POINT('',(4.,-4.375,0.));
#416 = DIRECTION('',(0.,1.,0.));
#417 = DIRECTION('',(0.,0.,-1.));
#418 = PCURVE('',#368,#419);
#419 = DEFINITIONAL_REPRESENTATION('',(#420),#424);
#420 = LINE('',#421,#422);
#421 = CARTESIAN_POINT('',(0.,-3.14159265359));
#422 = VECTOR('',#423,1.);
#423 = DIRECTION('',(0.,1.));
#424 = ( GEOMETRIC_REPRESENTATION_CONTEXT(2) 
PARAMETRIC_REPRESENTATION_CONTEXT() REPRESENTATION_CONTEXT('2D SPACE',''
  ) );
#425 = PCURVE('',#167,#426);
#426 = DEFINITIONAL_REPRESENTATION('',(#427),#431);
#427 = LINE('',#428,#429);
#428 = CARTESIAN_POINT('',(6.28318530718,2.75));
#429 = VECTOR('',#430,1.);
#430 = DIRECTION('',(-1.,0.));
#431 = ( GEOMETRIC_REPRESENTATION_CONTEXT(2) 
PARAMETRIC_REPRESENTATION_CONTEXT() REPRESENTATION_CONTEXT('2D SPACE',''
  ) );
#432 = ORIENTED_EDGE('',*,*,#433,.F.);
#433 = EDGE_CURVE('',#281,#410,#434,.T.);
#434 = SURFACE_CURVE('',#435,(#440,#469),.PCURVE_S1.);
#435 = CIRCLE('',#436,0.25);
#436 = AXIS2_PLACEMENT_3D('',#437,#438,#439);
#437 = CARTESIAN_POINT('',(4.,-4.375,0.));
#438 = DIRECTION('',(0.,1.,0.));
#439 = DIRECTION('',(0.,0.,-1.));
#440 = PCURVE('',#368,#441);
#441 = DEFINITIONAL_REPRESENTATION('',(#442),#468);
#442 = B_SPLINE_CURVE_WITH_KNOTS('',3,(#443,#444,#445,#446,#447,#448,
    #449,#450,#451,#452,#453,#454,#455,#456,#457,#458,#459,#460,#461,
    #462,#463,#464,#465,#466,#467),.UNSPECIFIED.,.F.,.F.,(4,1,1,1,1,1,1,
    1,1,1,1,1,1,1,1,1,1,1,1,1,1,1,4),(0.,7.139983303613E-02,
    0.142799666072,0.214199499108,0.285599332145,0.356999165181,
    0.428398998217,0.499798831253,0.571198664289,0.642598497325,
    0.713998330361,0.785398163397,0.856797996434,0.92819782947,
    0.999597662506,1.070997495542,1.142397328578,1.213797161614,
    1.28519699465,1.356596827687,1.427996660723,1.499396493759,
    1.570796326795),.UNSPECIFIED.);
#443 = CARTESIAN_POINT('',(3.14159265359,0.));
#444 = CARTESIAN_POINT('',(3.14159265359,-2.379994434538E-02));
#445 = CARTESIAN_POINT('',(3.14159265359,-7.139983303613E-02));
#446 = CARTESIAN_POINT('',(3.14159265359,-0.142799666072));
#447 = CARTESIAN_POINT('',(3.14159265359,-0.214199499108));
#448 = CARTESIAN_POINT('',(3.14159265359,-0.285599332145));
#449 = CARTESIAN_POINT('',(3.14159265359,-0.356999165181));
#450 = CARTESIAN_POINT('',(3.14159265359,-0.428398998217));
#451 = CARTESIAN_POINT('',(3.14159265359,-0.499798831253));
#452 = CARTESIAN_POINT('',(3.14159265359,-0.571198664289));
#453 = CARTESIAN_POINT('',(3.14159265359,-0.642598497325));
#454 = CARTESIAN_POINT('',(3.14159265359,-0.713998330361));
#455 = CARTESIAN_POINT('',(3.14159265359,-0.785398163397));
#456 = CARTESIAN_POINT('',(3.14159265359,-0.856797996434));
#457 = CARTESIAN_POINT('',(3.14159265359,-0.92819782947));
#458 = CARTESIAN_POINT('',(3.14159265359,-0.999597662506));
#459 = CARTESIAN_POINT('',(3.14159265359,-1.070997495542));
#460 = CARTESIAN_POINT('',(3.14159265359,-1.142397328578));
#461 = CARTESIAN_POINT('',(3.14159265359,-1.213797161614));
#462 = CARTESIAN_POINT('',(3.14159265359,-1.28519699465));
#463 = CARTESIAN_POINT('',(3.14159265359,-1.356596827687));
#464 = CARTESIAN_POINT('',(3.14159265359,-1.427996660723));
#465 = CARTESIAN_POINT('',(3.14159265359,-1.499396493759));
#466 = CARTESIAN_POINT('',(3.14159265359,-1.54699638245));
#467 = CARTESIAN_POINT('',(3.14159265359,-1.570796326795));
#468 = ( GEOMETRIC_REPRESENTATION_CONTEXT(2) 
PARAMETRIC_REPRESENTATION_CONTEXT() REPRESENTATION_CONTEXT('2D SPACE',''
  ) );
#469 = PCURVE('',#167,#470);
#470 = DEFINITIONAL_REPRESENTATION('',(#471),#475);
#471 = LINE('',#472,#473);
#472 = CARTESIAN_POINT('',(6.28318530718,2.75));
#473 = VECTOR('',#474,1.);
#474 = DIRECTION('',(-1.,0.));
#475 = ( GEOMETRIC_REPRESENTATION_CONTEXT(2) 
PARAMETRIC_REPRESENTATION_CONTEXT() REPRESENTATION_CONTEXT('2D SPACE',''
  ) );
#476 = ADVANCED_FACE('',(#477),#167,.T.);
#477 = FACE_BOUND('',#478,.T.);
#478 = EDGE_LOOP('',(#479,#480,#502,#503,#504,#505));
#479 = ORIENTED_EDGE('',*,*,#228,.F.);
#480 = ORIENTED_EDGE('',*,*,#481,.F.);
#481 = EDGE_CURVE('',#151,#205,#482,.T.);
#482 = SURFACE_CURVE('',#483,(#488,#495),.PCURVE_S1.);
#483 = CIRCLE('',#484,0.25);
#484 = AXIS2_PLACEMENT_3D('',#485,#486,#487);
#485 = CARTESIAN_POINT('',(4.,-1.625,0.));
#486 = DIRECTION('',(-0.,1.,0.));
#487 = DIRECTION('',(-1.040834085586E-14,-0.,1.));
#488 = PCURVE('',#167,#489);
#489 = DEFINITIONAL_REPRESENTATION('',(#490),#494);
#490 = LINE('',#491,#492);
#491 = CARTESIAN_POINT('',(9.424777960769,6.661338147751E-16));
#492 = VECTOR('',#493,1.);
#493 = DIRECTION('',(-1.,0.));
#494 = ( GEOMETRIC_REPRESENTATION_CONTEXT(2) 
PARAMETRIC_REPRESENTATION_CONTEXT() REPRESENTATION_CONTEXT('2D SPACE',''
  ) );
#495 = PCURVE('',#109,#496);
#496 = DEFINITIONAL_REPRESENTATION('',(#497),#501);
#497 = LINE('',#498,#499);
#498 = CARTESIAN_POINT('',(3.14159265359,-1.570796326795));
#499 = VECTOR('',#500,1.);
#500 = DIRECTION('',(-2.827159716856E-16,1.));
#501 = ( GEOMETRIC_REPRESENTATION_CONTEXT(2) 
PARAMETRIC_REPRESENTATION_CONTEXT() REPRESENTATION_CONTEXT('2D SPACE',''
  ) );
#502 = ORIENTED_EDGE('',*,*,#150,.F.);
#503 = ORIENTED_EDGE('',*,*,#326,.T.);
#504 = ORIENTED_EDGE('',*,*,#433,.T.);
#505 = ORIENTED_EDGE('',*,*,#409,.T.);
#506 = ADVANCED_FACE('',(#507),#109,.T.);
#507 = FACE_BOUND('',#508,.T.);
#508 = EDGE_LOOP('',(#509,#510,#567,#568,#569));
#509 = ORIENTED_EDGE('',*,*,#92,.F.);
#510 = ORIENTED_EDGE('',*,*,#511,.T.);
#511 = EDGE_CURVE('',#24,#22,#512,.T.);
#512 = SURFACE_CURVE('',#513,(#524,#553),.PCURVE_S1.);
#513 = B_SPLINE_CURVE_WITH_KNOTS('',3,(#514,#515,#516,#517,#518,#519,
    #520,#521,#522,#523),.UNSPECIFIED.,.F.,.F.,(4,2,2,2,4),(
    7.086418729225E-04,9.074382334777E-04,1.106234594033E-03,
    1.305030954588E-03,1.503827315143E-03),.UNSPECIFIED.);
#514 = CARTESIAN_POINT('',(3.25,-0.400255128608,-1.397447999984E-15));
#515 = CARTESIAN_POINT('',(3.25,-0.400255128608,6.667600266693E-02));
#516 = CARTESIAN_POINT('',(3.25,-0.429026477096,0.132711684529));
#517 = CARTESIAN_POINT('',(3.25,-0.524902320864,0.224475872265));
#518 = CARTESIAN_POINT('',(3.25,-0.591385286722,0.250400201316));
#519 = CARTESIAN_POINT('',(3.25,-0.725348865332,0.24959004403));
#520 = CARTESIAN_POINT('',(3.25,-0.791188648096,0.223432368236));
#521 = CARTESIAN_POINT('',(3.25,-0.88819908286,0.131943736084));
#522 = CARTESIAN_POINT('',(3.25,-0.917893218813,6.629300036368E-02));
#523 = CARTESIAN_POINT('',(3.25,-0.917893218813,3.061852333286E-17));
#524 = PCURVE('',#109,#525);
#525 = DEFINITIONAL_REPRESENTATION('',(#526),#552);
#526 = B_SPLINE_CURVE_WITH_KNOTS('',3,(#527,#528,#529,#530,#531,#532,
    #533,#534,#535,#536,#537,#538,#539,#540,#541,#542,#543,#544,#545,
    #546,#547,#548,#549,#550,#551),.UNSPECIFIED.,.F.,.F.,(4,1,1,1,1,1,1,
    1,1,1,1,1,1,1,1,1,1,1,1,1,1,1,4),(7.086418729225E-04,
    7.447866657508E-04,7.80931458579E-04,8.170762514072E-04,
    8.532210442354E-04,8.893658370636E-04,9.255106298918E-04,
    9.6165542272E-04,9.978002155482E-04,1.033945008376E-03,
    1.070089801205E-03,1.106234594033E-03,1.142379386861E-03,
    1.178524179689E-03,1.214668972517E-03,1.250813765346E-03,
    1.286958558174E-03,1.323103351002E-03,1.35924814383E-03,
    1.395392936658E-03,1.431537729487E-03,1.467682522315E-03,
    1.503827315143E-03),.UNSPECIFIED.);
#527 = CARTESIAN_POINT('',(1.772154247585,6.28318530718));
#528 = CARTESIAN_POINT('',(1.77215590675,6.234733328335));
#529 = CARTESIAN_POINT('',(1.772457181834,6.13784214316));
#530 = CARTESIAN_POINT('',(1.773781184868,5.992623342102));
#531 = CARTESIAN_POINT('',(1.775948111911,5.847473648835));
#532 = CARTESIAN_POINT('',(1.778954649469,5.702794042696));
#533 = CARTESIAN_POINT('',(1.78280860058,5.558930146663));
#534 = CARTESIAN_POINT('',(1.787544137367,5.415925981984));
#535 = CARTESIAN_POINT('',(1.793145635547,5.273494849249));
#536 = CARTESIAN_POINT('',(1.799593741211,5.131271803194));
#537 = CARTESIAN_POINT('',(1.806870402523,4.989264856978));
#538 = CARTESIAN_POINT('',(1.814941749283,4.847612794337));
#539 = CARTESIAN_POINT('',(1.823774419763,4.706065761876));
#540 = CARTESIAN_POINT('',(1.833243216253,4.564979049568));
#541 = CARTESIAN_POINT('',(1.843187155158,4.424557551507));
#542 = CARTESIAN_POINT('',(1.853466529775,4.284269625761));
#543 = CARTESIAN_POINT('',(1.863871276645,4.143898548647));
#544 = CARTESIAN_POINT('',(1.874132630929,4.003122507557));
#545 = CARTESIAN_POINT('',(1.883924809888,3.861271619856));
#546 = CARTESIAN_POINT('',(1.892752110141,3.718468530608));
#547 = CARTESIAN_POINT('',(1.900256049388,3.574745776574));
#548 = CARTESIAN_POINT('',(1.906047834786,3.430479127564));
#549 = CARTESIAN_POINT('',(1.909754568548,3.286101928919));
#550 = CARTESIAN_POINT('',(1.910639820227,3.189764455013));
#551 = CARTESIAN_POINT('',(1.910633236249,3.14159265359));
#552 = ( GEOMETRIC_REPRESENTATION_CONTEXT(2) 
PARAMETRIC_REPRESENTATION_CONTEXT() REPRESENTATION_CONTEXT('2D SPACE',''
  ) );
#553 = PCURVE('',#73,#554);
#554 = DEFINITIONAL_REPRESENTATION('',(#555),#566);
#555 = B_SPLINE_CURVE_WITH_KNOTS('',3,(#556,#557,#558,#559,#560,#561,
    #562,#563,#564,#565),.UNSPECIFIED.,.F.,.F.,(4,2,2,2,4),(
    7.086418729225E-04,9.074382334777E-04,1.106234594033E-03,
    1.305030954588E-03,1.503827315143E-03),.UNSPECIFIED.);
#556 = CARTESIAN_POINT('',(-1.397447999984E-15,0.224744871392));
#557 = CARTESIAN_POINT('',(6.667600266693E-02,0.224744871392));
#558 = CARTESIAN_POINT('',(0.132711684529,0.195973522904));
#559 = CARTESIAN_POINT('',(0.224475872265,0.100097679136));
#560 = CARTESIAN_POINT('',(0.250400201316,3.3614713278E-02));
#561 = CARTESIAN_POINT('',(0.24959004403,-0.100348865332));
#562 = CARTESIAN_POINT('',(0.223432368236,-0.166188648096));
#563 = CARTESIAN_POINT('',(0.131943736084,-0.26319908286));
#564 = CARTESIAN_POINT('',(6.629300036368E-02,-0.292893218813));
#565 = CARTESIAN_POINT('',(3.061852333286E-17,-0.292893218813));
#566 = ( GEOMETRIC_REPRESENTATION_CONTEXT(2) 
PARAMETRIC_REPRESENTATION_CONTEXT() REPRESENTATION_CONTEXT('2D SPACE',''
  ) );
#567 = ORIENTED_EDGE('',*,*,#179,.T.);
#568 = ORIENTED_EDGE('',*,*,#481,.T.);
#569 = ORIENTED_EDGE('',*,*,#204,.T.);
#570 = ADVANCED_FACE('',(#571,#639),#73,.F.);
#571 = FACE_BOUND('',#572,.T.);
#572 = EDGE_LOOP('',(#573,#608));
#573 = ORIENTED_EDGE('',*,*,#574,.T.);
#574 = EDGE_CURVE('',#575,#577,#579,.T.);
#575 = VERTEX_POINT('',#576);
#576 = CARTESIAN_POINT('',(3.25,-0.625,0.75));
#577 = VERTEX_POINT('',#578);
#578 = CARTESIAN_POINT('',(3.25,-0.625,-0.75));
#579 = SURFACE_CURVE('',#580,(#585,#596),.PCURVE_S1.);
#580 = CIRCLE('',#581,0.75);
#581 = AXIS2_PLACEMENT_3D('',#582,#583,#584);
#582 = CARTESIAN_POINT('',(3.25,-0.625,0.));
#583 = DIRECTION('',(1.,0.,-0.));
#584 = DIRECTION('',(0.,0.,1.));
#585 = PCURVE('',#73,#586);
#586 = DEFINITIONAL_REPRESENTATION('',(#587),#595);
#587 = ( BOUNDED_CURVE() B_SPLINE_CURVE(2,(#588,#589,#590,#591,#592,#593
,#594),.UNSPECIFIED.,.T.,.F.) B_SPLINE_CURVE_WITH_KNOTS((1,2,2,2,2,1),(
    -2.094395102393,0.,2.094395102393,4.188790204786,6.28318530718,
8.377580409573),.UNSPECIFIED.) CURVE() GEOMETRIC_REPRESENTATION_ITEM() 
RATIONAL_B_SPLINE_CURVE((1.,0.5,1.,0.5,1.,0.5,1.)) REPRESENTATION_ITEM(
  '') );
#588 = CARTESIAN_POINT('',(0.75,0.));
#589 = CARTESIAN_POINT('',(0.75,-1.299038105677));
#590 = CARTESIAN_POINT('',(-0.375,-0.649519052838));
#591 = CARTESIAN_POINT('',(-1.5,-1.836970198721E-16));
#592 = CARTESIAN_POINT('',(-0.375,0.649519052838));
#593 = CARTESIAN_POINT('',(0.75,1.299038105677));
#594 = CARTESIAN_POINT('',(0.75,0.));
#595 = ( GEOMETRIC_REPRESENTATION_CONTEXT(2) 
PARAMETRIC_REPRESENTATION_CONTEXT() REPRESENTATION_CONTEXT('2D SPACE',''
  ) );
#596 = PCURVE('',#597,#602);
#597 = TOROIDAL_SURFACE('',#598,0.75,0.5);
#598 = AXIS2_PLACEMENT_3D('',#599,#600,#601);
#599 = CARTESIAN_POINT('',(2.75,-0.625,0.));
#600 = DIRECTION('',(-1.,-0.,-0.));
#601 = DIRECTION('',(-0.,0.,1.));
#602 = DEFINITIONAL_REPRESENTATION('',(#603),#607);
#603 = LINE('',#604,#605);
#604 = CARTESIAN_POINT('',(6.28318530718,4.712388980385));
#605 = VECTOR('',#606,1.);
#606 = DIRECTION('',(-1.,0.));
#607 = ( GEOMETRIC_REPRESENTATION_CONTEXT(2) 
PARAMETRIC_REPRESENTATION_CONTEXT() REPRESENTATION_CONTEXT('2D SPACE',''
  ) );
#608 = ORIENTED_EDGE('',*,*,#609,.T.);
#609 = EDGE_CURVE('',#577,#575,#610,.T.);
#610 = SURFACE_CURVE('',#611,(#616,#627),.PCURVE_S1.);
#611 = CIRCLE('',#612,0.75);
#612 = AXIS2_PLACEMENT_3D('',#613,#614,#615);
#613 = CARTESIAN_POINT('',(3.25,-0.625,0.));
#614 = DIRECTION('',(1.,0.,-0.));
#615 = DIRECTION('',(0.,0.,1.));
#616 = PCURVE('',#73,#617);
#617 = DEFINITIONAL_REPRESENTATION('',(#618),#626);
#618 = ( BOUNDED_CURVE() B_SPLINE_CURVE(2,(#619,#620,#621,#622,#623,#624
,#625),.UNSPECIFIED.,.T.,.F.) B_SPLINE_CURVE_WITH_KNOTS((1,2,2,2,2,1),(
    -2.094395102393,0.,2.094395102393,4.188790204786,6.28318530718,
8.377580409573),.UNSPECIFIED.) CURVE() GEOMETRIC_REPRESENTATION_ITEM() 
RATIONAL_B_SPLINE_CURVE((1.,0.5,1.,0.5,1.,0.5,1.)) REPRESENTATION_ITEM(
  '') );
#619 = CARTESIAN_POINT('',(0.75,0.));
#620 = CARTESIAN_POINT('',(0.75,-1.299038105677));
#621 = CARTESIAN_POINT('',(-0.375,-0.649519052838));
#622 = CARTESIAN_POINT('',(-1.5,-1.836970198721E-16));
#623 = CARTESIAN_POINT('',(-0.375,0.649519052838));
#624 = CARTESIAN_POINT('',(0.75,1.299038105677));
#625 = CARTESIAN_POINT('',(0.75,0.));
#626 = ( GEOMETRIC_REPRESENTATION_CONTEXT(2) 
PARAMETRIC_REPRESENTATION_CONTEXT() REPRESENTATION_CONTEXT('2D SPACE',''
  ) );
#627 = PCURVE('',#628,#633);
#628 = TOROIDAL_SURFACE('',#629,0.75,0.5);
#629 = AXIS2_PLACEMENT_3D('',#630,#631,#632);
#630 = CARTESIAN_POINT('',(2.75,-0.625,0.));
#631 = DIRECTION('',(-1.,-0.,-0.));
#632 = DIRECTION('',(-0.,0.,1.));
#633 = DEFINITIONAL_REPRESENTATION('',(#634),#638);
#634 = LINE('',#635,#636);
#635 = CARTESIAN_POINT('',(6.28318530718,4.712388980385));
#636 = VECTOR('',#637,1.);
#637 = DIRECTION('',(-1.,0.));
#638 = ( GEOMETRIC_REPRESENTATION_CONTEXT(2) 
PARAMETRIC_REPRESENTATION_CONTEXT() REPRESENTATION_CONTEXT('2D SPACE',''
  ) );
#639 = FACE_BOUND('',#640,.T.);
#640 = EDGE_LOOP('',(#641,#642));
#641 = ORIENTED_EDGE('',*,*,#21,.F.);
#642 = ORIENTED_EDGE('',*,*,#511,.F.);
#643 = ADVANCED_FACE('',(#644),#628,.T.);
#644 = FACE_BOUND('',#645,.T.);
#645 = EDGE_LOOP('',(#646,#647,#671,#700));
#646 = ORIENTED_EDGE('',*,*,#609,.F.);
#647 = ORIENTED_EDGE('',*,*,#648,.T.);
#648 = EDGE_CURVE('',#577,#649,#651,.T.);
#649 = VERTEX_POINT('',#650);
#650 = CARTESIAN_POINT('',(2.75,-0.625,-1.25));
#651 = SURFACE_CURVE('',#652,(#657,#664),.PCURVE_S1.);
#652 = CIRCLE('',#653,0.5);
#653 = AXIS2_PLACEMENT_3D('',#654,#655,#656);
#654 = CARTESIAN_POINT('',(2.75,-0.625,-0.75));
#655 = DIRECTION('',(-0.,1.,1.224646799147E-16));
#656 = DIRECTION('',(0.,-1.224646799147E-16,1.));
#657 = PCURVE('',#628,#658);
#658 = DEFINITIONAL_REPRESENTATION('',(#659),#663);
#659 = LINE('',#660,#661);
#660 = CARTESIAN_POINT('',(3.14159265359,3.14159265359));
#661 = VECTOR('',#662,1.);
#662 = DIRECTION('',(0.,1.));
#663 = ( GEOMETRIC_REPRESENTATION_CONTEXT(2) 
PARAMETRIC_REPRESENTATION_CONTEXT() REPRESENTATION_CONTEXT('2D SPACE',''
  ) );
#664 = PCURVE('',#597,#665);
#665 = DEFINITIONAL_REPRESENTATION('',(#666),#670);
#666 = LINE('',#667,#668);
#667 = CARTESIAN_POINT('',(3.14159265359,3.14159265359));
#668 = VECTOR('',#669,1.);
#669 = DIRECTION('',(0.,1.));
#670 = ( GEOMETRIC_REPRESENTATION_CONTEXT(2) 
PARAMETRIC_REPRESENTATION_CONTEXT() REPRESENTATION_CONTEXT('2D SPACE',''
  ) );
#671 = ORIENTED_EDGE('',*,*,#672,.F.);
#672 = EDGE_CURVE('',#673,#649,#675,.T.);
#673 = VERTEX_POINT('',#674);
#674 = CARTESIAN_POINT('',(2.75,-0.625,1.25));
#675 = SURFACE_CURVE('',#676,(#681,#688),.PCURVE_S1.);
#676 = CIRCLE('',#677,1.25);
#677 = AXIS2_PLACEMENT_3D('',#678,#679,#680);
#678 = CARTESIAN_POINT('',(2.75,-0.625,0.));
#679 = DIRECTION('',(-1.,0.,0.));
#680 = DIRECTION('',(0.,0.,1.));
#681 = PCURVE('',#628,#682);
#682 = DEFINITIONAL_REPRESENTATION('',(#683),#687);
#683 = LINE('',#684,#685);
#684 = CARTESIAN_POINT('',(0.,6.28318530718));
#685 = VECTOR('',#686,1.);
#686 = DIRECTION('',(1.,0.));
#687 = ( GEOMETRIC_REPRESENTATION_CONTEXT(2) 
PARAMETRIC_REPRESENTATION_CONTEXT() REPRESENTATION_CONTEXT('2D SPACE',''
  ) );
#688 = PCURVE('',#689,#694);
#689 = CYLINDRICAL_SURFACE('',#690,1.25);
#690 = AXIS2_PLACEMENT_3D('',#691,#692,#693);
#691 = CARTESIAN_POINT('',(-3.25,-0.625,0.));
#692 = DIRECTION('',(-1.,-0.,-0.));
#693 = DIRECTION('',(-0.,0.,1.));
#694 = DEFINITIONAL_REPRESENTATION('',(#695),#699);
#695 = LINE('',#696,#697);
#696 = CARTESIAN_POINT('',(0.,-6.));
#697 = VECTOR('',#698,1.);
#698 = DIRECTION('',(1.,0.));
#699 = ( GEOMETRIC_REPRESENTATION_CONTEXT(2) 
PARAMETRIC_REPRESENTATION_CONTEXT() REPRESENTATION_CONTEXT('2D SPACE',''
  ) );
#700 = ORIENTED_EDGE('',*,*,#701,.F.);
#701 = EDGE_CURVE('',#575,#673,#702,.T.);
#702 = SURFACE_CURVE('',#703,(#708,#715),.PCURVE_S1.);
#703 = CIRCLE('',#704,0.5);
#704 = AXIS2_PLACEMENT_3D('',#705,#706,#707);
#705 = CARTESIAN_POINT('',(2.75,-0.625,0.75));
#706 = DIRECTION('',(0.,-1.,0.));
#707 = DIRECTION('',(0.,0.,-1.));
#708 = PCURVE('',#628,#709);
#709 = DEFINITIONAL_REPRESENTATION('',(#710),#714);
#710 = LINE('',#711,#712);
#711 = CARTESIAN_POINT('',(0.,3.14159265359));
#712 = VECTOR('',#713,1.);
#713 = DIRECTION('',(0.,1.));
#714 = ( GEOMETRIC_REPRESENTATION_CONTEXT(2) 
PARAMETRIC_REPRESENTATION_CONTEXT() REPRESENTATION_CONTEXT('2D SPACE',''
  ) );
#715 = PCURVE('',#597,#716);
#716 = DEFINITIONAL_REPRESENTATION('',(#717),#721);
#717 = LINE('',#718,#719);
#718 = CARTESIAN_POINT('',(6.28318530718,3.14159265359));
#719 = VECTOR('',#720,1.);
#720 = DIRECTION('',(0.,1.));
#721 = ( GEOMETRIC_REPRESENTATION_CONTEXT(2) 
PARAMETRIC_REPRESENTATION_CONTEXT() REPRESENTATION_CONTEXT('2D SPACE',''
  ) );
#722 = ADVANCED_FACE('',(#723),#689,.T.);
#723 = FACE_BOUND('',#724,.T.);
#724 = EDGE_LOOP('',(#725,#726,#754,#783));
#725 = ORIENTED_EDGE('',*,*,#672,.T.);
#726 = ORIENTED_EDGE('',*,*,#727,.T.);
#727 = EDGE_CURVE('',#649,#728,#730,.T.);
#728 = VERTEX_POINT('',#729);
#729 = CARTESIAN_POINT('',(2.552069510512,-0.625,-1.25));
#730 = SURFACE_CURVE('',#731,(#735,#742),.PCURVE_S1.);
#731 = LINE('',#732,#733);
#732 = CARTESIAN_POINT('',(-3.25,-0.625,-1.25));
#733 = VECTOR('',#734,1.);
#734 = DIRECTION('',(-1.,-0.,-0.));
#735 = PCURVE('',#689,#736);
#736 = DEFINITIONAL_REPRESENTATION('',(#737),#741);
#737 = LINE('',#738,#739);
#738 = CARTESIAN_POINT('',(3.14159265359,0.));
#739 = VECTOR('',#740,1.);
#740 = DIRECTION('',(0.,1.));
#741 = ( GEOMETRIC_REPRESENTATION_CONTEXT(2) 
PARAMETRIC_REPRESENTATION_CONTEXT() REPRESENTATION_CONTEXT('2D SPACE',''
  ) );
#742 = PCURVE('',#743,#748);
#743 = CYLINDRICAL_SURFACE('',#744,1.25);
#744 = AXIS2_PLACEMENT_3D('',#745,#746,#747);
#745 = CARTESIAN_POINT('',(-3.25,-0.625,0.));
#746 = DIRECTION('',(-1.,-0.,-0.));
#747 = DIRECTION('',(-0.,0.,1.));
#748 = DEFINITIONAL_REPRESENTATION('',(#749),#753);
#749 = LINE('',#750,#751);
#750 = CARTESIAN_POINT('',(3.14159265359,0.));
#751 = VECTOR('',#752,1.);
#752 = DIRECTION('',(0.,1.));
#753 = ( GEOMETRIC_REPRESENTATION_CONTEXT(2) 
PARAMETRIC_REPRESENTATION_CONTEXT() REPRESENTATION_CONTEXT('2D SPACE',''
  ) );
#754 = ORIENTED_EDGE('',*,*,#755,.T.);
#755 = EDGE_CURVE('',#728,#756,#758,.T.);
#756 = VERTEX_POINT('',#757);
#757 = CARTESIAN_POINT('',(2.552069510512,-0.625,1.25));
#758 = SURFACE_CURVE('',#759,(#764,#771),.PCURVE_S1.);
#759 = CIRCLE('',#760,1.25);
#760 = AXIS2_PLACEMENT_3D('',#761,#762,#763);
#761 = CARTESIAN_POINT('',(2.552069510512,-0.625,0.));
#762 = DIRECTION('',(1.,-0.,0.));
#763 = DIRECTION('',(0.,0.,-1.));
#764 = PCURVE('',#689,#765);
#765 = DEFINITIONAL_REPRESENTATION('',(#766),#770);
#766 = LINE('',#767,#768);
#767 = CARTESIAN_POINT('',(3.14159265359,-5.802069510512));
#768 = VECTOR('',#769,1.);
#769 = DIRECTION('',(-1.,0.));
#770 = ( GEOMETRIC_REPRESENTATION_CONTEXT(2) 
PARAMETRIC_REPRESENTATION_CONTEXT() REPRESENTATION_CONTEXT('2D SPACE',''
  ) );
#771 = PCURVE('',#772,#777);
#772 = PLANE('',#773);
#773 = AXIS2_PLACEMENT_3D('',#774,#775,#776);
#774 = CARTESIAN_POINT('',(2.552069510512,-0.625,0.));
#775 = DIRECTION('',(1.,0.,-0.));
#776 = DIRECTION('',(-0.,0.,-1.));
#777 = DEFINITIONAL_REPRESENTATION('',(#778),#782);
#778 = CIRCLE('',#779,1.25);
#779 = AXIS2_PLACEMENT_2D('',#780,#781);
#780 = CARTESIAN_POINT('',(0.,0.));
#781 = DIRECTION('',(1.,0.));
#782 = ( GEOMETRIC_REPRESENTATION_CONTEXT(2) 
PARAMETRIC_REPRESENTATION_CONTEXT() REPRESENTATION_CONTEXT('2D SPACE',''
  ) );
#783 = ORIENTED_EDGE('',*,*,#784,.F.);
#784 = EDGE_CURVE('',#673,#756,#785,.T.);
#785 = SURFACE_CURVE('',#786,(#790,#797),.PCURVE_S1.);
#786 = LINE('',#787,#788);
#787 = CARTESIAN_POINT('',(-3.25,-0.625,1.25));
#788 = VECTOR('',#789,1.);
#789 = DIRECTION('',(-1.,-0.,-0.));
#790 = PCURVE('',#689,#791);
#791 = DEFINITIONAL_REPRESENTATION('',(#792),#796);
#792 = LINE('',#793,#794);
#793 = CARTESIAN_POINT('',(0.,0.));
#794 = VECTOR('',#795,1.);
#795 = DIRECTION('',(0.,1.));
#796 = ( GEOMETRIC_REPRESENTATION_CONTEXT(2) 
PARAMETRIC_REPRESENTATION_CONTEXT() REPRESENTATION_CONTEXT('2D SPACE',''
  ) );
#797 = PCURVE('',#743,#798);
#798 = DEFINITIONAL_REPRESENTATION('',(#799),#803);
#799 = LINE('',#800,#801);
#800 = CARTESIAN_POINT('',(6.28318530718,0.));
#801 = VECTOR('',#802,1.);
#802 = DIRECTION('',(0.,1.));
#803 = ( GEOMETRIC_REPRESENTATION_CONTEXT(2) 
PARAMETRIC_REPRESENTATION_CONTEXT() REPRESENTATION_CONTEXT('2D SPACE',''
  ) );
#804 = ADVANCED_FACE('',(#805,#830),#772,.T.);
#805 = FACE_BOUND('',#806,.T.);
#806 = EDGE_LOOP('',(#807,#829));
#807 = ORIENTED_EDGE('',*,*,#808,.F.);
#808 = EDGE_CURVE('',#756,#728,#809,.T.);
#809 = SURFACE_CURVE('',#810,(#815,#822),.PCURVE_S1.);
#810 = CIRCLE('',#811,1.25);
#811 = AXIS2_PLACEMENT_3D('',#812,#813,#814);
#812 = CARTESIAN_POINT('',(2.552069510512,-0.625,0.));
#813 = DIRECTION('',(1.,-0.,0.));
#814 = DIRECTION('',(0.,0.,-1.));
#815 = PCURVE('',#772,#816);
#816 = DEFINITIONAL_REPRESENTATION('',(#817),#821);
#817 = CIRCLE('',#818,1.25);
#818 = AXIS2_PLACEMENT_2D('',#819,#820);
#819 = CARTESIAN_POINT('',(0.,0.));
#820 = DIRECTION('',(1.,0.));
#821 = ( GEOMETRIC_REPRESENTATION_CONTEXT(2) 
PARAMETRIC_REPRESENTATION_CONTEXT() REPRESENTATION_CONTEXT('2D SPACE',''
  ) );
#822 = PCURVE('',#743,#823);
#823 = DEFINITIONAL_REPRESENTATION('',(#824),#828);
#824 = LINE('',#825,#826);
#825 = CARTESIAN_POINT('',(9.424777960769,-5.802069510512));
#826 = VECTOR('',#827,1.);
#827 = DIRECTION('',(-1.,0.));
#828 = ( GEOMETRIC_REPRESENTATION_CONTEXT(2) 
PARAMETRIC_REPRESENTATION_CONTEXT() REPRESENTATION_CONTEXT('2D SPACE',''
  ) );
#829 = ORIENTED_EDGE('',*,*,#755,.F.);
#830 = FACE_BOUND('',#831,.T.);
#831 = EDGE_LOOP('',(#832,#863));
#832 = ORIENTED_EDGE('',*,*,#833,.T.);
#833 = EDGE_CURVE('',#834,#836,#838,.T.);
#834 = VERTEX_POINT('',#835);
#835 = CARTESIAN_POINT('',(2.552069510512,-0.625,-1.26));
#836 = VERTEX_POINT('',#837);
#837 = CARTESIAN_POINT('',(2.552069510512,-0.625,1.26));
#838 = SURFACE_CURVE('',#839,(#844,#851),.PCURVE_S1.);
#839 = CIRCLE('',#840,1.26);
#840 = AXIS2_PLACEMENT_3D('',#841,#842,#843);
#841 = CARTESIAN_POINT('',(2.552069510512,-0.625,0.));
#842 = DIRECTION('',(1.,-0.,0.));
#843 = DIRECTION('',(0.,0.,-1.));
#844 = PCURVE('',#772,#845);
#845 = DEFINITIONAL_REPRESENTATION('',(#846),#850);
#846 = CIRCLE('',#847,1.26);
#847 = AXIS2_PLACEMENT_2D('',#848,#849);
#848 = CARTESIAN_POINT('',(0.,0.));
#849 = DIRECTION('',(1.,0.));
#850 = ( GEOMETRIC_REPRESENTATION_CONTEXT(2) 
PARAMETRIC_REPRESENTATION_CONTEXT() REPRESENTATION_CONTEXT('2D SPACE',''
  ) );
#851 = PCURVE('',#852,#857);
#852 = CYLINDRICAL_SURFACE('',#853,1.26);
#853 = AXIS2_PLACEMENT_3D('',#854,#855,#856);
#854 = CARTESIAN_POINT('',(3.25,-0.625,0.));
#855 = DIRECTION('',(1.,-0.,-0.));
#856 = DIRECTION('',(0.,0.,-1.));
#857 = DEFINITIONAL_REPRESENTATION('',(#858),#862);
#858 = LINE('',#859,#860);
#859 = CARTESIAN_POINT('',(0.,-0.697930489488));
#860 = VECTOR('',#861,1.);
#861 = DIRECTION('',(1.,0.));
#862 = ( GEOMETRIC_REPRESENTATION_CONTEXT(2) 
PARAMETRIC_REPRESENTATION_CONTEXT() REPRESENTATION_CONTEXT('2D SPACE',''
  ) );
#863 = ORIENTED_EDGE('',*,*,#864,.T.);
#864 = EDGE_CURVE('',#836,#834,#865,.T.);
#865 = SURFACE_CURVE('',#866,(#871,#878),.PCURVE_S1.);
#866 = CIRCLE('',#867,1.26);
#867 = AXIS2_PLACEMENT_3D('',#868,#869,#870);
#868 = CARTESIAN_POINT('',(2.552069510512,-0.625,0.));
#869 = DIRECTION('',(1.,-0.,0.));
#870 = DIRECTION('',(0.,0.,-1.));
#871 = PCURVE('',#772,#872);
#872 = DEFINITIONAL_REPRESENTATION('',(#873),#877);
#873 = CIRCLE('',#874,1.26);
#874 = AXIS2_PLACEMENT_2D('',#875,#876);
#875 = CARTESIAN_POINT('',(0.,0.));
#876 = DIRECTION('',(1.,0.));
#877 = ( GEOMETRIC_REPRESENTATION_CONTEXT(2) 
PARAMETRIC_REPRESENTATION_CONTEXT() REPRESENTATION_CONTEXT('2D SPACE',''
  ) );
#878 = PCURVE('',#879,#884);
#879 = CYLINDRICAL_SURFACE('',#880,1.26);
#880 = AXIS2_PLACEMENT_3D('',#881,#882,#883);
#881 = CARTESIAN_POINT('',(3.25,-0.625,0.));
#882 = DIRECTION('',(1.,-0.,-0.));
#883 = DIRECTION('',(0.,0.,-1.));
#884 = DEFINITIONAL_REPRESENTATION('',(#885),#889);
#885 = LINE('',#886,#887);
#886 = CARTESIAN_POINT('',(0.,-0.697930489488));
#887 = VECTOR('',#888,1.);
#888 = DIRECTION('',(1.,0.));
#889 = ( GEOMETRIC_REPRESENTATION_CONTEXT(2) 
PARAMETRIC_REPRESENTATION_CONTEXT() REPRESENTATION_CONTEXT('2D SPACE',''
  ) );
#890 = ADVANCED_FACE('',(#891),#852,.T.);
#891 = FACE_BOUND('',#892,.T.);
#892 = EDGE_LOOP('',(#893,#928,#949,#950));
#893 = ORIENTED_EDGE('',*,*,#894,.T.);
#894 = EDGE_CURVE('',#895,#897,#899,.T.);
#895 = VERTEX_POINT('',#896);
#896 = CARTESIAN_POINT('',(2.052069510512,-0.625,-1.26));
#897 = VERTEX_POINT('',#898);
#898 = CARTESIAN_POINT('',(2.052069510512,-0.625,1.26));
#899 = SURFACE_CURVE('',#900,(#905,#912),.PCURVE_S1.);
#900 = CIRCLE('',#901,1.26);
#901 = AXIS2_PLACEMENT_3D('',#902,#903,#904);
#902 = CARTESIAN_POINT('',(2.052069510512,-0.625,0.));
#903 = DIRECTION('',(1.,-0.,0.));
#904 = DIRECTION('',(0.,0.,-1.));
#905 = PCURVE('',#852,#906);
#906 = DEFINITIONAL_REPRESENTATION('',(#907),#911);
#907 = LINE('',#908,#909);
#908 = CARTESIAN_POINT('',(0.,-1.197930489488));
#909 = VECTOR('',#910,1.);
#910 = DIRECTION('',(1.,0.));
#911 = ( GEOMETRIC_REPRESENTATION_CONTEXT(2) 
PARAMETRIC_REPRESENTATION_CONTEXT() REPRESENTATION_CONTEXT('2D SPACE',''
  ) );
#912 = PCURVE('',#913,#918);
#913 = PLANE('',#914);
#914 = AXIS2_PLACEMENT_3D('',#915,#916,#917);
#915 = CARTESIAN_POINT('',(2.052069510512,-0.625,0.));
#916 = DIRECTION('',(-1.,0.,0.));
#917 = DIRECTION('',(0.,0.,1.));
#918 = DEFINITIONAL_REPRESENTATION('',(#919),#927);
#919 = ( BOUNDED_CURVE() B_SPLINE_CURVE(2,(#920,#921,#922,#923,#924,#925
,#926),.UNSPECIFIED.,.T.,.F.) B_SPLINE_CURVE_WITH_KNOTS((1,2,2,2,2,1),(
    -2.094395102393,0.,2.094395102393,4.188790204786,6.28318530718,
8.377580409573),.UNSPECIFIED.) CURVE() GEOMETRIC_REPRESENTATION_ITEM() 
RATIONAL_B_SPLINE_CURVE((1.,0.5,1.,0.5,1.,0.5,1.)) REPRESENTATION_ITEM(
  '') );
#920 = CARTESIAN_POINT('',(-1.26,0.));
#921 = CARTESIAN_POINT('',(-1.26,2.182384017537));
#922 = CARTESIAN_POINT('',(0.63,1.091192008768));
#923 = CARTESIAN_POINT('',(2.52,3.086109933851E-16));
#924 = CARTESIAN_POINT('',(0.63,-1.091192008768));
#925 = CARTESIAN_POINT('',(-1.26,-2.182384017537));
#926 = CARTESIAN_POINT('',(-1.26,0.));
#927 = ( GEOMETRIC_REPRESENTATION_CONTEXT(2) 
PARAMETRIC_REPRESENTATION_CONTEXT() REPRESENTATION_CONTEXT('2D SPACE',''
  ) );
#928 = ORIENTED_EDGE('',*,*,#929,.T.);
#929 = EDGE_CURVE('',#897,#836,#930,.T.);
#930 = SURFACE_CURVE('',#931,(#935,#942),.PCURVE_S1.);
#931 = LINE('',#932,#933);
#932 = CARTESIAN_POINT('',(3.25,-0.625,1.26));
#933 = VECTOR('',#934,1.);
#934 = DIRECTION('',(1.,-0.,-0.));
#935 = PCURVE('',#852,#936);
#936 = DEFINITIONAL_REPRESENTATION('',(#937),#941);
#937 = LINE('',#938,#939);
#938 = CARTESIAN_POINT('',(3.14159265359,0.));
#939 = VECTOR('',#940,1.);
#940 = DIRECTION('',(0.,1.));
#941 = ( GEOMETRIC_REPRESENTATION_CONTEXT(2) 
PARAMETRIC_REPRESENTATION_CONTEXT() REPRESENTATION_CONTEXT('2D SPACE',''
  ) );
#942 = PCURVE('',#879,#943);
#943 = DEFINITIONAL_REPRESENTATION('',(#944),#948);
#944 = LINE('',#945,#946);
#945 = CARTESIAN_POINT('',(3.14159265359,0.));
#946 = VECTOR('',#947,1.);
#947 = DIRECTION('',(0.,1.));
#948 = ( GEOMETRIC_REPRESENTATION_CONTEXT(2) 
PARAMETRIC_REPRESENTATION_CONTEXT() REPRESENTATION_CONTEXT('2D SPACE',''
  ) );
#949 = ORIENTED_EDGE('',*,*,#833,.F.);
#950 = ORIENTED_EDGE('',*,*,#951,.F.);
#951 = EDGE_CURVE('',#895,#834,#952,.T.);
#952 = SURFACE_CURVE('',#953,(#957,#964),.PCURVE_S1.);
#953 = LINE('',#954,#955);
#954 = CARTESIAN_POINT('',(3.25,-0.625,-1.26));
#955 = VECTOR('',#956,1.);
#956 = DIRECTION('',(1.,-0.,-0.));
#957 = PCURVE('',#852,#958);
#958 = DEFINITIONAL_REPRESENTATION('',(#959),#963);
#959 = LINE('',#960,#961);
#960 = CARTESIAN_POINT('',(0.,0.));
#961 = VECTOR('',#962,1.);
#962 = DIRECTION('',(0.,1.));
#963 = ( GEOMETRIC_REPRESENTATION_CONTEXT(2) 
PARAMETRIC_REPRESENTATION_CONTEXT() REPRESENTATION_CONTEXT('2D SPACE',''
  ) );
#964 = PCURVE('',#879,#965);
#965 = DEFINITIONAL_REPRESENTATION('',(#966),#970);
#966 = LINE('',#967,#968);
#967 = CARTESIAN_POINT('',(6.28318530718,0.));
#968 = VECTOR('',#969,1.);
#969 = DIRECTION('',(0.,1.));
#970 = ( GEOMETRIC_REPRESENTATION_CONTEXT(2) 
PARAMETRIC_REPRESENTATION_CONTEXT() REPRESENTATION_CONTEXT('2D SPACE',''
  ) );
#971 = ADVANCED_FACE('',(#972,#1050),#913,.T.);
#972 = FACE_BOUND('',#973,.T.);
#973 = EDGE_LOOP('',(#974,#1014));
#974 = ORIENTED_EDGE('',*,*,#975,.T.);
#975 = EDGE_CURVE('',#976,#978,#980,.T.);
#976 = VERTEX_POINT('',#977);
#977 = CARTESIAN_POINT('',(2.052069510512,-0.625,1.246204473877));
#978 = VERTEX_POINT('',#979);
#979 = CARTESIAN_POINT('',(2.052069510512,-0.625,-1.246204473877));
#980 = SURFACE_CURVE('',#981,(#986,#997),.PCURVE_S1.);
#981 = CIRCLE('',#982,1.246204473877);
#982 = AXIS2_PLACEMENT_3D('',#983,#984,#985);
#983 = CARTESIAN_POINT('',(2.052069510512,-0.625,0.));
#984 = DIRECTION('',(1.,0.,-0.));
#985 = DIRECTION('',(0.,0.,1.));
#986 = PCURVE('',#913,#987);
#987 = DEFINITIONAL_REPRESENTATION('',(#988),#996);
#988 = ( BOUNDED_CURVE() B_SPLINE_CURVE(2,(#989,#990,#991,#992,#993,#994
,#995),.UNSPECIFIED.,.T.,.F.) B_SPLINE_CURVE_WITH_KNOTS((1,2,2,2,2,1),(
    -2.094395102393,0.,2.094395102393,4.188790204786,6.28318530718,
8.377580409573),.UNSPECIFIED.) CURVE() GEOMETRIC_REPRESENTATION_ITEM() 
RATIONAL_B_SPLINE_CURVE((1.,0.5,1.,0.5,1.,0.5,1.)) REPRESENTATION_ITEM(
  '') );
#989 = CARTESIAN_POINT('',(1.246204473877,0.));
#990 = CARTESIAN_POINT('',(1.246204473877,-2.158489465375));
#991 = CARTESIAN_POINT('',(-0.623102236938,-1.079244732687));
#992 = CARTESIAN_POINT('',(-2.492408947754,-3.052320640033E-16));
#993 = CARTESIAN_POINT('',(-0.623102236939,1.079244732687));
#994 = CARTESIAN_POINT('',(1.246204473877,2.158489465375));
#995 = CARTESIAN_POINT('',(1.246204473877,0.));
#996 = ( GEOMETRIC_REPRESENTATION_CONTEXT(2) 
PARAMETRIC_REPRESENTATION_CONTEXT() REPRESENTATION_CONTEXT('2D SPACE',''
  ) );
#997 = PCURVE('',#998,#1008);
#998 = SURFACE_OF_REVOLUTION('',#999,#1005);
#999 = B_SPLINE_CURVE_WITH_KNOTS('',4,(#1000,#1001,#1002,#1003,#1004),
  .UNSPECIFIED.,.F.,.F.,(5,5),(2.917517368287,3.091284756739),
  .PIECEWISE_BEZIER_KNOTS.);
#1000 = CARTESIAN_POINT('',(1.53631496608,-0.625,-1.175));
#1001 = CARTESIAN_POINT('',(1.663382368885,-0.625,-1.203958968724));
#1002 = CARTESIAN_POINT('',(1.792127472674,-0.625,-1.225557929952));
#1003 = CARTESIAN_POINT('',(1.921908853838,-0.625,-1.239650835219));
#1004 = CARTESIAN_POINT('',(2.052069510512,-0.625,-1.246204473877));
#1005 = AXIS1_PLACEMENT('',#1006,#1007);
#1006 = CARTESIAN_POINT('',(2.202929547381,-0.625,0.));
#1007 = DIRECTION('',(-1.,0.,0.));
#1008 = DEFINITIONAL_REPRESENTATION('',(#1009),#1013);
#1009 = LINE('',#1010,#1011);
#1010 = CARTESIAN_POINT('',(3.14159265359,3.091284756739));
#1011 = VECTOR('',#1012,1.);
#1012 = DIRECTION('',(-1.,0.));
#1013 = ( GEOMETRIC_REPRESENTATION_CONTEXT(2) 
PARAMETRIC_REPRESENTATION_CONTEXT() REPRESENTATION_CONTEXT('2D SPACE',''
  ) );
#1014 = ORIENTED_EDGE('',*,*,#1015,.T.);
#1015 = EDGE_CURVE('',#978,#976,#1016,.T.);
#1016 = SURFACE_CURVE('',#1017,(#1022,#1033),.PCURVE_S1.);
#1017 = CIRCLE('',#1018,1.246204473877);
#1018 = AXIS2_PLACEMENT_3D('',#1019,#1020,#1021);
#1019 = CARTESIAN_POINT('',(2.052069510512,-0.625,0.));
#1020 = DIRECTION('',(1.,0.,-0.));
#1021 = DIRECTION('',(0.,0.,1.));
#1022 = PCURVE('',#913,#1023);
#1023 = DEFINITIONAL_REPRESENTATION('',(#1024),#1032);
#1024 = ( BOUNDED_CURVE() B_SPLINE_CURVE(2,(#1025,#1026,#1027,#1028,
#1029,#1030,#1031),.UNSPECIFIED.,.T.,.F.) B_SPLINE_CURVE_WITH_KNOTS((1,2
    ,2,2,2,1),(-2.094395102393,0.,2.094395102393,4.188790204786,
6.28318530718,8.377580409573),.UNSPECIFIED.) CURVE() 
GEOMETRIC_REPRESENTATION_ITEM() RATIONAL_B_SPLINE_CURVE((1.,0.5,1.,0.5,
1.,0.5,1.)) REPRESENTATION_ITEM('') );
#1025 = CARTESIAN_POINT('',(1.246204473877,0.));
#1026 = CARTESIAN_POINT('',(1.246204473877,-2.158489465375));
#1027 = CARTESIAN_POINT('',(-0.623102236938,-1.079244732687));
#1028 = CARTESIAN_POINT('',(-2.492408947754,-3.052320640033E-16));
#1029 = CARTESIAN_POINT('',(-0.623102236939,1.079244732687));
#1030 = CARTESIAN_POINT('',(1.246204473877,2.158489465375));
#1031 = CARTESIAN_POINT('',(1.246204473877,0.));
#1032 = ( GEOMETRIC_REPRESENTATION_CONTEXT(2) 
PARAMETRIC_REPRESENTATION_CONTEXT() REPRESENTATION_CONTEXT('2D SPACE',''
  ) );
#1033 = PCURVE('',#1034,#1044);
#1034 = SURFACE_OF_REVOLUTION('',#1035,#1041);
#1035 = B_SPLINE_CURVE_WITH_KNOTS('',4,(#1036,#1037,#1038,#1039,#1040),
  .UNSPECIFIED.,.F.,.F.,(5,5),(2.917517368287,3.091284756739),
  .PIECEWISE_BEZIER_KNOTS.);
#1036 = CARTESIAN_POINT('',(1.53631496608,-0.625,-1.175));
#1037 = CARTESIAN_POINT('',(1.663382368885,-0.625,-1.203958968724));
#1038 = CARTESIAN_POINT('',(1.792127472674,-0.625,-1.225557929952));
#1039 = CARTESIAN_POINT('',(1.921908853838,-0.625,-1.239650835219));
#1040 = CARTESIAN_POINT('',(2.052069510512,-0.625,-1.246204473877));
#1041 = AXIS1_PLACEMENT('',#1042,#1043);
#1042 = CARTESIAN_POINT('',(2.202929547381,-0.625,0.));
#1043 = DIRECTION('',(-1.,0.,0.));
#1044 = DEFINITIONAL_REPRESENTATION('',(#1045),#1049);
#1045 = LINE('',#1046,#1047);
#1046 = CARTESIAN_POINT('',(9.424777960769,3.091284756739));
#1047 = VECTOR('',#1048,1.);
#1048 = DIRECTION('',(-1.,0.));
#1049 = ( GEOMETRIC_REPRESENTATION_CONTEXT(2) 
PARAMETRIC_REPRESENTATION_CONTEXT() REPRESENTATION_CONTEXT('2D SPACE',''
  ) );
#1050 = FACE_BOUND('',#1051,.T.);
#1051 = EDGE_LOOP('',(#1052,#1053));
#1052 = ORIENTED_EDGE('',*,*,#894,.F.);
#1053 = ORIENTED_EDGE('',*,*,#1054,.F.);
#1054 = EDGE_CURVE('',#897,#895,#1055,.T.);
#1055 = SURFACE_CURVE('',#1056,(#1061,#1072),.PCURVE_S1.);
#1056 = CIRCLE('',#1057,1.26);
#1057 = AXIS2_PLACEMENT_3D('',#1058,#1059,#1060);
#1058 = CARTESIAN_POINT('',(2.052069510512,-0.625,0.));
#1059 = DIRECTION('',(1.,-0.,0.));
#1060 = DIRECTION('',(0.,0.,-1.));
#1061 = PCURVE('',#913,#1062);
#1062 = DEFINITIONAL_REPRESENTATION('',(#1063),#1071);
#1063 = ( BOUNDED_CURVE() B_SPLINE_CURVE(2,(#1064,#1065,#1066,#1067,
#1068,#1069,#1070),.UNSPECIFIED.,.T.,.F.) B_SPLINE_CURVE_WITH_KNOTS((1,2
    ,2,2,2,1),(-2.094395102393,0.,2.094395102393,4.188790204786,
6.28318530718,8.377580409573),.UNSPECIFIED.) CURVE() 
GEOMETRIC_REPRESENTATION_ITEM() RATIONAL_B_SPLINE_CURVE((1.,0.5,1.,0.5,
1.,0.5,1.)) REPRESENTATION_ITEM('') );
#1064 = CARTESIAN_POINT('',(-1.26,0.));
#1065 = CARTESIAN_POINT('',(-1.26,2.182384017537));
#1066 = CARTESIAN_POINT('',(0.63,1.091192008768));
#1067 = CARTESIAN_POINT('',(2.52,3.086109933851E-16));
#1068 = CARTESIAN_POINT('',(0.63,-1.091192008768));
#1069 = CARTESIAN_POINT('',(-1.26,-2.182384017537));
#1070 = CARTESIAN_POINT('',(-1.26,0.));
#1071 = ( GEOMETRIC_REPRESENTATION_CONTEXT(2) 
PARAMETRIC_REPRESENTATION_CONTEXT() REPRESENTATION_CONTEXT('2D SPACE',''
  ) );
#1072 = PCURVE('',#879,#1073);
#1073 = DEFINITIONAL_REPRESENTATION('',(#1074),#1078);
#1074 = LINE('',#1075,#1076);
#1075 = CARTESIAN_POINT('',(0.,-1.197930489488));
#1076 = VECTOR('',#1077,1.);
#1077 = DIRECTION('',(1.,0.));
#1078 = ( GEOMETRIC_REPRESENTATION_CONTEXT(2) 
PARAMETRIC_REPRESENTATION_CONTEXT() REPRESENTATION_CONTEXT('2D SPACE',''
  ) );
#1079 = ADVANCED_FACE('',(#1080),#1034,.F.);
#1080 = FACE_BOUND('',#1081,.F.);
#1081 = EDGE_LOOP('',(#1082,#1106,#1135,#1157));
#1082 = ORIENTED_EDGE('',*,*,#1083,.T.);
#1083 = EDGE_CURVE('',#976,#1084,#1086,.T.);
#1084 = VERTEX_POINT('',#1085);
#1085 = CARTESIAN_POINT('',(1.53631496608,-0.625,1.175));
#1086 = SURFACE_CURVE('',#1087,(#1092,#1099),.PCURVE_S1.);
#1087 = CIRCLE('',#1088,3.);
#1088 = AXIS2_PLACEMENT_3D('',#1089,#1090,#1091);
#1089 = CARTESIAN_POINT('',(2.202929547381,-0.625,-1.75));
#1090 = DIRECTION('',(0.,-1.,0.));
#1091 = DIRECTION('',(0.,0.,-1.));
#1092 = PCURVE('',#1034,#1093);
#1093 = DEFINITIONAL_REPRESENTATION('',(#1094),#1098);
#1094 = LINE('',#1095,#1096);
#1095 = CARTESIAN_POINT('',(3.14159265359,6.28318530718));
#1096 = VECTOR('',#1097,1.);
#1097 = DIRECTION('',(0.,-1.));
#1098 = ( GEOMETRIC_REPRESENTATION_CONTEXT(2) 
PARAMETRIC_REPRESENTATION_CONTEXT() REPRESENTATION_CONTEXT('2D SPACE',''
  ) );
#1099 = PCURVE('',#998,#1100);
#1100 = DEFINITIONAL_REPRESENTATION('',(#1101),#1105);
#1101 = LINE('',#1102,#1103);
#1102 = CARTESIAN_POINT('',(3.14159265359,6.28318530718));
#1103 = VECTOR('',#1104,1.);
#1104 = DIRECTION('',(0.,-1.));
#1105 = ( GEOMETRIC_REPRESENTATION_CONTEXT(2) 
PARAMETRIC_REPRESENTATION_CONTEXT() REPRESENTATION_CONTEXT('2D SPACE',''
  ) );
#1106 = ORIENTED_EDGE('',*,*,#1107,.T.);
#1107 = EDGE_CURVE('',#1084,#1108,#1110,.T.);
#1108 = VERTEX_POINT('',#1109);
#1109 = CARTESIAN_POINT('',(1.53631496608,-0.625,-1.175));
#1110 = SURFACE_CURVE('',#1111,(#1116,#1123),.PCURVE_S1.);
#1111 = CIRCLE('',#1112,1.175);
#1112 = AXIS2_PLACEMENT_3D('',#1113,#1114,#1115);
#1113 = CARTESIAN_POINT('',(1.53631496608,-0.625,0.));
#1114 = DIRECTION('',(-1.,0.,0.));
#1115 = DIRECTION('',(0.,0.,1.));
#1116 = PCURVE('',#1034,#1117);
#1117 = DEFINITIONAL_REPRESENTATION('',(#1118),#1122);
#1118 = LINE('',#1119,#1120);
#1119 = CARTESIAN_POINT('',(3.14159265359,2.917517368287));
#1120 = VECTOR('',#1121,1.);
#1121 = DIRECTION('',(1.,0.));
#1122 = ( GEOMETRIC_REPRESENTATION_CONTEXT(2) 
PARAMETRIC_REPRESENTATION_CONTEXT() REPRESENTATION_CONTEXT('2D SPACE',''
  ) );
#1123 = PCURVE('',#1124,#1129);
#1124 = TOROIDAL_SURFACE('',#1125,2.15,1.);
#1125 = AXIS2_PLACEMENT_3D('',#1126,#1127,#1128);
#1126 = CARTESIAN_POINT('',(1.314110105646,-0.625,0.));
#1127 = DIRECTION('',(1.,-0.,-0.));
#1128 = DIRECTION('',(0.,0.,-1.));
#1129 = DEFINITIONAL_REPRESENTATION('',(#1130),#1134);
#1130 = LINE('',#1131,#1132);
#1131 = CARTESIAN_POINT('',(3.14159265359,2.917517368287));
#1132 = VECTOR('',#1133,1.);
#1133 = DIRECTION('',(-1.,0.));
#1134 = ( GEOMETRIC_REPRESENTATION_CONTEXT(2) 
PARAMETRIC_REPRESENTATION_CONTEXT() REPRESENTATION_CONTEXT('2D SPACE',''
  ) );
#1135 = ORIENTED_EDGE('',*,*,#1136,.F.);
#1136 = EDGE_CURVE('',#978,#1108,#1137,.T.);
#1137 = SURFACE_CURVE('',#1138,(#1143,#1150),.PCURVE_S1.);
#1138 = CIRCLE('',#1139,3.);
#1139 = AXIS2_PLACEMENT_3D('',#1140,#1141,#1142);
#1140 = CARTESIAN_POINT('',(2.202929547381,-0.625,1.75));
#1141 = DIRECTION('',(0.,1.,1.224646799147E-16));
#1142 = DIRECTION('',(0.,-1.224646799147E-16,1.));
#1143 = PCURVE('',#1034,#1144);
#1144 = DEFINITIONAL_REPRESENTATION('',(#1145),#1149);
#1145 = LINE('',#1146,#1147);
#1146 = CARTESIAN_POINT('',(6.28318530718,6.28318530718));
#1147 = VECTOR('',#1148,1.);
#1148 = DIRECTION('',(0.,-1.));
#1149 = ( GEOMETRIC_REPRESENTATION_CONTEXT(2) 
PARAMETRIC_REPRESENTATION_CONTEXT() REPRESENTATION_CONTEXT('2D SPACE',''
  ) );
#1150 = PCURVE('',#998,#1151);
#1151 = DEFINITIONAL_REPRESENTATION('',(#1152),#1156);
#1152 = LINE('',#1153,#1154);
#1153 = CARTESIAN_POINT('',(0.,6.28318530718));
#1154 = VECTOR('',#1155,1.);
#1155 = DIRECTION('',(0.,-1.));
#1156 = ( GEOMETRIC_REPRESENTATION_CONTEXT(2) 
PARAMETRIC_REPRESENTATION_CONTEXT() REPRESENTATION_CONTEXT('2D SPACE',''
  ) );
#1157 = ORIENTED_EDGE('',*,*,#1015,.T.);
#1158 = ADVANCED_FACE('',(#1159),#998,.F.);
#1159 = FACE_BOUND('',#1160,.F.);
#1160 = EDGE_LOOP('',(#1161,#1188,#1189,#1190));
#1161 = ORIENTED_EDGE('',*,*,#1162,.T.);
#1162 = EDGE_CURVE('',#1108,#1084,#1163,.T.);
#1163 = SURFACE_CURVE('',#1164,(#1169,#1176),.PCURVE_S1.);
#1164 = CIRCLE('',#1165,1.175);
#1165 = AXIS2_PLACEMENT_3D('',#1166,#1167,#1168);
#1166 = CARTESIAN_POINT('',(1.53631496608,-0.625,0.));
#1167 = DIRECTION('',(-1.,0.,0.));
#1168 = DIRECTION('',(0.,0.,1.));
#1169 = PCURVE('',#998,#1170);
#1170 = DEFINITIONAL_REPRESENTATION('',(#1171),#1175);
#1171 = LINE('',#1172,#1173);
#1172 = CARTESIAN_POINT('',(-3.14159265359,2.917517368287));
#1173 = VECTOR('',#1174,1.);
#1174 = DIRECTION('',(1.,0.));
#1175 = ( GEOMETRIC_REPRESENTATION_CONTEXT(2) 
PARAMETRIC_REPRESENTATION_CONTEXT() REPRESENTATION_CONTEXT('2D SPACE',''
  ) );
#1176 = PCURVE('',#1177,#1182);
#1177 = TOROIDAL_SURFACE('',#1178,2.15,1.);
#1178 = AXIS2_PLACEMENT_3D('',#1179,#1180,#1181);
#1179 = CARTESIAN_POINT('',(1.314110105646,-0.625,0.));
#1180 = DIRECTION('',(1.,-0.,-0.));
#1181 = DIRECTION('',(0.,0.,-1.));
#1182 = DEFINITIONAL_REPRESENTATION('',(#1183),#1187);
#1183 = LINE('',#1184,#1185);
#1184 = CARTESIAN_POINT('',(9.424777960769,2.917517368287));
#1185 = VECTOR('',#1186,1.);
#1186 = DIRECTION('',(-1.,0.));
#1187 = ( GEOMETRIC_REPRESENTATION_CONTEXT(2) 
PARAMETRIC_REPRESENTATION_CONTEXT() REPRESENTATION_CONTEXT('2D SPACE',''
  ) );
#1188 = ORIENTED_EDGE('',*,*,#1083,.F.);
#1189 = ORIENTED_EDGE('',*,*,#975,.T.);
#1190 = ORIENTED_EDGE('',*,*,#1136,.T.);
#1191 = ADVANCED_FACE('',(#1192),#1177,.F.);
#1192 = FACE_BOUND('',#1193,.F.);
#1193 = EDGE_LOOP('',(#1194,#1218,#1247,#1269));
#1194 = ORIENTED_EDGE('',*,*,#1195,.T.);
#1195 = EDGE_CURVE('',#1108,#1196,#1198,.T.);
#1196 = VERTEX_POINT('',#1197);
#1197 = CARTESIAN_POINT('',(1.314110105646,-0.625,-1.15));
#1198 = SURFACE_CURVE('',#1199,(#1204,#1211),.PCURVE_S1.);
#1199 = CIRCLE('',#1200,1.);
#1200 = AXIS2_PLACEMENT_3D('',#1201,#1202,#1203);
#1201 = CARTESIAN_POINT('',(1.314110105646,-0.625,-2.15));
#1202 = DIRECTION('',(0.,-1.,0.));
#1203 = DIRECTION('',(0.,0.,-1.));
#1204 = PCURVE('',#1177,#1205);
#1205 = DEFINITIONAL_REPRESENTATION('',(#1206),#1210);
#1206 = LINE('',#1207,#1208);
#1207 = CARTESIAN_POINT('',(6.28318530718,0.));
#1208 = VECTOR('',#1209,1.);
#1209 = DIRECTION('',(0.,1.));
#1210 = ( GEOMETRIC_REPRESENTATION_CONTEXT(2) 
PARAMETRIC_REPRESENTATION_CONTEXT() REPRESENTATION_CONTEXT('2D SPACE',''
  ) );
#1211 = PCURVE('',#1124,#1212);
#1212 = DEFINITIONAL_REPRESENTATION('',(#1213),#1217);
#1213 = LINE('',#1214,#1215);
#1214 = CARTESIAN_POINT('',(0.,0.));
#1215 = VECTOR('',#1216,1.);
#1216 = DIRECTION('',(0.,1.));
#1217 = ( GEOMETRIC_REPRESENTATION_CONTEXT(2) 
PARAMETRIC_REPRESENTATION_CONTEXT() REPRESENTATION_CONTEXT('2D SPACE',''
  ) );
#1218 = ORIENTED_EDGE('',*,*,#1219,.T.);
#1219 = EDGE_CURVE('',#1196,#1220,#1222,.T.);
#1220 = VERTEX_POINT('',#1221);
#1221 = CARTESIAN_POINT('',(1.314110105646,-0.625,1.15));
#1222 = SURFACE_CURVE('',#1223,(#1228,#1235),.PCURVE_S1.);
#1223 = CIRCLE('',#1224,1.15);
#1224 = AXIS2_PLACEMENT_3D('',#1225,#1226,#1227);
#1225 = CARTESIAN_POINT('',(1.314110105646,-0.625,0.));
#1226 = DIRECTION('',(-1.,0.,0.));
#1227 = DIRECTION('',(0.,0.,-1.));
#1228 = PCURVE('',#1177,#1229);
#1229 = DEFINITIONAL_REPRESENTATION('',(#1230),#1234);
#1230 = LINE('',#1231,#1232);
#1231 = CARTESIAN_POINT('',(6.28318530718,3.14159265359));
#1232 = VECTOR('',#1233,1.);
#1233 = DIRECTION('',(-1.,-1.413579858428E-16));
#1234 = ( GEOMETRIC_REPRESENTATION_CONTEXT(2) 
PARAMETRIC_REPRESENTATION_CONTEXT() REPRESENTATION_CONTEXT('2D SPACE',''
  ) );
#1235 = PCURVE('',#1236,#1241);
#1236 = CYLINDRICAL_SURFACE('',#1237,1.15);
#1237 = AXIS2_PLACEMENT_3D('',#1238,#1239,#1240);
#1238 = CARTESIAN_POINT('',(3.25,-0.625,0.));
#1239 = DIRECTION('',(1.,-0.,-0.));
#1240 = DIRECTION('',(0.,0.,-1.));
#1241 = DEFINITIONAL_REPRESENTATION('',(#1242),#1246);
#1242 = LINE('',#1243,#1244);
#1243 = CARTESIAN_POINT('',(6.28318530718,-1.935889894354));
#1244 = VECTOR('',#1245,1.);
#1245 = DIRECTION('',(-1.,0.));
#1246 = ( GEOMETRIC_REPRESENTATION_CONTEXT(2) 
PARAMETRIC_REPRESENTATION_CONTEXT() REPRESENTATION_CONTEXT('2D SPACE',''
  ) );
#1247 = ORIENTED_EDGE('',*,*,#1248,.F.);
#1248 = EDGE_CURVE('',#1084,#1220,#1249,.T.);
#1249 = SURFACE_CURVE('',#1250,(#1255,#1262),.PCURVE_S1.);
#1250 = CIRCLE('',#1251,1.);
#1251 = AXIS2_PLACEMENT_3D('',#1252,#1253,#1254);
#1252 = CARTESIAN_POINT('',(1.314110105646,-0.625,2.15));
#1253 = DIRECTION('',(0.,1.,-1.224646799147E-16));
#1254 = DIRECTION('',(0.,1.224646799147E-16,1.));
#1255 = PCURVE('',#1177,#1256);
#1256 = DEFINITIONAL_REPRESENTATION('',(#1257),#1261);
#1257 = LINE('',#1258,#1259);
#1258 = CARTESIAN_POINT('',(3.14159265359,0.));
#1259 = VECTOR('',#1260,1.);
#1260 = DIRECTION('',(0.,1.));
#1261 = ( GEOMETRIC_REPRESENTATION_CONTEXT(2) 
PARAMETRIC_REPRESENTATION_CONTEXT() REPRESENTATION_CONTEXT('2D SPACE',''
  ) );
#1262 = PCURVE('',#1124,#1263);
#1263 = DEFINITIONAL_REPRESENTATION('',(#1264),#1268);
#1264 = LINE('',#1265,#1266);
#1265 = CARTESIAN_POINT('',(3.14159265359,0.));
#1266 = VECTOR('',#1267,1.);
#1267 = DIRECTION('',(0.,1.));
#1268 = ( GEOMETRIC_REPRESENTATION_CONTEXT(2) 
PARAMETRIC_REPRESENTATION_CONTEXT() REPRESENTATION_CONTEXT('2D SPACE',''
  ) );
#1269 = ORIENTED_EDGE('',*,*,#1162,.F.);
#1270 = ADVANCED_FACE('',(#1271),#1124,.F.);
#1271 = FACE_BOUND('',#1272,.F.);
#1272 = EDGE_LOOP('',(#1273,#1300,#1301,#1302));
#1273 = ORIENTED_EDGE('',*,*,#1274,.T.);
#1274 = EDGE_CURVE('',#1220,#1196,#1275,.T.);
#1275 = SURFACE_CURVE('',#1276,(#1281,#1288),.PCURVE_S1.);
#1276 = CIRCLE('',#1277,1.15);
#1277 = AXIS2_PLACEMENT_3D('',#1278,#1279,#1280);
#1278 = CARTESIAN_POINT('',(1.314110105646,-0.625,0.));
#1279 = DIRECTION('',(-1.,0.,0.));
#1280 = DIRECTION('',(0.,0.,-1.));
#1281 = PCURVE('',#1124,#1282);
#1282 = DEFINITIONAL_REPRESENTATION('',(#1283),#1287);
#1283 = LINE('',#1284,#1285);
#1284 = CARTESIAN_POINT('',(6.28318530718,3.14159265359));
#1285 = VECTOR('',#1286,1.);
#1286 = DIRECTION('',(-1.,1.413579858428E-16));
#1287 = ( GEOMETRIC_REPRESENTATION_CONTEXT(2) 
PARAMETRIC_REPRESENTATION_CONTEXT() REPRESENTATION_CONTEXT('2D SPACE',''
  ) );
#1288 = PCURVE('',#1289,#1294);
#1289 = CYLINDRICAL_SURFACE('',#1290,1.15);
#1290 = AXIS2_PLACEMENT_3D('',#1291,#1292,#1293);
#1291 = CARTESIAN_POINT('',(3.25,-0.625,0.));
#1292 = DIRECTION('',(1.,-0.,-0.));
#1293 = DIRECTION('',(0.,0.,-1.));
#1294 = DEFINITIONAL_REPRESENTATION('',(#1295),#1299);
#1295 = LINE('',#1296,#1297);
#1296 = CARTESIAN_POINT('',(6.28318530718,-1.935889894354));
#1297 = VECTOR('',#1298,1.);
#1298 = DIRECTION('',(-1.,0.));
#1299 = ( GEOMETRIC_REPRESENTATION_CONTEXT(2) 
PARAMETRIC_REPRESENTATION_CONTEXT() REPRESENTATION_CONTEXT('2D SPACE',''
  ) );
#1300 = ORIENTED_EDGE('',*,*,#1195,.F.);
#1301 = ORIENTED_EDGE('',*,*,#1107,.F.);
#1302 = ORIENTED_EDGE('',*,*,#1248,.T.);
#1303 = ADVANCED_FACE('',(#1304),#1289,.T.);
#1304 = FACE_BOUND('',#1305,.T.);
#1305 = EDGE_LOOP('',(#1306,#1337,#1358,#1359));
#1306 = ORIENTED_EDGE('',*,*,#1307,.T.);
#1307 = EDGE_CURVE('',#1308,#1310,#1312,.T.);
#1308 = VERTEX_POINT('',#1309);
#1309 = CARTESIAN_POINT('',(1.308927764295,-0.625,-1.15));
#1310 = VERTEX_POINT('',#1311);
#1311 = CARTESIAN_POINT('',(1.308927764295,-0.625,1.15));
#1312 = SURFACE_CURVE('',#1313,(#1318,#1325),.PCURVE_S1.);
#1313 = CIRCLE('',#1314,1.15);
#1314 = AXIS2_PLACEMENT_3D('',#1315,#1316,#1317);
#1315 = CARTESIAN_POINT('',(1.308927764295,-0.625,0.));
#1316 = DIRECTION('',(1.,-0.,0.));
#1317 = DIRECTION('',(0.,0.,-1.));
#1318 = PCURVE('',#1289,#1319);
#1319 = DEFINITIONAL_REPRESENTATION('',(#1320),#1324);
#1320 = LINE('',#1321,#1322);
#1321 = CARTESIAN_POINT('',(0.,-1.941072235705));
#1322 = VECTOR('',#1323,1.);
#1323 = DIRECTION('',(1.,0.));
#1324 = ( GEOMETRIC_REPRESENTATION_CONTEXT(2) 
PARAMETRIC_REPRESENTATION_CONTEXT() REPRESENTATION_CONTEXT('2D SPACE',''
  ) );
#1325 = PCURVE('',#1326,#1331);
#1326 = PLANE('',#1327);
#1327 = AXIS2_PLACEMENT_3D('',#1328,#1329,#1330);
#1328 = CARTESIAN_POINT('',(1.308927764295,-0.625,0.));
#1329 = DIRECTION('',(1.,0.,-0.));
#1330 = DIRECTION('',(-0.,0.,-1.));
#1331 = DEFINITIONAL_REPRESENTATION('',(#1332),#1336);
#1332 = CIRCLE('',#1333,1.15);
#1333 = AXIS2_PLACEMENT_2D('',#1334,#1335);
#1334 = CARTESIAN_POINT('',(0.,0.));
#1335 = DIRECTION('',(1.,0.));
#1336 = ( GEOMETRIC_REPRESENTATION_CONTEXT(2) 
PARAMETRIC_REPRESENTATION_CONTEXT() REPRESENTATION_CONTEXT('2D SPACE',''
  ) );
#1337 = ORIENTED_EDGE('',*,*,#1338,.T.);
#1338 = EDGE_CURVE('',#1310,#1220,#1339,.T.);
#1339 = SURFACE_CURVE('',#1340,(#1344,#1351),.PCURVE_S1.);
#1340 = LINE('',#1341,#1342);
#1341 = CARTESIAN_POINT('',(3.25,-0.625,1.15));
#1342 = VECTOR('',#1343,1.);
#1343 = DIRECTION('',(1.,-0.,-0.));
#1344 = PCURVE('',#1289,#1345);
#1345 = DEFINITIONAL_REPRESENTATION('',(#1346),#1350);
#1346 = LINE('',#1347,#1348);
#1347 = CARTESIAN_POINT('',(3.14159265359,0.));
#1348 = VECTOR('',#1349,1.);
#1349 = DIRECTION('',(0.,1.));
#1350 = ( GEOMETRIC_REPRESENTATION_CONTEXT(2) 
PARAMETRIC_REPRESENTATION_CONTEXT() REPRESENTATION_CONTEXT('2D SPACE',''
  ) );
#1351 = PCURVE('',#1236,#1352);
#1352 = DEFINITIONAL_REPRESENTATION('',(#1353),#1357);
#1353 = LINE('',#1354,#1355);
#1354 = CARTESIAN_POINT('',(3.14159265359,0.));
#1355 = VECTOR('',#1356,1.);
#1356 = DIRECTION('',(0.,1.));
#1357 = ( GEOMETRIC_REPRESENTATION_CONTEXT(2) 
PARAMETRIC_REPRESENTATION_CONTEXT() REPRESENTATION_CONTEXT('2D SPACE',''
  ) );
#1358 = ORIENTED_EDGE('',*,*,#1274,.T.);
#1359 = ORIENTED_EDGE('',*,*,#1360,.F.);
#1360 = EDGE_CURVE('',#1308,#1196,#1361,.T.);
#1361 = SURFACE_CURVE('',#1362,(#1366,#1373),.PCURVE_S1.);
#1362 = LINE('',#1363,#1364);
#1363 = CARTESIAN_POINT('',(3.25,-0.625,-1.15));
#1364 = VECTOR('',#1365,1.);
#1365 = DIRECTION('',(1.,-0.,-0.));
#1366 = PCURVE('',#1289,#1367);
#1367 = DEFINITIONAL_REPRESENTATION('',(#1368),#1372);
#1368 = LINE('',#1369,#1370);
#1369 = CARTESIAN_POINT('',(0.,0.));
#1370 = VECTOR('',#1371,1.);
#1371 = DIRECTION('',(0.,1.));
#1372 = ( GEOMETRIC_REPRESENTATION_CONTEXT(2) 
PARAMETRIC_REPRESENTATION_CONTEXT() REPRESENTATION_CONTEXT('2D SPACE',''
  ) );
#1373 = PCURVE('',#1236,#1374);
#1374 = DEFINITIONAL_REPRESENTATION('',(#1375),#1379);
#1375 = LINE('',#1376,#1377);
#1376 = CARTESIAN_POINT('',(6.28318530718,0.));
#1377 = VECTOR('',#1378,1.);
#1378 = DIRECTION('',(0.,1.));
#1379 = ( GEOMETRIC_REPRESENTATION_CONTEXT(2) 
PARAMETRIC_REPRESENTATION_CONTEXT() REPRESENTATION_CONTEXT('2D SPACE',''
  ) );
#1380 = ADVANCED_FACE('',(#1381,#1406),#1326,.T.);
#1381 = FACE_BOUND('',#1382,.T.);
#1382 = EDGE_LOOP('',(#1383,#1384));
#1383 = ORIENTED_EDGE('',*,*,#1307,.F.);
#1384 = ORIENTED_EDGE('',*,*,#1385,.F.);
#1385 = EDGE_CURVE('',#1310,#1308,#1386,.T.);
#1386 = SURFACE_CURVE('',#1387,(#1392,#1399),.PCURVE_S1.);
#1387 = CIRCLE('',#1388,1.15);
#1388 = AXIS2_PLACEMENT_3D('',#1389,#1390,#1391);
#1389 = CARTESIAN_POINT('',(1.308927764295,-0.625,0.));
#1390 = DIRECTION('',(1.,-0.,0.));
#1391 = DIRECTION('',(0.,0.,-1.));
#1392 = PCURVE('',#1326,#1393);
#1393 = DEFINITIONAL_REPRESENTATION('',(#1394),#1398);
#1394 = CIRCLE('',#1395,1.15);
#1395 = AXIS2_PLACEMENT_2D('',#1396,#1397);
#1396 = CARTESIAN_POINT('',(0.,0.));
#1397 = DIRECTION('',(1.,0.));
#1398 = ( GEOMETRIC_REPRESENTATION_CONTEXT(2) 
PARAMETRIC_REPRESENTATION_CONTEXT() REPRESENTATION_CONTEXT('2D SPACE',''
  ) );
#1399 = PCURVE('',#1236,#1400);
#1400 = DEFINITIONAL_REPRESENTATION('',(#1401),#1405);
#1401 = LINE('',#1402,#1403);
#1402 = CARTESIAN_POINT('',(0.,-1.941072235705));
#1403 = VECTOR('',#1404,1.);
#1404 = DIRECTION('',(1.,0.));
#1405 = ( GEOMETRIC_REPRESENTATION_CONTEXT(2) 
PARAMETRIC_REPRESENTATION_CONTEXT() REPRESENTATION_CONTEXT('2D SPACE',''
  ) );
#1406 = FACE_BOUND('',#1407,.T.);
#1407 = EDGE_LOOP('',(#1408,#1439));
#1408 = ORIENTED_EDGE('',*,*,#1409,.T.);
#1409 = EDGE_CURVE('',#1410,#1412,#1414,.T.);
#1410 = VERTEX_POINT('',#1411);
#1411 = CARTESIAN_POINT('',(1.308927764295,-0.625,-1.16));
#1412 = VERTEX_POINT('',#1413);
#1413 = CARTESIAN_POINT('',(1.308927764295,-0.625,1.16));
#1414 = SURFACE_CURVE('',#1415,(#1420,#1427),.PCURVE_S1.);
#1415 = CIRCLE('',#1416,1.16);
#1416 = AXIS2_PLACEMENT_3D('',#1417,#1418,#1419);
#1417 = CARTESIAN_POINT('',(1.308927764295,-0.625,0.));
#1418 = DIRECTION('',(1.,-0.,0.));
#1419 = DIRECTION('',(0.,0.,-1.));
#1420 = PCURVE('',#1326,#1421);
#1421 = DEFINITIONAL_REPRESENTATION('',(#1422),#1426);
#1422 = CIRCLE('',#1423,1.16);
#1423 = AXIS2_PLACEMENT_2D('',#1424,#1425);
#1424 = CARTESIAN_POINT('',(0.,0.));
#1425 = DIRECTION('',(1.,0.));
#1426 = ( GEOMETRIC_REPRESENTATION_CONTEXT(2) 
PARAMETRIC_REPRESENTATION_CONTEXT() REPRESENTATION_CONTEXT('2D SPACE',''
  ) );
#1427 = PCURVE('',#1428,#1433);
#1428 = CYLINDRICAL_SURFACE('',#1429,1.16);
#1429 = AXIS2_PLACEMENT_3D('',#1430,#1431,#1432);
#1430 = CARTESIAN_POINT('',(3.25,-0.625,0.));
#1431 = DIRECTION('',(1.,-0.,-0.));
#1432 = DIRECTION('',(0.,0.,-1.));
#1433 = DEFINITIONAL_REPRESENTATION('',(#1434),#1438);
#1434 = LINE('',#1435,#1436);
#1435 = CARTESIAN_POINT('',(0.,-1.941072235705));
#1436 = VECTOR('',#1437,1.);
#1437 = DIRECTION('',(1.,0.));
#1438 = ( GEOMETRIC_REPRESENTATION_CONTEXT(2) 
PARAMETRIC_REPRESENTATION_CONTEXT() REPRESENTATION_CONTEXT('2D SPACE',''
  ) );
#1439 = ORIENTED_EDGE('',*,*,#1440,.T.);
#1440 = EDGE_CURVE('',#1412,#1410,#1441,.T.);
#1441 = SURFACE_CURVE('',#1442,(#1447,#1454),.PCURVE_S1.);
#1442 = CIRCLE('',#1443,1.16);
#1443 = AXIS2_PLACEMENT_3D('',#1444,#1445,#1446);
#1444 = CARTESIAN_POINT('',(1.308927764295,-0.625,0.));
#1445 = DIRECTION('',(1.,-0.,0.));
#1446 = DIRECTION('',(0.,0.,-1.));
#1447 = PCURVE('',#1326,#1448);
#1448 = DEFINITIONAL_REPRESENTATION('',(#1449),#1453);
#1449 = CIRCLE('',#1450,1.16);
#1450 = AXIS2_PLACEMENT_2D('',#1451,#1452);
#1451 = CARTESIAN_POINT('',(0.,0.));
#1452 = DIRECTION('',(1.,0.));
#1453 = ( GEOMETRIC_REPRESENTATION_CONTEXT(2) 
PARAMETRIC_REPRESENTATION_CONTEXT() REPRESENTATION_CONTEXT('2D SPACE',''
  ) );
#1454 = PCURVE('',#1455,#1460);
#1455 = CYLINDRICAL_SURFACE('',#1456,1.16);
#1456 = AXIS2_PLACEMENT_3D('',#1457,#1458,#1459);
#1457 = CARTESIAN_POINT('',(3.25,-0.625,0.));
#1458 = DIRECTION('',(1.,-0.,-0.));
#1459 = DIRECTION('',(0.,0.,-1.));
#1460 = DEFINITIONAL_REPRESENTATION('',(#1461),#1465);
#1461 = LINE('',#1462,#1463);
#1462 = CARTESIAN_POINT('',(0.,-1.941072235705));
#1463 = VECTOR('',#1464,1.);
#1464 = DIRECTION('',(1.,0.));
#1465 = ( GEOMETRIC_REPRESENTATION_CONTEXT(2) 
PARAMETRIC_REPRESENTATION_CONTEXT() REPRESENTATION_CONTEXT('2D SPACE',''
  ) );
#1466 = ADVANCED_FACE('',(#1467),#1428,.T.);
#1467 = FACE_BOUND('',#1468,.T.);
#1468 = EDGE_LOOP('',(#1469,#1504,#1525,#1526));
#1469 = ORIENTED_EDGE('',*,*,#1470,.T.);
#1470 = EDGE_CURVE('',#1471,#1473,#1475,.T.);
#1471 = VERTEX_POINT('',#1472);
#1472 = CARTESIAN_POINT('',(0.808927764295,-0.625,-1.16));
#1473 = VERTEX_POINT('',#1474);
#1474 = CARTESIAN_POINT('',(0.808927764295,-0.625,1.16));
#1475 = SURFACE_CURVE('',#1476,(#1481,#1488),.PCURVE_S1.);
#1476 = CIRCLE('',#1477,1.16);
#1477 = AXIS2_PLACEMENT_3D('',#1478,#1479,#1480);
#1478 = CARTESIAN_POINT('',(0.808927764295,-0.625,0.));
#1479 = DIRECTION('',(1.,-0.,0.));
#1480 = DIRECTION('',(0.,0.,-1.));
#1481 = PCURVE('',#1428,#1482);
#1482 = DEFINITIONAL_REPRESENTATION('',(#1483),#1487);
#1483 = LINE('',#1484,#1485);
#1484 = CARTESIAN_POINT('',(0.,-2.441072235705));
#1485 = VECTOR('',#1486,1.);
#1486 = DIRECTION('',(1.,0.));
#1487 = ( GEOMETRIC_REPRESENTATION_CONTEXT(2) 
PARAMETRIC_REPRESENTATION_CONTEXT() REPRESENTATION_CONTEXT('2D SPACE',''
  ) );
#1488 = PCURVE('',#1489,#1494);
#1489 = PLANE('',#1490);
#1490 = AXIS2_PLACEMENT_3D('',#1491,#1492,#1493);
#1491 = CARTESIAN_POINT('',(0.808927764295,-0.625,0.));
#1492 = DIRECTION('',(-1.,0.,0.));
#1493 = DIRECTION('',(0.,0.,1.));
#1494 = DEFINITIONAL_REPRESENTATION('',(#1495),#1503);
#1495 = ( BOUNDED_CURVE() B_SPLINE_CURVE(2,(#1496,#1497,#1498,#1499,
#1500,#1501,#1502),.UNSPECIFIED.,.T.,.F.) B_SPLINE_CURVE_WITH_KNOTS((1,2
    ,2,2,2,1),(-2.094395102393,0.,2.094395102393,4.188790204786,
6.28318530718,8.377580409573),.UNSPECIFIED.) CURVE() 
GEOMETRIC_REPRESENTATION_ITEM() RATIONAL_B_SPLINE_CURVE((1.,0.5,1.,0.5,
1.,0.5,1.)) REPRESENTATION_ITEM('') );
#1496 = CARTESIAN_POINT('',(-1.16,0.));
#1497 = CARTESIAN_POINT('',(-1.16,2.00917893678));
#1498 = CARTESIAN_POINT('',(0.58,1.00458946839));
#1499 = CARTESIAN_POINT('',(2.32,2.841180574022E-16));
#1500 = CARTESIAN_POINT('',(0.58,-1.00458946839));
#1501 = CARTESIAN_POINT('',(-1.16,-2.00917893678));
#1502 = CARTESIAN_POINT('',(-1.16,0.));
#1503 = ( GEOMETRIC_REPRESENTATION_CONTEXT(2) 
PARAMETRIC_REPRESENTATION_CONTEXT() REPRESENTATION_CONTEXT('2D SPACE',''
  ) );
#1504 = ORIENTED_EDGE('',*,*,#1505,.T.);
#1505 = EDGE_CURVE('',#1473,#1412,#1506,.T.);
#1506 = SURFACE_CURVE('',#1507,(#1511,#1518),.PCURVE_S1.);
#1507 = LINE('',#1508,#1509);
#1508 = CARTESIAN_POINT('',(3.25,-0.625,1.16));
#1509 = VECTOR('',#1510,1.);
#1510 = DIRECTION('',(1.,-0.,-0.));
#1511 = PCURVE('',#1428,#1512);
#1512 = DEFINITIONAL_REPRESENTATION('',(#1513),#1517);
#1513 = LINE('',#1514,#1515);
#1514 = CARTESIAN_POINT('',(3.14159265359,0.));
#1515 = VECTOR('',#1516,1.);
#1516 = DIRECTION('',(0.,1.));
#1517 = ( GEOMETRIC_REPRESENTATION_CONTEXT(2) 
PARAMETRIC_REPRESENTATION_CONTEXT() REPRESENTATION_CONTEXT('2D SPACE',''
  ) );
#1518 = PCURVE('',#1455,#1519);
#1519 = DEFINITIONAL_REPRESENTATION('',(#1520),#1524);
#1520 = LINE('',#1521,#1522);
#1521 = CARTESIAN_POINT('',(3.14159265359,0.));
#1522 = VECTOR('',#1523,1.);
#1523 = DIRECTION('',(0.,1.));
#1524 = ( GEOMETRIC_REPRESENTATION_CONTEXT(2) 
PARAMETRIC_REPRESENTATION_CONTEXT() REPRESENTATION_CONTEXT('2D SPACE',''
  ) );
#1525 = ORIENTED_EDGE('',*,*,#1409,.F.);
#1526 = ORIENTED_EDGE('',*,*,#1527,.F.);
#1527 = EDGE_CURVE('',#1471,#1410,#1528,.T.);
#1528 = SURFACE_CURVE('',#1529,(#1533,#1540),.PCURVE_S1.);
#1529 = LINE('',#1530,#1531);
#1530 = CARTESIAN_POINT('',(3.25,-0.625,-1.16));
#1531 = VECTOR('',#1532,1.);
#1532 = DIRECTION('',(1.,-0.,-0.));
#1533 = PCURVE('',#1428,#1534);
#1534 = DEFINITIONAL_REPRESENTATION('',(#1535),#1539);
#1535 = LINE('',#1536,#1537);
#1536 = CARTESIAN_POINT('',(0.,0.));
#1537 = VECTOR('',#1538,1.);
#1538 = DIRECTION('',(0.,1.));
#1539 = ( GEOMETRIC_REPRESENTATION_CONTEXT(2) 
PARAMETRIC_REPRESENTATION_CONTEXT() REPRESENTATION_CONTEXT('2D SPACE',''
  ) );
#1540 = PCURVE('',#1455,#1541);
#1541 = DEFINITIONAL_REPRESENTATION('',(#1542),#1546);
#1542 = LINE('',#1543,#1544);
#1543 = CARTESIAN_POINT('',(6.28318530718,0.));
#1544 = VECTOR('',#1545,1.);
#1545 = DIRECTION('',(0.,1.));
#1546 = ( GEOMETRIC_REPRESENTATION_CONTEXT(2) 
PARAMETRIC_REPRESENTATION_CONTEXT() REPRESENTATION_CONTEXT('2D SPACE',''
  ) );
#1547 = ADVANCED_FACE('',(#1548,#1608),#1489,.T.);
#1548 = FACE_BOUND('',#1549,.T.);
#1549 = EDGE_LOOP('',(#1550,#1581));
#1550 = ORIENTED_EDGE('',*,*,#1551,.F.);
#1551 = EDGE_CURVE('',#1552,#1554,#1556,.T.);
#1552 = VERTEX_POINT('',#1553);
#1553 = CARTESIAN_POINT('',(0.808927764295,-0.625,-1.15));
#1554 = VERTEX_POINT('',#1555);
#1555 = CARTESIAN_POINT('',(0.808927764295,-0.625,1.15));
#1556 = SURFACE_CURVE('',#1557,(#1562,#1569),.PCURVE_S1.);
#1557 = CIRCLE('',#1558,1.15);
#1558 = AXIS2_PLACEMENT_3D('',#1559,#1560,#1561);
#1559 = CARTESIAN_POINT('',(0.808927764295,-0.625,0.));
#1560 = DIRECTION('',(-1.,0.,0.));
#1561 = DIRECTION('',(0.,0.,1.));
#1562 = PCURVE('',#1489,#1563);
#1563 = DEFINITIONAL_REPRESENTATION('',(#1564),#1568);
#1564 = CIRCLE('',#1565,1.15);
#1565 = AXIS2_PLACEMENT_2D('',#1566,#1567);
#1566 = CARTESIAN_POINT('',(0.,0.));
#1567 = DIRECTION('',(1.,0.));
#1568 = ( GEOMETRIC_REPRESENTATION_CONTEXT(2) 
PARAMETRIC_REPRESENTATION_CONTEXT() REPRESENTATION_CONTEXT('2D SPACE',''
  ) );
#1569 = PCURVE('',#1570,#1575);
#1570 = CYLINDRICAL_SURFACE('',#1571,1.15);
#1571 = AXIS2_PLACEMENT_3D('',#1572,#1573,#1574);
#1572 = CARTESIAN_POINT('',(3.25,-0.625,0.));
#1573 = DIRECTION('',(1.,-0.,-0.));
#1574 = DIRECTION('',(0.,0.,-1.));
#1575 = DEFINITIONAL_REPRESENTATION('',(#1576),#1580);
#1576 = LINE('',#1577,#1578);
#1577 = CARTESIAN_POINT('',(9.424777960769,-2.441072235705));
#1578 = VECTOR('',#1579,1.);
#1579 = DIRECTION('',(-1.,0.));
#1580 = ( GEOMETRIC_REPRESENTATION_CONTEXT(2) 
PARAMETRIC_REPRESENTATION_CONTEXT() REPRESENTATION_CONTEXT('2D SPACE',''
  ) );
#1581 = ORIENTED_EDGE('',*,*,#1582,.F.);
#1582 = EDGE_CURVE('',#1554,#1552,#1583,.T.);
#1583 = SURFACE_CURVE('',#1584,(#1589,#1596),.PCURVE_S1.);
#1584 = CIRCLE('',#1585,1.15);
#1585 = AXIS2_PLACEMENT_3D('',#1586,#1587,#1588);
#1586 = CARTESIAN_POINT('',(0.808927764295,-0.625,0.));
#1587 = DIRECTION('',(-1.,0.,0.));
#1588 = DIRECTION('',(0.,0.,1.));
#1589 = PCURVE('',#1489,#1590);
#1590 = DEFINITIONAL_REPRESENTATION('',(#1591),#1595);
#1591 = CIRCLE('',#1592,1.15);
#1592 = AXIS2_PLACEMENT_2D('',#1593,#1594);
#1593 = CARTESIAN_POINT('',(0.,0.));
#1594 = DIRECTION('',(1.,0.));
#1595 = ( GEOMETRIC_REPRESENTATION_CONTEXT(2) 
PARAMETRIC_REPRESENTATION_CONTEXT() REPRESENTATION_CONTEXT('2D SPACE',''
  ) );
#1596 = PCURVE('',#1597,#1602);
#1597 = CYLINDRICAL_SURFACE('',#1598,1.15);
#1598 = AXIS2_PLACEMENT_3D('',#1599,#1600,#1601);
#1599 = CARTESIAN_POINT('',(3.25,-0.625,0.));
#1600 = DIRECTION('',(1.,-0.,-0.));
#1601 = DIRECTION('',(0.,0.,-1.));
#1602 = DEFINITIONAL_REPRESENTATION('',(#1603),#1607);
#1603 = LINE('',#1604,#1605);
#1604 = CARTESIAN_POINT('',(3.14159265359,-2.441072235705));
#1605 = VECTOR('',#1606,1.);
#1606 = DIRECTION('',(-1.,0.));
#1607 = ( GEOMETRIC_REPRESENTATION_CONTEXT(2) 
PARAMETRIC_REPRESENTATION_CONTEXT() REPRESENTATION_CONTEXT('2D SPACE',''
  ) );
#1608 = FACE_BOUND('',#1609,.T.);
#1609 = EDGE_LOOP('',(#1610,#1611));
#1610 = ORIENTED_EDGE('',*,*,#1470,.F.);
#1611 = ORIENTED_EDGE('',*,*,#1612,.F.);
#1612 = EDGE_CURVE('',#1473,#1471,#1613,.T.);
#1613 = SURFACE_CURVE('',#1614,(#1619,#1630),.PCURVE_S1.);
#1614 = CIRCLE('',#1615,1.16);
#1615 = AXIS2_PLACEMENT_3D('',#1616,#1617,#1618);
#1616 = CARTESIAN_POINT('',(0.808927764295,-0.625,0.));
#1617 = DIRECTION('',(1.,-0.,0.));
#1618 = DIRECTION('',(0.,0.,-1.));
#1619 = PCURVE('',#1489,#1620);
#1620 = DEFINITIONAL_REPRESENTATION('',(#1621),#1629);
#1621 = ( BOUNDED_CURVE() B_SPLINE_CURVE(2,(#1622,#1623,#1624,#1625,
#1626,#1627,#1628),.UNSPECIFIED.,.T.,.F.) B_SPLINE_CURVE_WITH_KNOTS((1,2
    ,2,2,2,1),(-2.094395102393,0.,2.094395102393,4.188790204786,
6.28318530718,8.377580409573),.UNSPECIFIED.) CURVE() 
GEOMETRIC_REPRESENTATION_ITEM() RATIONAL_B_SPLINE_CURVE((1.,0.5,1.,0.5,
1.,0.5,1.)) REPRESENTATION_ITEM('') );
#1622 = CARTESIAN_POINT('',(-1.16,0.));
#1623 = CARTESIAN_POINT('',(-1.16,2.00917893678));
#1624 = CARTESIAN_POINT('',(0.58,1.00458946839));
#1625 = CARTESIAN_POINT('',(2.32,2.841180574022E-16));
#1626 = CARTESIAN_POINT('',(0.58,-1.00458946839));
#1627 = CARTESIAN_POINT('',(-1.16,-2.00917893678));
#1628 = CARTESIAN_POINT('',(-1.16,0.));
#1629 = ( GEOMETRIC_REPRESENTATION_CONTEXT(2) 
PARAMETRIC_REPRESENTATION_CONTEXT() REPRESENTATION_CONTEXT('2D SPACE',''
  ) );
#1630 = PCURVE('',#1455,#1631);
#1631 = DEFINITIONAL_REPRESENTATION('',(#1632),#1636);
#1632 = LINE('',#1633,#1634);
#1633 = CARTESIAN_POINT('',(0.,-2.441072235705));
#1634 = VECTOR('',#1635,1.);
#1635 = DIRECTION('',(1.,0.));
#1636 = ( GEOMETRIC_REPRESENTATION_CONTEXT(2) 
PARAMETRIC_REPRESENTATION_CONTEXT() REPRESENTATION_CONTEXT('2D SPACE',''
  ) );
#1637 = ADVANCED_FACE('',(#1638),#1597,.T.);
#1638 = FACE_BOUND('',#1639,.T.);
#1639 = EDGE_LOOP('',(#1640,#1671,#1692,#1693));
#1640 = ORIENTED_EDGE('',*,*,#1641,.T.);
#1641 = EDGE_CURVE('',#1642,#1644,#1646,.T.);
#1642 = VERTEX_POINT('',#1643);
#1643 = CARTESIAN_POINT('',(-0.729654508936,-0.625,-1.15));
#1644 = VERTEX_POINT('',#1645);
#1645 = CARTESIAN_POINT('',(-0.729654508936,-0.625,1.15));
#1646 = SURFACE_CURVE('',#1647,(#1652,#1659),.PCURVE_S1.);
#1647 = CIRCLE('',#1648,1.15);
#1648 = AXIS2_PLACEMENT_3D('',#1649,#1650,#1651);
#1649 = CARTESIAN_POINT('',(-0.729654508936,-0.625,0.));
#1650 = DIRECTION('',(1.,-0.,0.));
#1651 = DIRECTION('',(0.,0.,-1.));
#1652 = PCURVE('',#1597,#1653);
#1653 = DEFINITIONAL_REPRESENTATION('',(#1654),#1658);
#1654 = LINE('',#1655,#1656);
#1655 = CARTESIAN_POINT('',(0.,-3.979654508936));
#1656 = VECTOR('',#1657,1.);
#1657 = DIRECTION('',(1.,0.));
#1658 = ( GEOMETRIC_REPRESENTATION_CONTEXT(2) 
PARAMETRIC_REPRESENTATION_CONTEXT() REPRESENTATION_CONTEXT('2D SPACE',''
  ) );
#1659 = PCURVE('',#1660,#1665);
#1660 = PLANE('',#1661);
#1661 = AXIS2_PLACEMENT_3D('',#1662,#1663,#1664);
#1662 = CARTESIAN_POINT('',(-0.729654508936,-0.625,0.));
#1663 = DIRECTION('',(1.,0.,-0.));
#1664 = DIRECTION('',(-0.,0.,-1.));
#1665 = DEFINITIONAL_REPRESENTATION('',(#1666),#1670);
#1666 = CIRCLE('',#1667,1.15);
#1667 = AXIS2_PLACEMENT_2D('',#1668,#1669);
#1668 = CARTESIAN_POINT('',(0.,0.));
#1669 = DIRECTION('',(1.,0.));
#1670 = ( GEOMETRIC_REPRESENTATION_CONTEXT(2) 
PARAMETRIC_REPRESENTATION_CONTEXT() REPRESENTATION_CONTEXT('2D SPACE',''
  ) );
#1671 = ORIENTED_EDGE('',*,*,#1672,.T.);
#1672 = EDGE_CURVE('',#1644,#1554,#1673,.T.);
#1673 = SURFACE_CURVE('',#1674,(#1678,#1685),.PCURVE_S1.);
#1674 = LINE('',#1675,#1676);
#1675 = CARTESIAN_POINT('',(3.25,-0.625,1.15));
#1676 = VECTOR('',#1677,1.);
#1677 = DIRECTION('',(1.,-0.,-0.));
#1678 = PCURVE('',#1597,#1679);
#1679 = DEFINITIONAL_REPRESENTATION('',(#1680),#1684);
#1680 = LINE('',#1681,#1682);
#1681 = CARTESIAN_POINT('',(3.14159265359,0.));
#1682 = VECTOR('',#1683,1.);
#1683 = DIRECTION('',(0.,1.));
#1684 = ( GEOMETRIC_REPRESENTATION_CONTEXT(2) 
PARAMETRIC_REPRESENTATION_CONTEXT() REPRESENTATION_CONTEXT('2D SPACE',''
  ) );
#1685 = PCURVE('',#1570,#1686);
#1686 = DEFINITIONAL_REPRESENTATION('',(#1687),#1691);
#1687 = LINE('',#1688,#1689);
#1688 = CARTESIAN_POINT('',(3.14159265359,0.));
#1689 = VECTOR('',#1690,1.);
#1690 = DIRECTION('',(0.,1.));
#1691 = ( GEOMETRIC_REPRESENTATION_CONTEXT(2) 
PARAMETRIC_REPRESENTATION_CONTEXT() REPRESENTATION_CONTEXT('2D SPACE',''
  ) );
#1692 = ORIENTED_EDGE('',*,*,#1582,.T.);
#1693 = ORIENTED_EDGE('',*,*,#1694,.F.);
#1694 = EDGE_CURVE('',#1642,#1552,#1695,.T.);
#1695 = SURFACE_CURVE('',#1696,(#1700,#1707),.PCURVE_S1.);
#1696 = LINE('',#1697,#1698);
#1697 = CARTESIAN_POINT('',(3.25,-0.625,-1.15));
#1698 = VECTOR('',#1699,1.);
#1699 = DIRECTION('',(1.,-0.,-0.));
#1700 = PCURVE('',#1597,#1701);
#1701 = DEFINITIONAL_REPRESENTATION('',(#1702),#1706);
#1702 = LINE('',#1703,#1704);
#1703 = CARTESIAN_POINT('',(0.,0.));
#1704 = VECTOR('',#1705,1.);
#1705 = DIRECTION('',(0.,1.));
#1706 = ( GEOMETRIC_REPRESENTATION_CONTEXT(2) 
PARAMETRIC_REPRESENTATION_CONTEXT() REPRESENTATION_CONTEXT('2D SPACE',''
  ) );
#1707 = PCURVE('',#1570,#1708);
#1708 = DEFINITIONAL_REPRESENTATION('',(#1709),#1713);
#1709 = LINE('',#1710,#1711);
#1710 = CARTESIAN_POINT('',(6.28318530718,0.));
#1711 = VECTOR('',#1712,1.);
#1712 = DIRECTION('',(0.,1.));
#1713 = ( GEOMETRIC_REPRESENTATION_CONTEXT(2) 
PARAMETRIC_REPRESENTATION_CONTEXT() REPRESENTATION_CONTEXT('2D SPACE',''
  ) );
#1714 = ADVANCED_FACE('',(#1715),#1570,.T.);
#1715 = FACE_BOUND('',#1716,.T.);
#1716 = EDGE_LOOP('',(#1717,#1718,#1740,#1741));
#1717 = ORIENTED_EDGE('',*,*,#1672,.F.);
#1718 = ORIENTED_EDGE('',*,*,#1719,.T.);
#1719 = EDGE_CURVE('',#1644,#1642,#1720,.T.);
#1720 = SURFACE_CURVE('',#1721,(#1726,#1733),.PCURVE_S1.);
#1721 = CIRCLE('',#1722,1.15);
#1722 = AXIS2_PLACEMENT_3D('',#1723,#1724,#1725);
#1723 = CARTESIAN_POINT('',(-0.729654508936,-0.625,0.));
#1724 = DIRECTION('',(1.,-0.,0.));
#1725 = DIRECTION('',(0.,0.,-1.));
#1726 = PCURVE('',#1570,#1727);
#1727 = DEFINITIONAL_REPRESENTATION('',(#1728),#1732);
#1728 = LINE('',#1729,#1730);
#1729 = CARTESIAN_POINT('',(0.,-3.979654508936));
#1730 = VECTOR('',#1731,1.);
#1731 = DIRECTION('',(1.,0.));
#1732 = ( GEOMETRIC_REPRESENTATION_CONTEXT(2) 
PARAMETRIC_REPRESENTATION_CONTEXT() REPRESENTATION_CONTEXT('2D SPACE',''
  ) );
#1733 = PCURVE('',#1660,#1734);
#1734 = DEFINITIONAL_REPRESENTATION('',(#1735),#1739);
#1735 = CIRCLE('',#1736,1.15);
#1736 = AXIS2_PLACEMENT_2D('',#1737,#1738);
#1737 = CARTESIAN_POINT('',(0.,0.));
#1738 = DIRECTION('',(1.,0.));
#1739 = ( GEOMETRIC_REPRESENTATION_CONTEXT(2) 
PARAMETRIC_REPRESENTATION_CONTEXT() REPRESENTATION_CONTEXT('2D SPACE',''
  ) );
#1740 = ORIENTED_EDGE('',*,*,#1694,.T.);
#1741 = ORIENTED_EDGE('',*,*,#1551,.T.);
#1742 = ADVANCED_FACE('',(#1743,#1747),#1660,.T.);
#1743 = FACE_BOUND('',#1744,.T.);
#1744 = EDGE_LOOP('',(#1745,#1746));
#1745 = ORIENTED_EDGE('',*,*,#1641,.F.);
#1746 = ORIENTED_EDGE('',*,*,#1719,.F.);
#1747 = FACE_BOUND('',#1748,.T.);
#1748 = EDGE_LOOP('',(#1749,#1780));
#1749 = ORIENTED_EDGE('',*,*,#1750,.T.);
#1750 = EDGE_CURVE('',#1751,#1753,#1755,.T.);
#1751 = VERTEX_POINT('',#1752);
#1752 = CARTESIAN_POINT('',(-0.729654508936,-0.625,-1.16));
#1753 = VERTEX_POINT('',#1754);
#1754 = CARTESIAN_POINT('',(-0.729654508936,-0.625,1.16));
#1755 = SURFACE_CURVE('',#1756,(#1761,#1768),.PCURVE_S1.);
#1756 = CIRCLE('',#1757,1.16);
#1757 = AXIS2_PLACEMENT_3D('',#1758,#1759,#1760);
#1758 = CARTESIAN_POINT('',(-0.729654508936,-0.625,0.));
#1759 = DIRECTION('',(1.,-0.,0.));
#1760 = DIRECTION('',(0.,0.,-1.));
#1761 = PCURVE('',#1660,#1762);
#1762 = DEFINITIONAL_REPRESENTATION('',(#1763),#1767);
#1763 = CIRCLE('',#1764,1.16);
#1764 = AXIS2_PLACEMENT_2D('',#1765,#1766);
#1765 = CARTESIAN_POINT('',(0.,0.));
#1766 = DIRECTION('',(1.,0.));
#1767 = ( GEOMETRIC_REPRESENTATION_CONTEXT(2) 
PARAMETRIC_REPRESENTATION_CONTEXT() REPRESENTATION_CONTEXT('2D SPACE',''
  ) );
#1768 = PCURVE('',#1769,#1774);
#1769 = CYLINDRICAL_SURFACE('',#1770,1.16);
#1770 = AXIS2_PLACEMENT_3D('',#1771,#1772,#1773);
#1771 = CARTESIAN_POINT('',(3.25,-0.625,0.));
#1772 = DIRECTION('',(1.,-0.,-0.));
#1773 = DIRECTION('',(0.,0.,-1.));
#1774 = DEFINITIONAL_REPRESENTATION('',(#1775),#1779);
#1775 = LINE('',#1776,#1777);
#1776 = CARTESIAN_POINT('',(0.,-3.979654508936));
#1777 = VECTOR('',#1778,1.);
#1778 = DIRECTION('',(1.,0.));
#1779 = ( GEOMETRIC_REPRESENTATION_CONTEXT(2) 
PARAMETRIC_REPRESENTATION_CONTEXT() REPRESENTATION_CONTEXT('2D SPACE',''
  ) );
#1780 = ORIENTED_EDGE('',*,*,#1781,.T.);
#1781 = EDGE_CURVE('',#1753,#1751,#1782,.T.);
#1782 = SURFACE_CURVE('',#1783,(#1788,#1795),.PCURVE_S1.);
#1783 = CIRCLE('',#1784,1.16);
#1784 = AXIS2_PLACEMENT_3D('',#1785,#1786,#1787);
#1785 = CARTESIAN_POINT('',(-0.729654508936,-0.625,0.));
#1786 = DIRECTION('',(1.,-0.,0.));
#1787 = DIRECTION('',(0.,0.,-1.));
#1788 = PCURVE('',#1660,#1789);
#1789 = DEFINITIONAL_REPRESENTATION('',(#1790),#1794);
#1790 = CIRCLE('',#1791,1.16);
#1791 = AXIS2_PLACEMENT_2D('',#1792,#1793);
#1792 = CARTESIAN_POINT('',(0.,0.));
#1793 = DIRECTION('',(1.,0.));
#1794 = ( GEOMETRIC_REPRESENTATION_CONTEXT(2) 
PARAMETRIC_REPRESENTATION_CONTEXT() REPRESENTATION_CONTEXT('2D SPACE',''
  ) );
#1795 = PCURVE('',#1796,#1801);
#1796 = CYLINDRICAL_SURFACE('',#1797,1.16);
#1797 = AXIS2_PLACEMENT_3D('',#1798,#1799,#1800);
#1798 = CARTESIAN_POINT('',(3.25,-0.625,0.));
#1799 = DIRECTION('',(1.,-0.,-0.));
#1800 = DIRECTION('',(0.,0.,-1.));
#1801 = DEFINITIONAL_REPRESENTATION('',(#1802),#1806);
#1802 = LINE('',#1803,#1804);
#1803 = CARTESIAN_POINT('',(0.,-3.979654508936));
#1804 = VECTOR('',#1805,1.);
#1805 = DIRECTION('',(1.,0.));
#1806 = ( GEOMETRIC_REPRESENTATION_CONTEXT(2) 
PARAMETRIC_REPRESENTATION_CONTEXT() REPRESENTATION_CONTEXT('2D SPACE',''
  ) );
#1807 = ADVANCED_FACE('',(#1808),#1769,.T.);
#1808 = FACE_BOUND('',#1809,.T.);
#1809 = EDGE_LOOP('',(#1810,#1845,#1866,#1867));
#1810 = ORIENTED_EDGE('',*,*,#1811,.T.);
#1811 = EDGE_CURVE('',#1812,#1814,#1816,.T.);
#1812 = VERTEX_POINT('',#1813);
#1813 = CARTESIAN_POINT('',(-1.229654508936,-0.625,-1.16));
#1814 = VERTEX_POINT('',#1815);
#1815 = CARTESIAN_POINT('',(-1.229654508936,-0.625,1.16));
#1816 = SURFACE_CURVE('',#1817,(#1822,#1829),.PCURVE_S1.);
#1817 = CIRCLE('',#1818,1.16);
#1818 = AXIS2_PLACEMENT_3D('',#1819,#1820,#1821);
#1819 = CARTESIAN_POINT('',(-1.229654508936,-0.625,0.));
#1820 = DIRECTION('',(1.,-0.,0.));
#1821 = DIRECTION('',(0.,0.,-1.));
#1822 = PCURVE('',#1769,#1823);
#1823 = DEFINITIONAL_REPRESENTATION('',(#1824),#1828);
#1824 = LINE('',#1825,#1826);
#1825 = CARTESIAN_POINT('',(0.,-4.479654508936));
#1826 = VECTOR('',#1827,1.);
#1827 = DIRECTION('',(1.,0.));
#1828 = ( GEOMETRIC_REPRESENTATION_CONTEXT(2) 
PARAMETRIC_REPRESENTATION_CONTEXT() REPRESENTATION_CONTEXT('2D SPACE',''
  ) );
#1829 = PCURVE('',#1830,#1835);
#1830 = PLANE('',#1831);
#1831 = AXIS2_PLACEMENT_3D('',#1832,#1833,#1834);
#1832 = CARTESIAN_POINT('',(-1.229654508936,-0.625,0.));
#1833 = DIRECTION('',(-1.,0.,0.));
#1834 = DIRECTION('',(0.,0.,1.));
#1835 = DEFINITIONAL_REPRESENTATION('',(#1836),#1844);
#1836 = ( BOUNDED_CURVE() B_SPLINE_CURVE(2,(#1837,#1838,#1839,#1840,
#1841,#1842,#1843),.UNSPECIFIED.,.T.,.F.) B_SPLINE_CURVE_WITH_KNOTS((1,2
    ,2,2,2,1),(-2.094395102393,0.,2.094395102393,4.188790204786,
6.28318530718,8.377580409573),.UNSPECIFIED.) CURVE() 
GEOMETRIC_REPRESENTATION_ITEM() RATIONAL_B_SPLINE_CURVE((1.,0.5,1.,0.5,
1.,0.5,1.)) REPRESENTATION_ITEM('') );
#1837 = CARTESIAN_POINT('',(-1.16,0.));
#1838 = CARTESIAN_POINT('',(-1.16,2.00917893678));
#1839 = CARTESIAN_POINT('',(0.58,1.00458946839));
#1840 = CARTESIAN_POINT('',(2.32,2.841180574022E-16));
#1841 = CARTESIAN_POINT('',(0.58,-1.00458946839));
#1842 = CARTESIAN_POINT('',(-1.16,-2.00917893678));
#1843 = CARTESIAN_POINT('',(-1.16,0.));
#1844 = ( GEOMETRIC_REPRESENTATION_CONTEXT(2) 
PARAMETRIC_REPRESENTATION_CONTEXT() REPRESENTATION_CONTEXT('2D SPACE',''
  ) );
#1845 = ORIENTED_EDGE('',*,*,#1846,.T.);
#1846 = EDGE_CURVE('',#1814,#1753,#1847,.T.);
#1847 = SURFACE_CURVE('',#1848,(#1852,#1859),.PCURVE_S1.);
#1848 = LINE('',#1849,#1850);
#1849 = CARTESIAN_POINT('',(3.25,-0.625,1.16));
#1850 = VECTOR('',#1851,1.);
#1851 = DIRECTION('',(1.,-0.,-0.));
#1852 = PCURVE('',#1769,#1853);
#1853 = DEFINITIONAL_REPRESENTATION('',(#1854),#1858);
#1854 = LINE('',#1855,#1856);
#1855 = CARTESIAN_POINT('',(3.14159265359,0.));
#1856 = VECTOR('',#1857,1.);
#1857 = DIRECTION('',(0.,1.));
#1858 = ( GEOMETRIC_REPRESENTATION_CONTEXT(2) 
PARAMETRIC_REPRESENTATION_CONTEXT() REPRESENTATION_CONTEXT('2D SPACE',''
  ) );
#1859 = PCURVE('',#1796,#1860);
#1860 = DEFINITIONAL_REPRESENTATION('',(#1861),#1865);
#1861 = LINE('',#1862,#1863);
#1862 = CARTESIAN_POINT('',(3.14159265359,0.));
#1863 = VECTOR('',#1864,1.);
#1864 = DIRECTION('',(0.,1.));
#1865 = ( GEOMETRIC_REPRESENTATION_CONTEXT(2) 
PARAMETRIC_REPRESENTATION_CONTEXT() REPRESENTATION_CONTEXT('2D SPACE',''
  ) );
#1866 = ORIENTED_EDGE('',*,*,#1750,.F.);
#1867 = ORIENTED_EDGE('',*,*,#1868,.F.);
#1868 = EDGE_CURVE('',#1812,#1751,#1869,.T.);
#1869 = SURFACE_CURVE('',#1870,(#1874,#1881),.PCURVE_S1.);
#1870 = LINE('',#1871,#1872);
#1871 = CARTESIAN_POINT('',(3.25,-0.625,-1.16));
#1872 = VECTOR('',#1873,1.);
#1873 = DIRECTION('',(1.,-0.,-0.));
#1874 = PCURVE('',#1769,#1875);
#1875 = DEFINITIONAL_REPRESENTATION('',(#1876),#1880);
#1876 = LINE('',#1877,#1878);
#1877 = CARTESIAN_POINT('',(0.,0.));
#1878 = VECTOR('',#1879,1.);
#1879 = DIRECTION('',(0.,1.));
#1880 = ( GEOMETRIC_REPRESENTATION_CONTEXT(2) 
PARAMETRIC_REPRESENTATION_CONTEXT() REPRESENTATION_CONTEXT('2D SPACE',''
  ) );
#1881 = PCURVE('',#1796,#1882);
#1882 = DEFINITIONAL_REPRESENTATION('',(#1883),#1887);
#1883 = LINE('',#1884,#1885);
#1884 = CARTESIAN_POINT('',(6.28318530718,0.));
#1885 = VECTOR('',#1886,1.);
#1886 = DIRECTION('',(0.,1.));
#1887 = ( GEOMETRIC_REPRESENTATION_CONTEXT(2) 
PARAMETRIC_REPRESENTATION_CONTEXT() REPRESENTATION_CONTEXT('2D SPACE',''
  ) );
#1888 = ADVANCED_FACE('',(#1889,#1949),#1830,.T.);
#1889 = FACE_BOUND('',#1890,.T.);
#1890 = EDGE_LOOP('',(#1891,#1922));
#1891 = ORIENTED_EDGE('',*,*,#1892,.F.);
#1892 = EDGE_CURVE('',#1893,#1895,#1897,.T.);
#1893 = VERTEX_POINT('',#1894);
#1894 = CARTESIAN_POINT('',(-1.229654508936,-0.625,-1.15));
#1895 = VERTEX_POINT('',#1896);
#1896 = CARTESIAN_POINT('',(-1.229654508936,-0.625,1.15));
#1897 = SURFACE_CURVE('',#1898,(#1903,#1910),.PCURVE_S1.);
#1898 = CIRCLE('',#1899,1.15);
#1899 = AXIS2_PLACEMENT_3D('',#1900,#1901,#1902);
#1900 = CARTESIAN_POINT('',(-1.229654508936,-0.625,0.));
#1901 = DIRECTION('',(-1.,0.,0.));
#1902 = DIRECTION('',(0.,0.,1.));
#1903 = PCURVE('',#1830,#1904);
#1904 = DEFINITIONAL_REPRESENTATION('',(#1905),#1909);
#1905 = CIRCLE('',#1906,1.15);
#1906 = AXIS2_PLACEMENT_2D('',#1907,#1908);
#1907 = CARTESIAN_POINT('',(0.,0.));
#1908 = DIRECTION('',(1.,0.));
#1909 = ( GEOMETRIC_REPRESENTATION_CONTEXT(2) 
PARAMETRIC_REPRESENTATION_CONTEXT() REPRESENTATION_CONTEXT('2D SPACE',''
  ) );
#1910 = PCURVE('',#1911,#1916);
#1911 = CYLINDRICAL_SURFACE('',#1912,1.15);
#1912 = AXIS2_PLACEMENT_3D('',#1913,#1914,#1915);
#1913 = CARTESIAN_POINT('',(3.25,-0.625,0.));
#1914 = DIRECTION('',(1.,-0.,-0.));
#1915 = DIRECTION('',(0.,0.,-1.));
#1916 = DEFINITIONAL_REPRESENTATION('',(#1917),#1921);
#1917 = LINE('',#1918,#1919);
#1918 = CARTESIAN_POINT('',(9.424777960769,-4.479654508936));
#1919 = VECTOR('',#1920,1.);
#1920 = DIRECTION('',(-1.,0.));
#1921 = ( GEOMETRIC_REPRESENTATION_CONTEXT(2) 
PARAMETRIC_REPRESENTATION_CONTEXT() REPRESENTATION_CONTEXT('2D SPACE',''
  ) );
#1922 = ORIENTED_EDGE('',*,*,#1923,.F.);
#1923 = EDGE_CURVE('',#1895,#1893,#1924,.T.);
#1924 = SURFACE_CURVE('',#1925,(#1930,#1937),.PCURVE_S1.);
#1925 = CIRCLE('',#1926,1.15);
#1926 = AXIS2_PLACEMENT_3D('',#1927,#1928,#1929);
#1927 = CARTESIAN_POINT('',(-1.229654508936,-0.625,0.));
#1928 = DIRECTION('',(-1.,0.,0.));
#1929 = DIRECTION('',(0.,0.,1.));
#1930 = PCURVE('',#1830,#1931);
#1931 = DEFINITIONAL_REPRESENTATION('',(#1932),#1936);
#1932 = CIRCLE('',#1933,1.15);
#1933 = AXIS2_PLACEMENT_2D('',#1934,#1935);
#1934 = CARTESIAN_POINT('',(0.,0.));
#1935 = DIRECTION('',(1.,0.));
#1936 = ( GEOMETRIC_REPRESENTATION_CONTEXT(2) 
PARAMETRIC_REPRESENTATION_CONTEXT() REPRESENTATION_CONTEXT('2D SPACE',''
  ) );
#1937 = PCURVE('',#1938,#1943);
#1938 = CYLINDRICAL_SURFACE('',#1939,1.15);
#1939 = AXIS2_PLACEMENT_3D('',#1940,#1941,#1942);
#1940 = CARTESIAN_POINT('',(3.25,-0.625,0.));
#1941 = DIRECTION('',(1.,-0.,-0.));
#1942 = DIRECTION('',(0.,0.,-1.));
#1943 = DEFINITIONAL_REPRESENTATION('',(#1944),#1948);
#1944 = LINE('',#1945,#1946);
#1945 = CARTESIAN_POINT('',(3.14159265359,-4.479654508936));
#1946 = VECTOR('',#1947,1.);
#1947 = DIRECTION('',(-1.,0.));
#1948 = ( GEOMETRIC_REPRESENTATION_CONTEXT(2) 
PARAMETRIC_REPRESENTATION_CONTEXT() REPRESENTATION_CONTEXT('2D SPACE',''
  ) );
#1949 = FACE_BOUND('',#1950,.T.);
#1950 = EDGE_LOOP('',(#1951,#1952));
#1951 = ORIENTED_EDGE('',*,*,#1811,.F.);
#1952 = ORIENTED_EDGE('',*,*,#1953,.F.);
#1953 = EDGE_CURVE('',#1814,#1812,#1954,.T.);
#1954 = SURFACE_CURVE('',#1955,(#1960,#1971),.PCURVE_S1.);
#1955 = CIRCLE('',#1956,1.16);
#1956 = AXIS2_PLACEMENT_3D('',#1957,#1958,#1959);
#1957 = CARTESIAN_POINT('',(-1.229654508936,-0.625,0.));
#1958 = DIRECTION('',(1.,-0.,0.));
#1959 = DIRECTION('',(0.,0.,-1.));
#1960 = PCURVE('',#1830,#1961);
#1961 = DEFINITIONAL_REPRESENTATION('',(#1962),#1970);
#1962 = ( BOUNDED_CURVE() B_SPLINE_CURVE(2,(#1963,#1964,#1965,#1966,
#1967,#1968,#1969),.UNSPECIFIED.,.T.,.F.) B_SPLINE_CURVE_WITH_KNOTS((1,2
    ,2,2,2,1),(-2.094395102393,0.,2.094395102393,4.188790204786,
6.28318530718,8.377580409573),.UNSPECIFIED.) CURVE() 
GEOMETRIC_REPRESENTATION_ITEM() RATIONAL_B_SPLINE_CURVE((1.,0.5,1.,0.5,
1.,0.5,1.)) REPRESENTATION_ITEM('') );
#1963 = CARTESIAN_POINT('',(-1.16,0.));
#1964 = CARTESIAN_POINT('',(-1.16,2.00917893678));
#1965 = CARTESIAN_POINT('',(0.58,1.00458946839));
#1966 = CARTESIAN_POINT('',(2.32,2.841180574022E-16));
#1967 = CARTESIAN_POINT('',(0.58,-1.00458946839));
#1968 = CARTESIAN_POINT('',(-1.16,-2.00917893678));
#1969 = CARTESIAN_POINT('',(-1.16,0.));
#1970 = ( GEOMETRIC_REPRESENTATION_CONTEXT(2) 
PARAMETRIC_REPRESENTATION_CONTEXT() REPRESENTATION_CONTEXT('2D SPACE',''
  ) );
#1971 = PCURVE('',#1796,#1972);
#1972 = DEFINITIONAL_REPRESENTATION('',(#1973),#1977);
#1973 = LINE('',#1974,#1975);
#1974 = CARTESIAN_POINT('',(0.,-4.479654508936));
#1975 = VECTOR('',#1976,1.);
#1976 = DIRECTION('',(1.,0.));
#1977 = ( GEOMETRIC_REPRESENTATION_CONTEXT(2) 
PARAMETRIC_REPRESENTATION_CONTEXT() REPRESENTATION_CONTEXT('2D SPACE',''
  ) );
#1978 = ADVANCED_FACE('',(#1979),#1938,.T.);
#1979 = FACE_BOUND('',#1980,.T.);
#1980 = EDGE_LOOP('',(#1981,#2012,#2033,#2034));
#1981 = ORIENTED_EDGE('',*,*,#1982,.T.);
#1982 = EDGE_CURVE('',#1983,#1985,#1987,.T.);
#1983 = VERTEX_POINT('',#1984);
#1984 = CARTESIAN_POINT('',(-1.314110105646,-0.625,-1.15));
#1985 = VERTEX_POINT('',#1986);
#1986 = CARTESIAN_POINT('',(-1.314110105646,-0.625,1.15));
#1987 = SURFACE_CURVE('',#1988,(#1993,#2000),.PCURVE_S1.);
#1988 = CIRCLE('',#1989,1.15);
#1989 = AXIS2_PLACEMENT_3D('',#1990,#1991,#1992);
#1990 = CARTESIAN_POINT('',(-1.314110105646,-0.625,0.));
#1991 = DIRECTION('',(1.,0.,-0.));
#1992 = DIRECTION('',(0.,0.,1.));
#1993 = PCURVE('',#1938,#1994);
#1994 = DEFINITIONAL_REPRESENTATION('',(#1995),#1999);
#1995 = LINE('',#1996,#1997);
#1996 = CARTESIAN_POINT('',(-3.14159265359,-4.564110105646));
#1997 = VECTOR('',#1998,1.);
#1998 = DIRECTION('',(1.,0.));
#1999 = ( GEOMETRIC_REPRESENTATION_CONTEXT(2) 
PARAMETRIC_REPRESENTATION_CONTEXT() REPRESENTATION_CONTEXT('2D SPACE',''
  ) );
#2000 = PCURVE('',#2001,#2006);
#2001 = TOROIDAL_SURFACE('',#2002,2.15,1.);
#2002 = AXIS2_PLACEMENT_3D('',#2003,#2004,#2005);
#2003 = CARTESIAN_POINT('',(-1.314110105646,-0.625,0.));
#2004 = DIRECTION('',(-1.,0.,0.));
#2005 = DIRECTION('',(0.,0.,1.));
#2006 = DEFINITIONAL_REPRESENTATION('',(#2007),#2011);
#2007 = LINE('',#2008,#2009);
#2008 = CARTESIAN_POINT('',(6.28318530718,3.14159265359));
#2009 = VECTOR('',#2010,1.);
#2010 = DIRECTION('',(-1.,1.413579858428E-16));
#2011 = ( GEOMETRIC_REPRESENTATION_CONTEXT(2) 
PARAMETRIC_REPRESENTATION_CONTEXT() REPRESENTATION_CONTEXT('2D SPACE',''
  ) );
#2012 = ORIENTED_EDGE('',*,*,#2013,.T.);
#2013 = EDGE_CURVE('',#1985,#1895,#2014,.T.);
#2014 = SURFACE_CURVE('',#2015,(#2019,#2026),.PCURVE_S1.);
#2015 = LINE('',#2016,#2017);
#2016 = CARTESIAN_POINT('',(3.25,-0.625,1.15));
#2017 = VECTOR('',#2018,1.);
#2018 = DIRECTION('',(1.,-0.,-0.));
#2019 = PCURVE('',#1938,#2020);
#2020 = DEFINITIONAL_REPRESENTATION('',(#2021),#2025);
#2021 = LINE('',#2022,#2023);
#2022 = CARTESIAN_POINT('',(3.14159265359,0.));
#2023 = VECTOR('',#2024,1.);
#2024 = DIRECTION('',(0.,1.));
#2025 = ( GEOMETRIC_REPRESENTATION_CONTEXT(2) 
PARAMETRIC_REPRESENTATION_CONTEXT() REPRESENTATION_CONTEXT('2D SPACE',''
  ) );
#2026 = PCURVE('',#1911,#2027);
#2027 = DEFINITIONAL_REPRESENTATION('',(#2028),#2032);
#2028 = LINE('',#2029,#2030);
#2029 = CARTESIAN_POINT('',(3.14159265359,0.));
#2030 = VECTOR('',#2031,1.);
#2031 = DIRECTION('',(0.,1.));
#2032 = ( GEOMETRIC_REPRESENTATION_CONTEXT(2) 
PARAMETRIC_REPRESENTATION_CONTEXT() REPRESENTATION_CONTEXT('2D SPACE',''
  ) );
#2033 = ORIENTED_EDGE('',*,*,#1923,.T.);
#2034 = ORIENTED_EDGE('',*,*,#2035,.F.);
#2035 = EDGE_CURVE('',#1983,#1893,#2036,.T.);
#2036 = SURFACE_CURVE('',#2037,(#2041,#2048),.PCURVE_S1.);
#2037 = LINE('',#2038,#2039);
#2038 = CARTESIAN_POINT('',(3.25,-0.625,-1.15));
#2039 = VECTOR('',#2040,1.);
#2040 = DIRECTION('',(1.,-0.,-0.));
#2041 = PCURVE('',#1938,#2042);
#2042 = DEFINITIONAL_REPRESENTATION('',(#2043),#2047);
#2043 = LINE('',#2044,#2045);
#2044 = CARTESIAN_POINT('',(0.,0.));
#2045 = VECTOR('',#2046,1.);
#2046 = DIRECTION('',(0.,1.));
#2047 = ( GEOMETRIC_REPRESENTATION_CONTEXT(2) 
PARAMETRIC_REPRESENTATION_CONTEXT() REPRESENTATION_CONTEXT('2D SPACE',''
  ) );
#2048 = PCURVE('',#1911,#2049);
#2049 = DEFINITIONAL_REPRESENTATION('',(#2050),#2054);
#2050 = LINE('',#2051,#2052);
#2051 = CARTESIAN_POINT('',(6.28318530718,0.));
#2052 = VECTOR('',#2053,1.);
#2053 = DIRECTION('',(0.,1.));
#2054 = ( GEOMETRIC_REPRESENTATION_CONTEXT(2) 
PARAMETRIC_REPRESENTATION_CONTEXT() REPRESENTATION_CONTEXT('2D SPACE',''
  ) );
#2055 = ADVANCED_FACE('',(#2056),#1911,.T.);
#2056 = FACE_BOUND('',#2057,.T.);
#2057 = EDGE_LOOP('',(#2058,#2059,#2086,#2087));
#2058 = ORIENTED_EDGE('',*,*,#2013,.F.);
#2059 = ORIENTED_EDGE('',*,*,#2060,.T.);
#2060 = EDGE_CURVE('',#1985,#1983,#2061,.T.);
#2061 = SURFACE_CURVE('',#2062,(#2067,#2074),.PCURVE_S1.);
#2062 = CIRCLE('',#2063,1.15);
#2063 = AXIS2_PLACEMENT_3D('',#2064,#2065,#2066);
#2064 = CARTESIAN_POINT('',(-1.314110105646,-0.625,0.));
#2065 = DIRECTION('',(1.,0.,-0.));
#2066 = DIRECTION('',(0.,0.,1.));
#2067 = PCURVE('',#1911,#2068);
#2068 = DEFINITIONAL_REPRESENTATION('',(#2069),#2073);
#2069 = LINE('',#2070,#2071);
#2070 = CARTESIAN_POINT('',(3.14159265359,-4.564110105646));
#2071 = VECTOR('',#2072,1.);
#2072 = DIRECTION('',(1.,0.));
#2073 = ( GEOMETRIC_REPRESENTATION_CONTEXT(2) 
PARAMETRIC_REPRESENTATION_CONTEXT() REPRESENTATION_CONTEXT('2D SPACE',''
  ) );
#2074 = PCURVE('',#2075,#2080);
#2075 = TOROIDAL_SURFACE('',#2076,2.15,1.);
#2076 = AXIS2_PLACEMENT_3D('',#2077,#2078,#2079);
#2077 = CARTESIAN_POINT('',(-1.314110105646,-0.625,0.));
#2078 = DIRECTION('',(-1.,0.,0.));
#2079 = DIRECTION('',(0.,0.,1.));
#2080 = DEFINITIONAL_REPRESENTATION('',(#2081),#2085);
#2081 = LINE('',#2082,#2083);
#2082 = CARTESIAN_POINT('',(6.28318530718,3.14159265359));
#2083 = VECTOR('',#2084,1.);
#2084 = DIRECTION('',(-1.,1.413579858428E-16));
#2085 = ( GEOMETRIC_REPRESENTATION_CONTEXT(2) 
PARAMETRIC_REPRESENTATION_CONTEXT() REPRESENTATION_CONTEXT('2D SPACE',''
  ) );
#2086 = ORIENTED_EDGE('',*,*,#2035,.T.);
#2087 = ORIENTED_EDGE('',*,*,#1892,.T.);
#2088 = ADVANCED_FACE('',(#2089),#2075,.F.);
#2089 = FACE_BOUND('',#2090,.F.);
#2090 = EDGE_LOOP('',(#2091,#2115,#2116,#2140));
#2091 = ORIENTED_EDGE('',*,*,#2092,.T.);
#2092 = EDGE_CURVE('',#2093,#1985,#2095,.T.);
#2093 = VERTEX_POINT('',#2094);
#2094 = CARTESIAN_POINT('',(-1.53631496608,-0.625,1.175));
#2095 = SURFACE_CURVE('',#2096,(#2101,#2108),.PCURVE_S1.);
#2096 = CIRCLE('',#2097,1.);
#2097 = AXIS2_PLACEMENT_3D('',#2098,#2099,#2100);
#2098 = CARTESIAN_POINT('',(-1.314110105646,-0.625,2.15));
#2099 = DIRECTION('',(0.,-1.,0.));
#2100 = DIRECTION('',(0.,0.,-1.));
#2101 = PCURVE('',#2075,#2102);
#2102 = DEFINITIONAL_REPRESENTATION('',(#2103),#2107);
#2103 = LINE('',#2104,#2105);
#2104 = CARTESIAN_POINT('',(6.28318530718,-3.14159265359));
#2105 = VECTOR('',#2106,1.);
#2106 = DIRECTION('',(0.,1.));
#2107 = ( GEOMETRIC_REPRESENTATION_CONTEXT(2) 
PARAMETRIC_REPRESENTATION_CONTEXT() REPRESENTATION_CONTEXT('2D SPACE',''
  ) );
#2108 = PCURVE('',#2001,#2109);
#2109 = DEFINITIONAL_REPRESENTATION('',(#2110),#2114);
#2110 = LINE('',#2111,#2112);
#2111 = CARTESIAN_POINT('',(0.,-3.14159265359));
#2112 = VECTOR('',#2113,1.);
#2113 = DIRECTION('',(0.,1.));
#2114 = ( GEOMETRIC_REPRESENTATION_CONTEXT(2) 
PARAMETRIC_REPRESENTATION_CONTEXT() REPRESENTATION_CONTEXT('2D SPACE',''
  ) );
#2115 = ORIENTED_EDGE('',*,*,#2060,.T.);
#2116 = ORIENTED_EDGE('',*,*,#2117,.F.);
#2117 = EDGE_CURVE('',#2118,#1983,#2120,.T.);
#2118 = VERTEX_POINT('',#2119);
#2119 = CARTESIAN_POINT('',(-1.53631496608,-0.625,-1.175));
#2120 = SURFACE_CURVE('',#2121,(#2126,#2133),.PCURVE_S1.);
#2121 = CIRCLE('',#2122,1.);
#2122 = AXIS2_PLACEMENT_3D('',#2123,#2124,#2125);
#2123 = CARTESIAN_POINT('',(-1.314110105646,-0.625,-2.15));
#2124 = DIRECTION('',(0.,1.,1.224646799147E-16));
#2125 = DIRECTION('',(0.,-1.224646799147E-16,1.));
#2126 = PCURVE('',#2075,#2127);
#2127 = DEFINITIONAL_REPRESENTATION('',(#2128),#2132);
#2128 = LINE('',#2129,#2130);
#2129 = CARTESIAN_POINT('',(3.14159265359,-3.14159265359));
#2130 = VECTOR('',#2131,1.);
#2131 = DIRECTION('',(0.,1.));
#2132 = ( GEOMETRIC_REPRESENTATION_CONTEXT(2) 
PARAMETRIC_REPRESENTATION_CONTEXT() REPRESENTATION_CONTEXT('2D SPACE',''
  ) );
#2133 = PCURVE('',#2001,#2134);
#2134 = DEFINITIONAL_REPRESENTATION('',(#2135),#2139);
#2135 = LINE('',#2136,#2137);
#2136 = CARTESIAN_POINT('',(3.14159265359,-3.14159265359));
#2137 = VECTOR('',#2138,1.);
#2138 = DIRECTION('',(0.,1.));
#2139 = ( GEOMETRIC_REPRESENTATION_CONTEXT(2) 
PARAMETRIC_REPRESENTATION_CONTEXT() REPRESENTATION_CONTEXT('2D SPACE',''
  ) );
#2140 = ORIENTED_EDGE('',*,*,#2141,.F.);
#2141 = EDGE_CURVE('',#2093,#2118,#2142,.T.);
#2142 = SURFACE_CURVE('',#2143,(#2148,#2155),.PCURVE_S1.);
#2143 = CIRCLE('',#2144,1.175);
#2144 = AXIS2_PLACEMENT_3D('',#2145,#2146,#2147);
#2145 = CARTESIAN_POINT('',(-1.53631496608,-0.625,0.));
#2146 = DIRECTION('',(1.,-0.,0.));
#2147 = DIRECTION('',(0.,0.,-1.));
#2148 = PCURVE('',#2075,#2149);
#2149 = DEFINITIONAL_REPRESENTATION('',(#2150),#2154);
#2150 = LINE('',#2151,#2152);
#2151 = CARTESIAN_POINT('',(9.424777960769,2.917517368287));
#2152 = VECTOR('',#2153,1.);
#2153 = DIRECTION('',(-1.,0.));
#2154 = ( GEOMETRIC_REPRESENTATION_CONTEXT(2) 
PARAMETRIC_REPRESENTATION_CONTEXT() REPRESENTATION_CONTEXT('2D SPACE',''
  ) );
#2155 = PCURVE('',#2156,#2166);
#2156 = SURFACE_OF_REVOLUTION('',#2157,#2163);
#2157 = B_SPLINE_CURVE_WITH_KNOTS('',4,(#2158,#2159,#2160,#2161,#2162),
  .UNSPECIFIED.,.F.,.F.,(5,5),(3.166435891946,3.365667938892),
  .PIECEWISE_BEZIER_KNOTS.);
#2158 = CARTESIAN_POINT('',(-2.128407498531,-0.625,-1.249074267876));
#2159 = CARTESIAN_POINT('',(-1.979029572198,-0.625,-1.245362472793));
#2160 = CARTESIAN_POINT('',(-1.829897499037,-0.625,-1.231730316362));
#2161 = CARTESIAN_POINT('',(-1.682003400409,-0.625,-1.208202746889));
#2162 = CARTESIAN_POINT('',(-1.53631496608,-0.625,-1.175));
#2163 = AXIS1_PLACEMENT('',#2164,#2165);
#2164 = CARTESIAN_POINT('',(-2.202929547381,-0.625,0.));
#2165 = DIRECTION('',(-1.,0.,0.));
#2166 = DEFINITIONAL_REPRESENTATION('',(#2167),#2171);
#2167 = LINE('',#2168,#2169);
#2168 = CARTESIAN_POINT('',(6.28318530718,3.365667938892));
#2169 = VECTOR('',#2170,1.);
#2170 = DIRECTION('',(-1.,0.));
#2171 = ( GEOMETRIC_REPRESENTATION_CONTEXT(2) 
PARAMETRIC_REPRESENTATION_CONTEXT() REPRESENTATION_CONTEXT('2D SPACE',''
  ) );
#2172 = ADVANCED_FACE('',(#2173),#2001,.F.);
#2173 = FACE_BOUND('',#2174,.F.);
#2174 = EDGE_LOOP('',(#2175,#2176,#2177,#2209));
#2175 = ORIENTED_EDGE('',*,*,#1982,.T.);
#2176 = ORIENTED_EDGE('',*,*,#2092,.F.);
#2177 = ORIENTED_EDGE('',*,*,#2178,.F.);
#2178 = EDGE_CURVE('',#2118,#2093,#2179,.T.);
#2179 = SURFACE_CURVE('',#2180,(#2185,#2192),.PCURVE_S1.);
#2180 = CIRCLE('',#2181,1.175);
#2181 = AXIS2_PLACEMENT_3D('',#2182,#2183,#2184);
#2182 = CARTESIAN_POINT('',(-1.53631496608,-0.625,0.));
#2183 = DIRECTION('',(1.,-0.,0.));
#2184 = DIRECTION('',(0.,0.,-1.));
#2185 = PCURVE('',#2001,#2186);
#2186 = DEFINITIONAL_REPRESENTATION('',(#2187),#2191);
#2187 = LINE('',#2188,#2189);
#2188 = CARTESIAN_POINT('',(3.14159265359,2.917517368287));
#2189 = VECTOR('',#2190,1.);
#2190 = DIRECTION('',(-1.,0.));
#2191 = ( GEOMETRIC_REPRESENTATION_CONTEXT(2) 
PARAMETRIC_REPRESENTATION_CONTEXT() REPRESENTATION_CONTEXT('2D SPACE',''
  ) );
#2192 = PCURVE('',#2193,#2203);
#2193 = SURFACE_OF_REVOLUTION('',#2194,#2200);
#2194 = B_SPLINE_CURVE_WITH_KNOTS('',4,(#2195,#2196,#2197,#2198,#2199),
  .UNSPECIFIED.,.F.,.F.,(5,5),(3.166435891946,3.365667938892),
  .PIECEWISE_BEZIER_KNOTS.);
#2195 = CARTESIAN_POINT('',(-2.128407498531,-0.625,-1.249074267876));
#2196 = CARTESIAN_POINT('',(-1.979029572198,-0.625,-1.245362472793));
#2197 = CARTESIAN_POINT('',(-1.829897499037,-0.625,-1.231730316362));
#2198 = CARTESIAN_POINT('',(-1.682003400409,-0.625,-1.208202746889));
#2199 = CARTESIAN_POINT('',(-1.53631496608,-0.625,-1.175));
#2200 = AXIS1_PLACEMENT('',#2201,#2202);
#2201 = CARTESIAN_POINT('',(-2.202929547381,-0.625,0.));
#2202 = DIRECTION('',(-1.,0.,0.));
#2203 = DEFINITIONAL_REPRESENTATION('',(#2204),#2208);
#2204 = LINE('',#2205,#2206);
#2205 = CARTESIAN_POINT('',(6.28318530718,3.365667938892));
#2206 = VECTOR('',#2207,1.);
#2207 = DIRECTION('',(-1.,0.));
#2208 = ( GEOMETRIC_REPRESENTATION_CONTEXT(2) 
PARAMETRIC_REPRESENTATION_CONTEXT() REPRESENTATION_CONTEXT('2D SPACE',''
  ) );
#2209 = ORIENTED_EDGE('',*,*,#2117,.T.);
#2210 = ADVANCED_FACE('',(#2211),#2193,.F.);
#2211 = FACE_BOUND('',#2212,.F.);
#2212 = EDGE_LOOP('',(#2213,#2237,#2270,#2292));
#2213 = ORIENTED_EDGE('',*,*,#2214,.T.);
#2214 = EDGE_CURVE('',#2093,#2215,#2217,.T.);
#2215 = VERTEX_POINT('',#2216);
#2216 = CARTESIAN_POINT('',(-2.128407498531,-0.625,1.249074267876));
#2217 = SURFACE_CURVE('',#2218,(#2223,#2230),.PCURVE_S1.);
#2218 = CIRCLE('',#2219,3.);
#2219 = AXIS2_PLACEMENT_3D('',#2220,#2221,#2222);
#2220 = CARTESIAN_POINT('',(-2.202929547381,-0.625,-1.75));
#2221 = DIRECTION('',(0.,-1.,0.));
#2222 = DIRECTION('',(0.,0.,-1.));
#2223 = PCURVE('',#2193,#2224);
#2224 = DEFINITIONAL_REPRESENTATION('',(#2225),#2229);
#2225 = LINE('',#2226,#2227);
#2226 = CARTESIAN_POINT('',(3.14159265359,6.28318530718));
#2227 = VECTOR('',#2228,1.);
#2228 = DIRECTION('',(0.,-1.));
#2229 = ( GEOMETRIC_REPRESENTATION_CONTEXT(2) 
PARAMETRIC_REPRESENTATION_CONTEXT() REPRESENTATION_CONTEXT('2D SPACE',''
  ) );
#2230 = PCURVE('',#2156,#2231);
#2231 = DEFINITIONAL_REPRESENTATION('',(#2232),#2236);
#2232 = LINE('',#2233,#2234);
#2233 = CARTESIAN_POINT('',(3.14159265359,6.28318530718));
#2234 = VECTOR('',#2235,1.);
#2235 = DIRECTION('',(0.,-1.));
#2236 = ( GEOMETRIC_REPRESENTATION_CONTEXT(2) 
PARAMETRIC_REPRESENTATION_CONTEXT() REPRESENTATION_CONTEXT('2D SPACE',''
  ) );
#2237 = ORIENTED_EDGE('',*,*,#2238,.T.);
#2238 = EDGE_CURVE('',#2215,#2239,#2241,.T.);
#2239 = VERTEX_POINT('',#2240);
#2240 = CARTESIAN_POINT('',(-2.128407498531,-0.625,-1.249074267876));
#2241 = SURFACE_CURVE('',#2242,(#2247,#2254),.PCURVE_S1.);
#2242 = CIRCLE('',#2243,1.249074267876);
#2243 = AXIS2_PLACEMENT_3D('',#2244,#2245,#2246);
#2244 = CARTESIAN_POINT('',(-2.128407498531,-0.625,0.));
#2245 = DIRECTION('',(-1.,0.,0.));
#2246 = DIRECTION('',(0.,0.,-1.));
#2247 = PCURVE('',#2193,#2248);
#2248 = DEFINITIONAL_REPRESENTATION('',(#2249),#2253);
#2249 = LINE('',#2250,#2251);
#2250 = CARTESIAN_POINT('',(0.,3.166435891946));
#2251 = VECTOR('',#2252,1.);
#2252 = DIRECTION('',(1.,0.));
#2253 = ( GEOMETRIC_REPRESENTATION_CONTEXT(2) 
PARAMETRIC_REPRESENTATION_CONTEXT() REPRESENTATION_CONTEXT('2D SPACE',''
  ) );
#2254 = PCURVE('',#2255,#2260);
#2255 = PLANE('',#2256);
#2256 = AXIS2_PLACEMENT_3D('',#2257,#2258,#2259);
#2257 = CARTESIAN_POINT('',(-2.128407498531,-0.625,0.));
#2258 = DIRECTION('',(1.,0.,-0.));
#2259 = DIRECTION('',(-0.,0.,-1.));
#2260 = DEFINITIONAL_REPRESENTATION('',(#2261),#2269);
#2261 = ( BOUNDED_CURVE() B_SPLINE_CURVE(2,(#2262,#2263,#2264,#2265,
#2266,#2267,#2268),.UNSPECIFIED.,.T.,.F.) B_SPLINE_CURVE_WITH_KNOTS((1,2
    ,2,2,2,1),(-2.094395102393,0.,2.094395102393,4.188790204786,
6.28318530718,8.377580409573),.UNSPECIFIED.) CURVE() 
GEOMETRIC_REPRESENTATION_ITEM() RATIONAL_B_SPLINE_CURVE((1.,0.5,1.,0.5,
1.,0.5,1.)) REPRESENTATION_ITEM('') );
#2262 = CARTESIAN_POINT('',(1.249074267876,0.));
#2263 = CARTESIAN_POINT('',(1.249074267876,-2.163460094388));
#2264 = CARTESIAN_POINT('',(-0.624537133938,-1.081730047194));
#2265 = CARTESIAN_POINT('',(-2.498148535752,-3.059349608103E-16));
#2266 = CARTESIAN_POINT('',(-0.624537133938,1.081730047194));
#2267 = CARTESIAN_POINT('',(1.249074267876,2.163460094388));
#2268 = CARTESIAN_POINT('',(1.249074267876,0.));
#2269 = ( GEOMETRIC_REPRESENTATION_CONTEXT(2) 
PARAMETRIC_REPRESENTATION_CONTEXT() REPRESENTATION_CONTEXT('2D SPACE',''
  ) );
#2270 = ORIENTED_EDGE('',*,*,#2271,.F.);
#2271 = EDGE_CURVE('',#2118,#2239,#2272,.T.);
#2272 = SURFACE_CURVE('',#2273,(#2278,#2285),.PCURVE_S1.);
#2273 = CIRCLE('',#2274,3.);
#2274 = AXIS2_PLACEMENT_3D('',#2275,#2276,#2277);
#2275 = CARTESIAN_POINT('',(-2.202929547381,-0.625,1.75));
#2276 = DIRECTION('',(0.,1.,1.224646799147E-16));
#2277 = DIRECTION('',(0.,-1.224646799147E-16,1.));
#2278 = PCURVE('',#2193,#2279);
#2279 = DEFINITIONAL_REPRESENTATION('',(#2280),#2284);
#2280 = LINE('',#2281,#2282);
#2281 = CARTESIAN_POINT('',(6.28318530718,6.28318530718));
#2282 = VECTOR('',#2283,1.);
#2283 = DIRECTION('',(0.,-1.));
#2284 = ( GEOMETRIC_REPRESENTATION_CONTEXT(2) 
PARAMETRIC_REPRESENTATION_CONTEXT() REPRESENTATION_CONTEXT('2D SPACE',''
  ) );
#2285 = PCURVE('',#2156,#2286);
#2286 = DEFINITIONAL_REPRESENTATION('',(#2287),#2291);
#2287 = LINE('',#2288,#2289);
#2288 = CARTESIAN_POINT('',(0.,6.28318530718));
#2289 = VECTOR('',#2290,1.);
#2290 = DIRECTION('',(0.,-1.));
#2291 = ( GEOMETRIC_REPRESENTATION_CONTEXT(2) 
PARAMETRIC_REPRESENTATION_CONTEXT() REPRESENTATION_CONTEXT('2D SPACE',''
  ) );
#2292 = ORIENTED_EDGE('',*,*,#2178,.T.);
#2293 = ADVANCED_FACE('',(#2294),#2156,.F.);
#2294 = FACE_BOUND('',#2295,.F.);
#2295 = EDGE_LOOP('',(#2296,#2322,#2323,#2324));
#2296 = ORIENTED_EDGE('',*,*,#2297,.T.);
#2297 = EDGE_CURVE('',#2239,#2215,#2298,.T.);
#2298 = SURFACE_CURVE('',#2299,(#2304,#2311),.PCURVE_S1.);
#2299 = CIRCLE('',#2300,1.249074267876);
#2300 = AXIS2_PLACEMENT_3D('',#2301,#2302,#2303);
#2301 = CARTESIAN_POINT('',(-2.128407498531,-0.625,0.));
#2302 = DIRECTION('',(-1.,0.,0.));
#2303 = DIRECTION('',(0.,0.,-1.));
#2304 = PCURVE('',#2156,#2305);
#2305 = DEFINITIONAL_REPRESENTATION('',(#2306),#2310);
#2306 = LINE('',#2307,#2308);
#2307 = CARTESIAN_POINT('',(0.,3.166435891946));
#2308 = VECTOR('',#2309,1.);
#2309 = DIRECTION('',(1.,0.));
#2310 = ( GEOMETRIC_REPRESENTATION_CONTEXT(2) 
PARAMETRIC_REPRESENTATION_CONTEXT() REPRESENTATION_CONTEXT('2D SPACE',''
  ) );
#2311 = PCURVE('',#2255,#2312);
#2312 = DEFINITIONAL_REPRESENTATION('',(#2313),#2321);
#2313 = ( BOUNDED_CURVE() B_SPLINE_CURVE(2,(#2314,#2315,#2316,#2317,
#2318,#2319,#2320),.UNSPECIFIED.,.T.,.F.) B_SPLINE_CURVE_WITH_KNOTS((1,2
    ,2,2,2,1),(-2.094395102393,0.,2.094395102393,4.188790204786,
6.28318530718,8.377580409573),.UNSPECIFIED.) CURVE() 
GEOMETRIC_REPRESENTATION_ITEM() RATIONAL_B_SPLINE_CURVE((1.,0.5,1.,0.5,
1.,0.5,1.)) REPRESENTATION_ITEM('') );
#2314 = CARTESIAN_POINT('',(1.249074267876,0.));
#2315 = CARTESIAN_POINT('',(1.249074267876,-2.163460094388));
#2316 = CARTESIAN_POINT('',(-0.624537133938,-1.081730047194));
#2317 = CARTESIAN_POINT('',(-2.498148535752,-3.059349608103E-16));
#2318 = CARTESIAN_POINT('',(-0.624537133938,1.081730047194));
#2319 = CARTESIAN_POINT('',(1.249074267876,2.163460094388));
#2320 = CARTESIAN_POINT('',(1.249074267876,0.));
#2321 = ( GEOMETRIC_REPRESENTATION_CONTEXT(2) 
PARAMETRIC_REPRESENTATION_CONTEXT() REPRESENTATION_CONTEXT('2D SPACE',''
  ) );
#2322 = ORIENTED_EDGE('',*,*,#2214,.F.);
#2323 = ORIENTED_EDGE('',*,*,#2141,.T.);
#2324 = ORIENTED_EDGE('',*,*,#2271,.T.);
#2325 = ADVANCED_FACE('',(#2326,#2330),#2255,.T.);
#2326 = FACE_BOUND('',#2327,.T.);
#2327 = EDGE_LOOP('',(#2328,#2329));
#2328 = ORIENTED_EDGE('',*,*,#2238,.T.);
#2329 = ORIENTED_EDGE('',*,*,#2297,.T.);
#2330 = FACE_BOUND('',#2331,.T.);
#2331 = EDGE_LOOP('',(#2332,#2363));
#2332 = ORIENTED_EDGE('',*,*,#2333,.T.);
#2333 = EDGE_CURVE('',#2334,#2336,#2338,.T.);
#2334 = VERTEX_POINT('',#2335);
#2335 = CARTESIAN_POINT('',(-2.128407498531,-0.625,-1.26));
#2336 = VERTEX_POINT('',#2337);
#2337 = CARTESIAN_POINT('',(-2.128407498531,-0.625,1.26));
#2338 = SURFACE_CURVE('',#2339,(#2344,#2351),.PCURVE_S1.);
#2339 = CIRCLE('',#2340,1.26);
#2340 = AXIS2_PLACEMENT_3D('',#2341,#2342,#2343);
#2341 = CARTESIAN_POINT('',(-2.128407498531,-0.625,0.));
#2342 = DIRECTION('',(1.,-0.,0.));
#2343 = DIRECTION('',(0.,0.,-1.));
#2344 = PCURVE('',#2255,#2345);
#2345 = DEFINITIONAL_REPRESENTATION('',(#2346),#2350);
#2346 = CIRCLE('',#2347,1.26);
#2347 = AXIS2_PLACEMENT_2D('',#2348,#2349);
#2348 = CARTESIAN_POINT('',(0.,0.));
#2349 = DIRECTION('',(1.,0.));
#2350 = ( GEOMETRIC_REPRESENTATION_CONTEXT(2) 
PARAMETRIC_REPRESENTATION_CONTEXT() REPRESENTATION_CONTEXT('2D SPACE',''
  ) );
#2351 = PCURVE('',#2352,#2357);
#2352 = CYLINDRICAL_SURFACE('',#2353,1.26);
#2353 = AXIS2_PLACEMENT_3D('',#2354,#2355,#2356);
#2354 = CARTESIAN_POINT('',(3.25,-0.625,0.));
#2355 = DIRECTION('',(1.,-0.,-0.));
#2356 = DIRECTION('',(0.,0.,-1.));
#2357 = DEFINITIONAL_REPRESENTATION('',(#2358),#2362);
#2358 = LINE('',#2359,#2360);
#2359 = CARTESIAN_POINT('',(0.,-5.378407498531));
#2360 = VECTOR('',#2361,1.);
#2361 = DIRECTION('',(1.,0.));
#2362 = ( GEOMETRIC_REPRESENTATION_CONTEXT(2) 
PARAMETRIC_REPRESENTATION_CONTEXT() REPRESENTATION_CONTEXT('2D SPACE',''
  ) );
#2363 = ORIENTED_EDGE('',*,*,#2364,.T.);
#2364 = EDGE_CURVE('',#2336,#2334,#2365,.T.);
#2365 = SURFACE_CURVE('',#2366,(#2371,#2378),.PCURVE_S1.);
#2366 = CIRCLE('',#2367,1.26);
#2367 = AXIS2_PLACEMENT_3D('',#2368,#2369,#2370);
#2368 = CARTESIAN_POINT('',(-2.128407498531,-0.625,0.));
#2369 = DIRECTION('',(1.,-0.,0.));
#2370 = DIRECTION('',(0.,0.,-1.));
#2371 = PCURVE('',#2255,#2372);
#2372 = DEFINITIONAL_REPRESENTATION('',(#2373),#2377);
#2373 = CIRCLE('',#2374,1.26);
#2374 = AXIS2_PLACEMENT_2D('',#2375,#2376);
#2375 = CARTESIAN_POINT('',(0.,0.));
#2376 = DIRECTION('',(1.,0.));
#2377 = ( GEOMETRIC_REPRESENTATION_CONTEXT(2) 
PARAMETRIC_REPRESENTATION_CONTEXT() REPRESENTATION_CONTEXT('2D SPACE',''
  ) );
#2378 = PCURVE('',#2379,#2384);
#2379 = CYLINDRICAL_SURFACE('',#2380,1.26);
#2380 = AXIS2_PLACEMENT_3D('',#2381,#2382,#2383);
#2381 = CARTESIAN_POINT('',(3.25,-0.625,0.));
#2382 = DIRECTION('',(1.,-0.,-0.));
#2383 = DIRECTION('',(0.,0.,-1.));
#2384 = DEFINITIONAL_REPRESENTATION('',(#2385),#2389);
#2385 = LINE('',#2386,#2387);
#2386 = CARTESIAN_POINT('',(0.,-5.378407498531));
#2387 = VECTOR('',#2388,1.);
#2388 = DIRECTION('',(1.,0.));
#2389 = ( GEOMETRIC_REPRESENTATION_CONTEXT(2) 
PARAMETRIC_REPRESENTATION_CONTEXT() REPRESENTATION_CONTEXT('2D SPACE',''
  ) );
#2390 = ADVANCED_FACE('',(#2391),#2352,.T.);
#2391 = FACE_BOUND('',#2392,.T.);
#2392 = EDGE_LOOP('',(#2393,#2428,#2449,#2450));
#2393 = ORIENTED_EDGE('',*,*,#2394,.T.);
#2394 = EDGE_CURVE('',#2395,#2397,#2399,.T.);
#2395 = VERTEX_POINT('',#2396);
#2396 = CARTESIAN_POINT('',(-2.628407498531,-0.625,-1.26));
#2397 = VERTEX_POINT('',#2398);
#2398 = CARTESIAN_POINT('',(-2.628407498531,-0.625,1.26));
#2399 = SURFACE_CURVE('',#2400,(#2405,#2412),.PCURVE_S1.);
#2400 = CIRCLE('',#2401,1.26);
#2401 = AXIS2_PLACEMENT_3D('',#2402,#2403,#2404);
#2402 = CARTESIAN_POINT('',(-2.628407498531,-0.625,0.));
#2403 = DIRECTION('',(1.,-0.,0.));
#2404 = DIRECTION('',(0.,0.,-1.));
#2405 = PCURVE('',#2352,#2406);
#2406 = DEFINITIONAL_REPRESENTATION('',(#2407),#2411);
#2407 = LINE('',#2408,#2409);
#2408 = CARTESIAN_POINT('',(0.,-5.878407498531));
#2409 = VECTOR('',#2410,1.);
#2410 = DIRECTION('',(1.,0.));
#2411 = ( GEOMETRIC_REPRESENTATION_CONTEXT(2) 
PARAMETRIC_REPRESENTATION_CONTEXT() REPRESENTATION_CONTEXT('2D SPACE',''
  ) );
#2412 = PCURVE('',#2413,#2418);
#2413 = PLANE('',#2414);
#2414 = AXIS2_PLACEMENT_3D('',#2415,#2416,#2417);
#2415 = CARTESIAN_POINT('',(-2.628407498531,-0.625,0.));
#2416 = DIRECTION('',(-1.,0.,0.));
#2417 = DIRECTION('',(0.,0.,1.));
#2418 = DEFINITIONAL_REPRESENTATION('',(#2419),#2427);
#2419 = ( BOUNDED_CURVE() B_SPLINE_CURVE(2,(#2420,#2421,#2422,#2423,
#2424,#2425,#2426),.UNSPECIFIED.,.T.,.F.) B_SPLINE_CURVE_WITH_KNOTS((1,2
    ,2,2,2,1),(-2.094395102393,0.,2.094395102393,4.188790204786,
6.28318530718,8.377580409573),.UNSPECIFIED.) CURVE() 
GEOMETRIC_REPRESENTATION_ITEM() RATIONAL_B_SPLINE_CURVE((1.,0.5,1.,0.5,
1.,0.5,1.)) REPRESENTATION_ITEM('') );
#2420 = CARTESIAN_POINT('',(-1.26,0.));
#2421 = CARTESIAN_POINT('',(-1.26,2.182384017537));
#2422 = CARTESIAN_POINT('',(0.63,1.091192008768));
#2423 = CARTESIAN_POINT('',(2.52,3.086109933851E-16));
#2424 = CARTESIAN_POINT('',(0.63,-1.091192008768));
#2425 = CARTESIAN_POINT('',(-1.26,-2.182384017537));
#2426 = CARTESIAN_POINT('',(-1.26,0.));
#2427 = ( GEOMETRIC_REPRESENTATION_CONTEXT(2) 
PARAMETRIC_REPRESENTATION_CONTEXT() REPRESENTATION_CONTEXT('2D SPACE',''
  ) );
#2428 = ORIENTED_EDGE('',*,*,#2429,.T.);
#2429 = EDGE_CURVE('',#2397,#2336,#2430,.T.);
#2430 = SURFACE_CURVE('',#2431,(#2435,#2442),.PCURVE_S1.);
#2431 = LINE('',#2432,#2433);
#2432 = CARTESIAN_POINT('',(3.25,-0.625,1.26));
#2433 = VECTOR('',#2434,1.);
#2434 = DIRECTION('',(1.,-0.,-0.));
#2435 = PCURVE('',#2352,#2436);
#2436 = DEFINITIONAL_REPRESENTATION('',(#2437),#2441);
#2437 = LINE('',#2438,#2439);
#2438 = CARTESIAN_POINT('',(3.14159265359,0.));
#2439 = VECTOR('',#2440,1.);
#2440 = DIRECTION('',(0.,1.));
#2441 = ( GEOMETRIC_REPRESENTATION_CONTEXT(2) 
PARAMETRIC_REPRESENTATION_CONTEXT() REPRESENTATION_CONTEXT('2D SPACE',''
  ) );
#2442 = PCURVE('',#2379,#2443);
#2443 = DEFINITIONAL_REPRESENTATION('',(#2444),#2448);
#2444 = LINE('',#2445,#2446);
#2445 = CARTESIAN_POINT('',(3.14159265359,0.));
#2446 = VECTOR('',#2447,1.);
#2447 = DIRECTION('',(0.,1.));
#2448 = ( GEOMETRIC_REPRESENTATION_CONTEXT(2) 
PARAMETRIC_REPRESENTATION_CONTEXT() REPRESENTATION_CONTEXT('2D SPACE',''
  ) );
#2449 = ORIENTED_EDGE('',*,*,#2333,.F.);
#2450 = ORIENTED_EDGE('',*,*,#2451,.F.);
#2451 = EDGE_CURVE('',#2395,#2334,#2452,.T.);
#2452 = SURFACE_CURVE('',#2453,(#2457,#2464),.PCURVE_S1.);
#2453 = LINE('',#2454,#2455);
#2454 = CARTESIAN_POINT('',(3.25,-0.625,-1.26));
#2455 = VECTOR('',#2456,1.);
#2456 = DIRECTION('',(1.,-0.,-0.));
#2457 = PCURVE('',#2352,#2458);
#2458 = DEFINITIONAL_REPRESENTATION('',(#2459),#2463);
#2459 = LINE('',#2460,#2461);
#2460 = CARTESIAN_POINT('',(0.,0.));
#2461 = VECTOR('',#2462,1.);
#2462 = DIRECTION('',(0.,1.));
#2463 = ( GEOMETRIC_REPRESENTATION_CONTEXT(2) 
PARAMETRIC_REPRESENTATION_CONTEXT() REPRESENTATION_CONTEXT('2D SPACE',''
  ) );
#2464 = PCURVE('',#2379,#2465);
#2465 = DEFINITIONAL_REPRESENTATION('',(#2466),#2470);
#2466 = LINE('',#2467,#2468);
#2467 = CARTESIAN_POINT('',(6.28318530718,0.));
#2468 = VECTOR('',#2469,1.);
#2469 = DIRECTION('',(0.,1.));
#2470 = ( GEOMETRIC_REPRESENTATION_CONTEXT(2) 
PARAMETRIC_REPRESENTATION_CONTEXT() REPRESENTATION_CONTEXT('2D SPACE',''
  ) );
#2471 = ADVANCED_FACE('',(#2472,#2532),#2413,.T.);
#2472 = FACE_BOUND('',#2473,.T.);
#2473 = EDGE_LOOP('',(#2474,#2505));
#2474 = ORIENTED_EDGE('',*,*,#2475,.F.);
#2475 = EDGE_CURVE('',#2476,#2478,#2480,.T.);
#2476 = VERTEX_POINT('',#2477);
#2477 = CARTESIAN_POINT('',(-2.628407498531,-0.625,1.25));
#2478 = VERTEX_POINT('',#2479);
#2479 = CARTESIAN_POINT('',(-2.628407498531,-0.625,-1.25));
#2480 = SURFACE_CURVE('',#2481,(#2486,#2493),.PCURVE_S1.);
#2481 = CIRCLE('',#2482,1.25);
#2482 = AXIS2_PLACEMENT_3D('',#2483,#2484,#2485);
#2483 = CARTESIAN_POINT('',(-2.628407498531,-0.625,0.));
#2484 = DIRECTION('',(-1.,0.,0.));
#2485 = DIRECTION('',(0.,0.,1.));
#2486 = PCURVE('',#2413,#2487);
#2487 = DEFINITIONAL_REPRESENTATION('',(#2488),#2492);
#2488 = CIRCLE('',#2489,1.25);
#2489 = AXIS2_PLACEMENT_2D('',#2490,#2491);
#2490 = CARTESIAN_POINT('',(0.,0.));
#2491 = DIRECTION('',(1.,0.));
#2492 = ( GEOMETRIC_REPRESENTATION_CONTEXT(2) 
PARAMETRIC_REPRESENTATION_CONTEXT() REPRESENTATION_CONTEXT('2D SPACE',''
  ) );
#2493 = PCURVE('',#2494,#2499);
#2494 = CYLINDRICAL_SURFACE('',#2495,1.25);
#2495 = AXIS2_PLACEMENT_3D('',#2496,#2497,#2498);
#2496 = CARTESIAN_POINT('',(-3.25,-0.625,0.));
#2497 = DIRECTION('',(-1.,-0.,-0.));
#2498 = DIRECTION('',(-0.,0.,1.));
#2499 = DEFINITIONAL_REPRESENTATION('',(#2500),#2504);
#2500 = LINE('',#2501,#2502);
#2501 = CARTESIAN_POINT('',(0.,-0.621592501469));
#2502 = VECTOR('',#2503,1.);
#2503 = DIRECTION('',(1.,0.));
#2504 = ( GEOMETRIC_REPRESENTATION_CONTEXT(2) 
PARAMETRIC_REPRESENTATION_CONTEXT() REPRESENTATION_CONTEXT('2D SPACE',''
  ) );
#2505 = ORIENTED_EDGE('',*,*,#2506,.F.);
#2506 = EDGE_CURVE('',#2478,#2476,#2507,.T.);
#2507 = SURFACE_CURVE('',#2508,(#2513,#2520),.PCURVE_S1.);
#2508 = CIRCLE('',#2509,1.25);
#2509 = AXIS2_PLACEMENT_3D('',#2510,#2511,#2512);
#2510 = CARTESIAN_POINT('',(-2.628407498531,-0.625,0.));
#2511 = DIRECTION('',(-1.,0.,0.));
#2512 = DIRECTION('',(0.,0.,1.));
#2513 = PCURVE('',#2413,#2514);
#2514 = DEFINITIONAL_REPRESENTATION('',(#2515),#2519);
#2515 = CIRCLE('',#2516,1.25);
#2516 = AXIS2_PLACEMENT_2D('',#2517,#2518);
#2517 = CARTESIAN_POINT('',(0.,0.));
#2518 = DIRECTION('',(1.,0.));
#2519 = ( GEOMETRIC_REPRESENTATION_CONTEXT(2) 
PARAMETRIC_REPRESENTATION_CONTEXT() REPRESENTATION_CONTEXT('2D SPACE',''
  ) );
#2520 = PCURVE('',#2521,#2526);
#2521 = CYLINDRICAL_SURFACE('',#2522,1.25);
#2522 = AXIS2_PLACEMENT_3D('',#2523,#2524,#2525);
#2523 = CARTESIAN_POINT('',(-3.25,-0.625,0.));
#2524 = DIRECTION('',(-1.,-0.,-0.));
#2525 = DIRECTION('',(-0.,0.,1.));
#2526 = DEFINITIONAL_REPRESENTATION('',(#2527),#2531);
#2527 = LINE('',#2528,#2529);
#2528 = CARTESIAN_POINT('',(0.,-0.621592501469));
#2529 = VECTOR('',#2530,1.);
#2530 = DIRECTION('',(1.,0.));
#2531 = ( GEOMETRIC_REPRESENTATION_CONTEXT(2) 
PARAMETRIC_REPRESENTATION_CONTEXT() REPRESENTATION_CONTEXT('2D SPACE',''
  ) );
#2532 = FACE_BOUND('',#2533,.T.);
#2533 = EDGE_LOOP('',(#2534,#2535));
#2534 = ORIENTED_EDGE('',*,*,#2394,.F.);
#2535 = ORIENTED_EDGE('',*,*,#2536,.F.);
#2536 = EDGE_CURVE('',#2397,#2395,#2537,.T.);
#2537 = SURFACE_CURVE('',#2538,(#2543,#2554),.PCURVE_S1.);
#2538 = CIRCLE('',#2539,1.26);
#2539 = AXIS2_PLACEMENT_3D('',#2540,#2541,#2542);
#2540 = CARTESIAN_POINT('',(-2.628407498531,-0.625,0.));
#2541 = DIRECTION('',(1.,-0.,0.));
#2542 = DIRECTION('',(0.,0.,-1.));
#2543 = PCURVE('',#2413,#2544);
#2544 = DEFINITIONAL_REPRESENTATION('',(#2545),#2553);
#2545 = ( BOUNDED_CURVE() B_SPLINE_CURVE(2,(#2546,#2547,#2548,#2549,
#2550,#2551,#2552),.UNSPECIFIED.,.T.,.F.) B_SPLINE_CURVE_WITH_KNOTS((1,2
    ,2,2,2,1),(-2.094395102393,0.,2.094395102393,4.188790204786,
6.28318530718,8.377580409573),.UNSPECIFIED.) CURVE() 
GEOMETRIC_REPRESENTATION_ITEM() RATIONAL_B_SPLINE_CURVE((1.,0.5,1.,0.5,
1.,0.5,1.)) REPRESENTATION_ITEM('') );
#2546 = CARTESIAN_POINT('',(-1.26,0.));
#2547 = CARTESIAN_POINT('',(-1.26,2.182384017537));
#2548 = CARTESIAN_POINT('',(0.63,1.091192008768));
#2549 = CARTESIAN_POINT('',(2.52,3.086109933851E-16));
#2550 = CARTESIAN_POINT('',(0.63,-1.091192008768));
#2551 = CARTESIAN_POINT('',(-1.26,-2.182384017537));
#2552 = CARTESIAN_POINT('',(-1.26,0.));
#2553 = ( GEOMETRIC_REPRESENTATION_CONTEXT(2) 
PARAMETRIC_REPRESENTATION_CONTEXT() REPRESENTATION_CONTEXT('2D SPACE',''
  ) );
#2554 = PCURVE('',#2379,#2555);
#2555 = DEFINITIONAL_REPRESENTATION('',(#2556),#2560);
#2556 = LINE('',#2557,#2558);
#2557 = CARTESIAN_POINT('',(0.,-5.878407498531));
#2558 = VECTOR('',#2559,1.);
#2559 = DIRECTION('',(1.,0.));
#2560 = ( GEOMETRIC_REPRESENTATION_CONTEXT(2) 
PARAMETRIC_REPRESENTATION_CONTEXT() REPRESENTATION_CONTEXT('2D SPACE',''
  ) );
#2561 = ADVANCED_FACE('',(#2562),#2494,.T.);
#2562 = FACE_BOUND('',#2563,.T.);
#2563 = EDGE_LOOP('',(#2564,#2565,#2588,#2617));
#2564 = ORIENTED_EDGE('',*,*,#2475,.T.);
#2565 = ORIENTED_EDGE('',*,*,#2566,.T.);
#2566 = EDGE_CURVE('',#2478,#2567,#2569,.T.);
#2567 = VERTEX_POINT('',#2568);
#2568 = CARTESIAN_POINT('',(-2.75,-0.625,-1.25));
#2569 = SURFACE_CURVE('',#2570,(#2574,#2581),.PCURVE_S1.);
#2570 = LINE('',#2571,#2572);
#2571 = CARTESIAN_POINT('',(-3.25,-0.625,-1.25));
#2572 = VECTOR('',#2573,1.);
#2573 = DIRECTION('',(-1.,-0.,-0.));
#2574 = PCURVE('',#2494,#2575);
#2575 = DEFINITIONAL_REPRESENTATION('',(#2576),#2580);
#2576 = LINE('',#2577,#2578);
#2577 = CARTESIAN_POINT('',(3.14159265359,0.));
#2578 = VECTOR('',#2579,1.);
#2579 = DIRECTION('',(0.,1.));
#2580 = ( GEOMETRIC_REPRESENTATION_CONTEXT(2) 
PARAMETRIC_REPRESENTATION_CONTEXT() REPRESENTATION_CONTEXT('2D SPACE',''
  ) );
#2581 = PCURVE('',#2521,#2582);
#2582 = DEFINITIONAL_REPRESENTATION('',(#2583),#2587);
#2583 = LINE('',#2584,#2585);
#2584 = CARTESIAN_POINT('',(3.14159265359,0.));
#2585 = VECTOR('',#2586,1.);
#2586 = DIRECTION('',(0.,1.));
#2587 = ( GEOMETRIC_REPRESENTATION_CONTEXT(2) 
PARAMETRIC_REPRESENTATION_CONTEXT() REPRESENTATION_CONTEXT('2D SPACE',''
  ) );
#2588 = ORIENTED_EDGE('',*,*,#2589,.T.);
#2589 = EDGE_CURVE('',#2567,#2590,#2592,.T.);
#2590 = VERTEX_POINT('',#2591);
#2591 = CARTESIAN_POINT('',(-2.75,-0.625,1.25));
#2592 = SURFACE_CURVE('',#2593,(#2598,#2605),.PCURVE_S1.);
#2593 = CIRCLE('',#2594,1.25);
#2594 = AXIS2_PLACEMENT_3D('',#2595,#2596,#2597);
#2595 = CARTESIAN_POINT('',(-2.75,-0.625,0.));
#2596 = DIRECTION('',(1.,0.,0.));
#2597 = DIRECTION('',(0.,0.,-1.));
#2598 = PCURVE('',#2494,#2599);
#2599 = DEFINITIONAL_REPRESENTATION('',(#2600),#2604);
#2600 = LINE('',#2601,#2602);
#2601 = CARTESIAN_POINT('',(3.14159265359,-0.5));
#2602 = VECTOR('',#2603,1.);
#2603 = DIRECTION('',(-1.,0.));
#2604 = ( GEOMETRIC_REPRESENTATION_CONTEXT(2) 
PARAMETRIC_REPRESENTATION_CONTEXT() REPRESENTATION_CONTEXT('2D SPACE',''
  ) );
#2605 = PCURVE('',#2606,#2611);
#2606 = TOROIDAL_SURFACE('',#2607,0.75,0.5);
#2607 = AXIS2_PLACEMENT_3D('',#2608,#2609,#2610);
#2608 = CARTESIAN_POINT('',(-2.75,-0.625,0.));
#2609 = DIRECTION('',(1.,0.,0.));
#2610 = DIRECTION('',(0.,0.,-1.));
#2611 = DEFINITIONAL_REPRESENTATION('',(#2612),#2616);
#2612 = LINE('',#2613,#2614);
#2613 = CARTESIAN_POINT('',(0.,6.28318530718));
#2614 = VECTOR('',#2615,1.);
#2615 = DIRECTION('',(1.,0.));
#2616 = ( GEOMETRIC_REPRESENTATION_CONTEXT(2) 
PARAMETRIC_REPRESENTATION_CONTEXT() REPRESENTATION_CONTEXT('2D SPACE',''
  ) );
#2617 = ORIENTED_EDGE('',*,*,#2618,.F.);
#2618 = EDGE_CURVE('',#2476,#2590,#2619,.T.);
#2619 = SURFACE_CURVE('',#2620,(#2624,#2631),.PCURVE_S1.);
#2620 = LINE('',#2621,#2622);
#2621 = CARTESIAN_POINT('',(-3.25,-0.625,1.25));
#2622 = VECTOR('',#2623,1.);
#2623 = DIRECTION('',(-1.,-0.,-0.));
#2624 = PCURVE('',#2494,#2625);
#2625 = DEFINITIONAL_REPRESENTATION('',(#2626),#2630);
#2626 = LINE('',#2627,#2628);
#2627 = CARTESIAN_POINT('',(0.,0.));
#2628 = VECTOR('',#2629,1.);
#2629 = DIRECTION('',(0.,1.));
#2630 = ( GEOMETRIC_REPRESENTATION_CONTEXT(2) 
PARAMETRIC_REPRESENTATION_CONTEXT() REPRESENTATION_CONTEXT('2D SPACE',''
  ) );
#2631 = PCURVE('',#2521,#2632);
#2632 = DEFINITIONAL_REPRESENTATION('',(#2633),#2637);
#2633 = LINE('',#2634,#2635);
#2634 = CARTESIAN_POINT('',(6.28318530718,0.));
#2635 = VECTOR('',#2636,1.);
#2636 = DIRECTION('',(0.,1.));
#2637 = ( GEOMETRIC_REPRESENTATION_CONTEXT(2) 
PARAMETRIC_REPRESENTATION_CONTEXT() REPRESENTATION_CONTEXT('2D SPACE',''
  ) );
#2638 = ADVANCED_FACE('',(#2639),#2606,.T.);
#2639 = FACE_BOUND('',#2640,.T.);
#2640 = EDGE_LOOP('',(#2641,#2676,#2703,#2704));
#2641 = ORIENTED_EDGE('',*,*,#2642,.F.);
#2642 = EDGE_CURVE('',#2643,#2645,#2647,.T.);
#2643 = VERTEX_POINT('',#2644);
#2644 = CARTESIAN_POINT('',(-3.25,-0.625,0.75));
#2645 = VERTEX_POINT('',#2646);
#2646 = CARTESIAN_POINT('',(-3.25,-0.625,-0.75));
#2647 = SURFACE_CURVE('',#2648,(#2653,#2660),.PCURVE_S1.);
#2648 = CIRCLE('',#2649,0.75);
#2649 = AXIS2_PLACEMENT_3D('',#2650,#2651,#2652);
#2650 = CARTESIAN_POINT('',(-3.25,-0.625,0.));
#2651 = DIRECTION('',(-1.,-0.,-0.));
#2652 = DIRECTION('',(0.,0.,-1.));
#2653 = PCURVE('',#2606,#2654);
#2654 = DEFINITIONAL_REPRESENTATION('',(#2655),#2659);
#2655 = LINE('',#2656,#2657);
#2656 = CARTESIAN_POINT('',(6.28318530718,4.712388980385));
#2657 = VECTOR('',#2658,1.);
#2658 = DIRECTION('',(-1.,0.));
#2659 = ( GEOMETRIC_REPRESENTATION_CONTEXT(2) 
PARAMETRIC_REPRESENTATION_CONTEXT() REPRESENTATION_CONTEXT('2D SPACE',''
  ) );
#2660 = PCURVE('',#2661,#2666);
#2661 = PLANE('',#2662);
#2662 = AXIS2_PLACEMENT_3D('',#2663,#2664,#2665);
#2663 = CARTESIAN_POINT('',(-3.25,-0.625,0.));
#2664 = DIRECTION('',(1.,0.,0.));
#2665 = DIRECTION('',(0.,0.,-1.));
#2666 = DEFINITIONAL_REPRESENTATION('',(#2667),#2675);
#2667 = ( BOUNDED_CURVE() B_SPLINE_CURVE(2,(#2668,#2669,#2670,#2671,
#2672,#2673,#2674),.UNSPECIFIED.,.T.,.F.) B_SPLINE_CURVE_WITH_KNOTS((1,2
    ,2,2,2,1),(-2.094395102393,0.,2.094395102393,4.188790204786,
6.28318530718,8.377580409573),.UNSPECIFIED.) CURVE() 
GEOMETRIC_REPRESENTATION_ITEM() RATIONAL_B_SPLINE_CURVE((1.,0.5,1.,0.5,
1.,0.5,1.)) REPRESENTATION_ITEM('') );
#2668 = CARTESIAN_POINT('',(0.75,0.));
#2669 = CARTESIAN_POINT('',(0.75,-1.299038105677));
#2670 = CARTESIAN_POINT('',(-0.375,-0.649519052838));
#2671 = CARTESIAN_POINT('',(-1.5,-1.836970198721E-16));
#2672 = CARTESIAN_POINT('',(-0.375,0.649519052838));
#2673 = CARTESIAN_POINT('',(0.75,1.299038105677));
#2674 = CARTESIAN_POINT('',(0.75,0.));
#2675 = ( GEOMETRIC_REPRESENTATION_CONTEXT(2) 
PARAMETRIC_REPRESENTATION_CONTEXT() REPRESENTATION_CONTEXT('2D SPACE',''
  ) );
#2676 = ORIENTED_EDGE('',*,*,#2677,.T.);
#2677 = EDGE_CURVE('',#2643,#2590,#2678,.T.);
#2678 = SURFACE_CURVE('',#2679,(#2684,#2691),.PCURVE_S1.);
#2679 = CIRCLE('',#2680,0.5);
#2680 = AXIS2_PLACEMENT_3D('',#2681,#2682,#2683);
#2681 = CARTESIAN_POINT('',(-2.75,-0.625,0.75));
#2682 = DIRECTION('',(0.,1.,-1.224646799147E-16));
#2683 = DIRECTION('',(0.,1.224646799147E-16,1.));
#2684 = PCURVE('',#2606,#2685);
#2685 = DEFINITIONAL_REPRESENTATION('',(#2686),#2690);
#2686 = LINE('',#2687,#2688);
#2687 = CARTESIAN_POINT('',(3.14159265359,0.));
#2688 = VECTOR('',#2689,1.);
#2689 = DIRECTION('',(0.,1.));
#2690 = ( GEOMETRIC_REPRESENTATION_CONTEXT(2) 
PARAMETRIC_REPRESENTATION_CONTEXT() REPRESENTATION_CONTEXT('2D SPACE',''
  ) );
#2691 = PCURVE('',#2692,#2697);
#2692 = TOROIDAL_SURFACE('',#2693,0.75,0.5);
#2693 = AXIS2_PLACEMENT_3D('',#2694,#2695,#2696);
#2694 = CARTESIAN_POINT('',(-2.75,-0.625,0.));
#2695 = DIRECTION('',(1.,0.,0.));
#2696 = DIRECTION('',(0.,0.,-1.));
#2697 = DEFINITIONAL_REPRESENTATION('',(#2698),#2702);
#2698 = LINE('',#2699,#2700);
#2699 = CARTESIAN_POINT('',(3.14159265359,0.));
#2700 = VECTOR('',#2701,1.);
#2701 = DIRECTION('',(0.,1.));
#2702 = ( GEOMETRIC_REPRESENTATION_CONTEXT(2) 
PARAMETRIC_REPRESENTATION_CONTEXT() REPRESENTATION_CONTEXT('2D SPACE',''
  ) );
#2703 = ORIENTED_EDGE('',*,*,#2589,.F.);
#2704 = ORIENTED_EDGE('',*,*,#2705,.F.);
#2705 = EDGE_CURVE('',#2645,#2567,#2706,.T.);
#2706 = SURFACE_CURVE('',#2707,(#2712,#2719),.PCURVE_S1.);
#2707 = CIRCLE('',#2708,0.5);
#2708 = AXIS2_PLACEMENT_3D('',#2709,#2710,#2711);
#2709 = CARTESIAN_POINT('',(-2.75,-0.625,-0.75));
#2710 = DIRECTION('',(0.,-1.,0.));
#2711 = DIRECTION('',(0.,0.,-1.));
#2712 = PCURVE('',#2606,#2713);
#2713 = DEFINITIONAL_REPRESENTATION('',(#2714),#2718);
#2714 = LINE('',#2715,#2716);
#2715 = CARTESIAN_POINT('',(0.,0.));
#2716 = VECTOR('',#2717,1.);
#2717 = DIRECTION('',(0.,1.));
#2718 = ( GEOMETRIC_REPRESENTATION_CONTEXT(2) 
PARAMETRIC_REPRESENTATION_CONTEXT() REPRESENTATION_CONTEXT('2D SPACE',''
  ) );
#2719 = PCURVE('',#2692,#2720);
#2720 = DEFINITIONAL_REPRESENTATION('',(#2721),#2725);
#2721 = LINE('',#2722,#2723);
#2722 = CARTESIAN_POINT('',(6.28318530718,0.));
#2723 = VECTOR('',#2724,1.);
#2724 = DIRECTION('',(0.,1.));
#2725 = ( GEOMETRIC_REPRESENTATION_CONTEXT(2) 
PARAMETRIC_REPRESENTATION_CONTEXT() REPRESENTATION_CONTEXT('2D SPACE',''
  ) );
#2726 = ADVANCED_FACE('',(#2727),#2379,.T.);
#2727 = FACE_BOUND('',#2728,.T.);
#2728 = EDGE_LOOP('',(#2729,#2730,#2731,#2732));
#2729 = ORIENTED_EDGE('',*,*,#2429,.F.);
#2730 = ORIENTED_EDGE('',*,*,#2536,.T.);
#2731 = ORIENTED_EDGE('',*,*,#2451,.T.);
#2732 = ORIENTED_EDGE('',*,*,#2364,.F.);
#2733 = ADVANCED_FACE('',(#2734,#2763),#2661,.F.);
#2734 = FACE_BOUND('',#2735,.T.);
#2735 = EDGE_LOOP('',(#2736,#2762));
#2736 = ORIENTED_EDGE('',*,*,#2737,.T.);
#2737 = EDGE_CURVE('',#2645,#2643,#2738,.T.);
#2738 = SURFACE_CURVE('',#2739,(#2744,#2755),.PCURVE_S1.);
#2739 = CIRCLE('',#2740,0.75);
#2740 = AXIS2_PLACEMENT_3D('',#2741,#2742,#2743);
#2741 = CARTESIAN_POINT('',(-3.25,-0.625,0.));
#2742 = DIRECTION('',(-1.,-0.,-0.));
#2743 = DIRECTION('',(0.,0.,-1.));
#2744 = PCURVE('',#2661,#2745);
#2745 = DEFINITIONAL_REPRESENTATION('',(#2746),#2754);
#2746 = ( BOUNDED_CURVE() B_SPLINE_CURVE(2,(#2747,#2748,#2749,#2750,
#2751,#2752,#2753),.UNSPECIFIED.,.T.,.F.) B_SPLINE_CURVE_WITH_KNOTS((1,2
    ,2,2,2,1),(-2.094395102393,0.,2.094395102393,4.188790204786,
6.28318530718,8.377580409573),.UNSPECIFIED.) CURVE() 
GEOMETRIC_REPRESENTATION_ITEM() RATIONAL_B_SPLINE_CURVE((1.,0.5,1.,0.5,
1.,0.5,1.)) REPRESENTATION_ITEM('') );
#2747 = CARTESIAN_POINT('',(0.75,0.));
#2748 = CARTESIAN_POINT('',(0.75,-1.299038105677));
#2749 = CARTESIAN_POINT('',(-0.375,-0.649519052838));
#2750 = CARTESIAN_POINT('',(-1.5,-1.836970198721E-16));
#2751 = CARTESIAN_POINT('',(-0.375,0.649519052838));
#2752 = CARTESIAN_POINT('',(0.75,1.299038105677));
#2753 = CARTESIAN_POINT('',(0.75,0.));
#2754 = ( GEOMETRIC_REPRESENTATION_CONTEXT(2) 
PARAMETRIC_REPRESENTATION_CONTEXT() REPRESENTATION_CONTEXT('2D SPACE',''
  ) );
#2755 = PCURVE('',#2692,#2756);
#2756 = DEFINITIONAL_REPRESENTATION('',(#2757),#2761);
#2757 = LINE('',#2758,#2759);
#2758 = CARTESIAN_POINT('',(6.28318530718,4.712388980385));
#2759 = VECTOR('',#2760,1.);
#2760 = DIRECTION('',(-1.,0.));
#2761 = ( GEOMETRIC_REPRESENTATION_CONTEXT(2) 
PARAMETRIC_REPRESENTATION_CONTEXT() REPRESENTATION_CONTEXT('2D SPACE',''
  ) );
#2762 = ORIENTED_EDGE('',*,*,#2642,.T.);
#2763 = FACE_BOUND('',#2764,.T.);
#2764 = EDGE_LOOP('',(#2765,#2831));
#2765 = ORIENTED_EDGE('',*,*,#2766,.F.);
#2766 = EDGE_CURVE('',#2767,#2769,#2771,.T.);
#2767 = VERTEX_POINT('',#2768);
#2768 = CARTESIAN_POINT('',(-3.25,-0.917893218813,-2.623722290197E-17));
#2769 = VERTEX_POINT('',#2770);
#2770 = CARTESIAN_POINT('',(-3.25,-0.400255128577,6.347988108523E-12));
#2771 = SURFACE_CURVE('',#2772,(#2783,#2797),.PCURVE_S1.);
#2772 = B_SPLINE_CURVE_WITH_KNOTS('',3,(#2773,#2774,#2775,#2776,#2777,
    #2778,#2779,#2780,#2781,#2782),.UNSPECIFIED.,.F.,.F.,(4,2,2,2,4),(
    8.650141509647E-05,2.854431696087E-04,4.84384924121E-04,
    6.833266786332E-04,8.822684331454E-04),.UNSPECIFIED.);
#2773 = CARTESIAN_POINT('',(-3.25,-0.917893218813,-2.623722290197E-17));
#2774 = CARTESIAN_POINT('',(-3.25,-0.917893218813,6.696573864086E-02));
#2775 = CARTESIAN_POINT('',(-3.25,-0.887857643387,0.132342048241));
#2776 = CARTESIAN_POINT('',(-3.25,-0.791213502323,0.223332370916));
#2777 = CARTESIAN_POINT('',(-3.25,-0.724973175714,0.249616830805));
#2778 = CARTESIAN_POINT('',(-3.25,-0.5915647756,0.250374565003));
#2779 = CARTESIAN_POINT('',(-3.25,-0.525295095652,0.224863268441));
#2780 = CARTESIAN_POINT('',(-3.25,-0.428588589258,0.132281104636));
#2781 = CARTESIAN_POINT('',(-3.25,-0.40025512861,6.630820076158E-02));
#2782 = CARTESIAN_POINT('',(-3.25,-0.400255128577,6.347988108523E-12));
#2783 = PCURVE('',#2661,#2784);
#2784 = DEFINITIONAL_REPRESENTATION('',(#2785),#2796);
#2785 = B_SPLINE_CURVE_WITH_KNOTS('',3,(#2786,#2787,#2788,#2789,#2790,
    #2791,#2792,#2793,#2794,#2795),.UNSPECIFIED.,.F.,.F.,(4,2,2,2,4),(
    8.650141509647E-05,2.854431696087E-04,4.84384924121E-04,
    6.833266786332E-04,8.822684331454E-04),.UNSPECIFIED.);
#2786 = CARTESIAN_POINT('',(2.623722290197E-17,-0.292893218813));
#2787 = CARTESIAN_POINT('',(-6.696573864086E-02,-0.292893218813));
#2788 = CARTESIAN_POINT('',(-0.132342048241,-0.262857643387));
#2789 = CARTESIAN_POINT('',(-0.223332370916,-0.166213502323));
#2790 = CARTESIAN_POINT('',(-0.249616830805,-9.9973175714E-02));
#2791 = CARTESIAN_POINT('',(-0.250374565003,3.34352244E-02));
#2792 = CARTESIAN_POINT('',(-0.224863268441,9.9704904348E-02));
#2793 = CARTESIAN_POINT('',(-0.132281104636,0.196411410742));
#2794 = CARTESIAN_POINT('',(-6.630820076158E-02,0.22474487139));
#2795 = CARTESIAN_POINT('',(-6.347988108523E-12,0.224744871423));
#2796 = ( GEOMETRIC_REPRESENTATION_CONTEXT(2) 
PARAMETRIC_REPRESENTATION_CONTEXT() REPRESENTATION_CONTEXT('2D SPACE',''
  ) );
#2797 = PCURVE('',#2798,#2803);
#2798 = TOROIDAL_SURFACE('',#2799,1.,0.25);
#2799 = AXIS2_PLACEMENT_3D('',#2800,#2801,#2802);
#2800 = CARTESIAN_POINT('',(-3.,-1.625,0.));
#2801 = DIRECTION('',(0.,0.,1.));
#2802 = DIRECTION('',(1.,0.,-0.));
#2803 = DEFINITIONAL_REPRESENTATION('',(#2804),#2830);
#2804 = B_SPLINE_CURVE_WITH_KNOTS('',3,(#2805,#2806,#2807,#2808,#2809,
    #2810,#2811,#2812,#2813,#2814,#2815,#2816,#2817,#2818,#2819,#2820,
    #2821,#2822,#2823,#2824,#2825,#2826,#2827,#2828,#2829),
  .UNSPECIFIED.,.F.,.F.,(4,1,1,1,1,1,1,1,1,1,1,1,1,1,1,1,1,1,1,1,1,1,4),
  (8.650141509647E-05,1.226726431896E-04,1.588438712827E-04,
    1.950150993759E-04,2.31186327469E-04,2.673575555622E-04,
    3.035287836553E-04,3.397000117484E-04,3.758712398416E-04,
    4.120424679347E-04,4.482136960278E-04,4.84384924121E-04,
    5.205561522141E-04,5.567273803072E-04,5.928986084004E-04,
    6.290698364935E-04,6.652410645866E-04,7.014122926798E-04,
    7.375835207729E-04,7.73754748866E-04,8.099259769592E-04,
    8.460972050523E-04,8.822684331454E-04),.UNSPECIFIED.);
#2805 = CARTESIAN_POINT('',(1.910633236249,3.14159265359));
#2806 = CARTESIAN_POINT('',(1.910639816083,3.092932681949));
#2807 = CARTESIAN_POINT('',(1.909744472876,2.995865777441));
#2808 = CARTESIAN_POINT('',(1.906007311589,2.850981112946));
#2809 = CARTESIAN_POINT('',(1.90018505719,2.706626558927));
#2810 = CARTESIAN_POINT('',(1.892664843792,2.563114085672));
#2811 = CARTESIAN_POINT('',(1.883844275616,2.420721539033));
#2812 = CARTESIAN_POINT('',(1.874096492894,2.279568299005));
#2813 = CARTESIAN_POINT('',(1.86383556287,2.138929718465));
#2814 = CARTESIAN_POINT('',(1.853419051641,1.998409061596));
#2815 = CARTESIAN_POINT('',(1.843129291369,1.857897922112));
#2816 = CARTESIAN_POINT('',(1.833187536331,1.717402699186));
#2817 = CARTESIAN_POINT('',(1.82374819272,1.576699898272));
#2818 = CARTESIAN_POINT('',(1.814954740198,1.435775201631));
#2819 = CARTESIAN_POINT('',(1.806905793878,1.294606366947));
#2820 = CARTESIAN_POINT('',(1.799639096444,1.152944316962));
#2821 = CARTESIAN_POINT('',(1.793184934203,1.010724535017));
#2822 = CARTESIAN_POINT('',(1.787561826121,0.867811092471));
#2823 = CARTESIAN_POINT('',(1.78278252453,0.723459386961));
#2824 = CARTESIAN_POINT('',(1.778918211725,0.57903921421));
#2825 = CARTESIAN_POINT('',(1.775916572533,0.434254319506));
#2826 = CARTESIAN_POINT('',(1.773762972054,0.289353625454));
#2827 = CARTESIAN_POINT('',(1.772452557902,0.144616148659));
#2828 = CARTESIAN_POINT('',(1.772155911397,4.819059418838E-02));
#2829 = CARTESIAN_POINT('',(1.77215424758,0.));
#2830 = ( GEOMETRIC_REPRESENTATION_CONTEXT(2) 
PARAMETRIC_REPRESENTATION_CONTEXT() REPRESENTATION_CONTEXT('2D SPACE',''
  ) );
#2831 = ORIENTED_EDGE('',*,*,#2832,.F.);
#2832 = EDGE_CURVE('',#2769,#2767,#2833,.T.);
#2833 = SURFACE_CURVE('',#2834,(#2845,#2859),.PCURVE_S1.);
#2834 = B_SPLINE_CURVE_WITH_KNOTS('',3,(#2835,#2836,#2837,#2838,#2839,
    #2840,#2841,#2842,#2843,#2844),.UNSPECIFIED.,.F.,.F.,(4,2,2,2,4),(
    8.822684331454E-04,1.081108956636E-03,1.279949480127E-03,
    1.478790003617E-03,1.677630527108E-03),.UNSPECIFIED.);
#2835 = CARTESIAN_POINT('',(-3.25,-0.400255128577,6.347988108523E-12));
#2836 = CARTESIAN_POINT('',(-3.25,-0.400255128606,-6.627445998284E-02));
#2837 = CARTESIAN_POINT('',(-3.25,-0.428719840883,-0.132378840939));
#2838 = CARTESIAN_POINT('',(-3.25,-0.525053730798,-0.224660083134));
#2839 = CARTESIAN_POINT('',(-3.25,-0.591660193645,-0.250379753079));
#2840 = CARTESIAN_POINT('',(-3.25,-0.724923641055,-0.249611380148));
#2841 = CARTESIAN_POINT('',(-3.25,-0.791206726089,-0.223291011797));
#2842 = CARTESIAN_POINT('',(-3.25,-0.887666109066,-0.132570018396));
#2843 = CARTESIAN_POINT('',(-3.25,-0.917893218813,-6.693166328976E-02));
#2844 = CARTESIAN_POINT('',(-3.25,-0.917893218813,-2.623722290197E-17));
#2845 = PCURVE('',#2661,#2846);
#2846 = DEFINITIONAL_REPRESENTATION('',(#2847),#2858);
#2847 = B_SPLINE_CURVE_WITH_KNOTS('',3,(#2848,#2849,#2850,#2851,#2852,
    #2853,#2854,#2855,#2856,#2857),.UNSPECIFIED.,.F.,.F.,(4,2,2,2,4),(
    8.822684331454E-04,1.081108956636E-03,1.279949480127E-03,
    1.478790003617E-03,1.677630527108E-03),.UNSPECIFIED.);
#2848 = CARTESIAN_POINT('',(-6.347988108523E-12,0.224744871423));
#2849 = CARTESIAN_POINT('',(6.627445998284E-02,0.224744871394));
#2850 = CARTESIAN_POINT('',(0.132378840939,0.196280159117));
#2851 = CARTESIAN_POINT('',(0.224660083134,9.9946269202E-02));
#2852 = CARTESIAN_POINT('',(0.250379753079,3.3339806355E-02));
#2853 = CARTESIAN_POINT('',(0.249611380148,-9.9923641055E-02));
#2854 = CARTESIAN_POINT('',(0.223291011797,-0.166206726089));
#2855 = CARTESIAN_POINT('',(0.132570018396,-0.262666109066));
#2856 = CARTESIAN_POINT('',(6.693166328976E-02,-0.292893218813));
#2857 = CARTESIAN_POINT('',(2.623722290197E-17,-0.292893218813));
#2858 = ( GEOMETRIC_REPRESENTATION_CONTEXT(2) 
PARAMETRIC_REPRESENTATION_CONTEXT() REPRESENTATION_CONTEXT('2D SPACE',''
  ) );
#2859 = PCURVE('',#2860,#2865);
#2860 = TOROIDAL_SURFACE('',#2861,1.,0.25);
#2861 = AXIS2_PLACEMENT_3D('',#2862,#2863,#2864);
#2862 = CARTESIAN_POINT('',(-3.,-1.625,0.));
#2863 = DIRECTION('',(0.,0.,1.));
#2864 = DIRECTION('',(1.,0.,-0.));
#2865 = DEFINITIONAL_REPRESENTATION('',(#2866),#2892);
#2866 = B_SPLINE_CURVE_WITH_KNOTS('',3,(#2867,#2868,#2869,#2870,#2871,
    #2872,#2873,#2874,#2875,#2876,#2877,#2878,#2879,#2880,#2881,#2882,
    #2883,#2884,#2885,#2886,#2887,#2888,#2889,#2890,#2891),
  .UNSPECIFIED.,.F.,.F.,(4,1,1,1,1,1,1,1,1,1,1,1,1,1,1,1,1,1,1,1,1,1,4),
  (8.822684331454E-04,9.184212555982E-04,9.545740780511E-04,
    9.907269005039E-04,1.026879722957E-03,1.06303254541E-03,
    1.099185367862E-03,1.135338190315E-03,1.171491012768E-03,
    1.207643835221E-03,1.243796657674E-03,1.279949480127E-03,
    1.31610230258E-03,1.352255125032E-03,1.388407947485E-03,
    1.424560769938E-03,1.460713592391E-03,1.496866414844E-03,
    1.533019237297E-03,1.569172059749E-03,1.605324882202E-03,
    1.641477704655E-03,1.677630527108E-03),.QUASI_UNIFORM_KNOTS.);
#2867 = CARTESIAN_POINT('',(1.77215424758,6.28318530718));
#2868 = CARTESIAN_POINT('',(1.772155906983,6.235022384737));
#2869 = CARTESIAN_POINT('',(1.772453946492,6.138596169915));
#2870 = CARTESIAN_POINT('',(1.773768068028,5.993772472003));
#2871 = CARTESIAN_POINT('',(1.775924571029,5.848769587832));
#2872 = CARTESIAN_POINT('',(1.778925308071,5.703983113338));
#2873 = CARTESIAN_POINT('',(1.782782690083,5.559748719044));
#2874 = CARTESIAN_POINT('',(1.787541532649,5.415959030176));
#2875 = CARTESIAN_POINT('',(1.793161909469,5.273096050855));
#2876 = CARTESIAN_POINT('',(1.799623289108,5.130661194386));
#2877 = CARTESIAN_POINT('',(1.806902475875,4.988681817885));
#2878 = CARTESIAN_POINT('',(1.814963425448,4.847264740764));
#2879 = CARTESIAN_POINT('',(1.82375536492,4.706377871948));
#2880 = CARTESIAN_POINT('',(1.833184676752,4.565825047178));
#2881 = CARTESIAN_POINT('',(1.843122784155,4.425361057591));
#2882 = CARTESIAN_POINT('',(1.853408943794,4.284880016379));
#2883 = CARTESIAN_POINT('',(1.863820091086,4.144433727583));
#2884 = CARTESIAN_POINT('',(1.87407108675,4.003964300866));
#2885 = CARTESIAN_POINT('',(1.88379636246,3.863185267768));
#2886 = CARTESIAN_POINT('',(1.892614366848,3.720788425376));
#2887 = CARTESIAN_POINT('',(1.900144619758,3.577071090785));
#2888 = CARTESIAN_POINT('',(1.905984416632,3.43243094696));
#2889 = CARTESIAN_POINT('',(1.909738809007,3.287326990497));
#2890 = CARTESIAN_POINT('',(1.910639815514,3.190224191929));
#2891 = CARTESIAN_POINT('',(1.910633236249,3.14159265359));
#2892 = ( GEOMETRIC_REPRESENTATION_CONTEXT(2) 
PARAMETRIC_REPRESENTATION_CONTEXT() REPRESENTATION_CONTEXT('2D SPACE',''
  ) );
#2893 = ADVANCED_FACE('',(#2894),#2798,.T.);
#2894 = FACE_BOUND('',#2895,.T.);
#2895 = EDGE_LOOP('',(#2896,#2897,#2921,#2950,#2979));
#2896 = ORIENTED_EDGE('',*,*,#2766,.T.);
#2897 = ORIENTED_EDGE('',*,*,#2898,.T.);
#2898 = EDGE_CURVE('',#2769,#2899,#2901,.T.);
#2899 = VERTEX_POINT('',#2900);
#2900 = CARTESIAN_POINT('',(-4.25,-1.625,0.));
#2901 = SURFACE_CURVE('',#2902,(#2907,#2914),.PCURVE_S1.);
#2902 = CIRCLE('',#2903,1.25);
#2903 = AXIS2_PLACEMENT_3D('',#2904,#2905,#2906);
#2904 = CARTESIAN_POINT('',(-3.,-1.625,0.));
#2905 = DIRECTION('',(0.,0.,1.));
#2906 = DIRECTION('',(1.,0.,-0.));
#2907 = PCURVE('',#2798,#2908);
#2908 = DEFINITIONAL_REPRESENTATION('',(#2909),#2913);
#2909 = LINE('',#2910,#2911);
#2910 = CARTESIAN_POINT('',(0.,0.));
#2911 = VECTOR('',#2912,1.);
#2912 = DIRECTION('',(1.,0.));
#2913 = ( GEOMETRIC_REPRESENTATION_CONTEXT(2) 
PARAMETRIC_REPRESENTATION_CONTEXT() REPRESENTATION_CONTEXT('2D SPACE',''
  ) );
#2914 = PCURVE('',#2860,#2915);
#2915 = DEFINITIONAL_REPRESENTATION('',(#2916),#2920);
#2916 = LINE('',#2917,#2918);
#2917 = CARTESIAN_POINT('',(0.,6.28318530718));
#2918 = VECTOR('',#2919,1.);
#2919 = DIRECTION('',(1.,0.));
#2920 = ( GEOMETRIC_REPRESENTATION_CONTEXT(2) 
PARAMETRIC_REPRESENTATION_CONTEXT() REPRESENTATION_CONTEXT('2D SPACE',''
  ) );
#2921 = ORIENTED_EDGE('',*,*,#2922,.T.);
#2922 = EDGE_CURVE('',#2899,#2923,#2925,.T.);
#2923 = VERTEX_POINT('',#2924);
#2924 = CARTESIAN_POINT('',(-4.,-1.625,0.25));
#2925 = SURFACE_CURVE('',#2926,(#2931,#2938),.PCURVE_S1.);
#2926 = CIRCLE('',#2927,0.25);
#2927 = AXIS2_PLACEMENT_3D('',#2928,#2929,#2930);
#2928 = CARTESIAN_POINT('',(-4.,-1.625,0.));
#2929 = DIRECTION('',(0.,1.,0.));
#2930 = DIRECTION('',(0.,-0.,1.));
#2931 = PCURVE('',#2798,#2932);
#2932 = DEFINITIONAL_REPRESENTATION('',(#2933),#2937);
#2933 = LINE('',#2934,#2935);
#2934 = CARTESIAN_POINT('',(3.14159265359,-4.712388980385));
#2935 = VECTOR('',#2936,1.);
#2936 = DIRECTION('',(0.,1.));
#2937 = ( GEOMETRIC_REPRESENTATION_CONTEXT(2) 
PARAMETRIC_REPRESENTATION_CONTEXT() REPRESENTATION_CONTEXT('2D SPACE',''
  ) );
#2938 = PCURVE('',#2939,#2944);
#2939 = CYLINDRICAL_SURFACE('',#2940,0.25);
#2940 = AXIS2_PLACEMENT_3D('',#2941,#2942,#2943);
#2941 = CARTESIAN_POINT('',(-4.,-1.625,0.));
#2942 = DIRECTION('',(0.,-1.,0.));
#2943 = DIRECTION('',(0.,0.,-1.));
#2944 = DEFINITIONAL_REPRESENTATION('',(#2945),#2949);
#2945 = LINE('',#2946,#2947);
#2946 = CARTESIAN_POINT('',(9.424777960769,6.661338147751E-16));
#2947 = VECTOR('',#2948,1.);
#2948 = DIRECTION('',(-1.,0.));
#2949 = ( GEOMETRIC_REPRESENTATION_CONTEXT(2) 
PARAMETRIC_REPRESENTATION_CONTEXT() REPRESENTATION_CONTEXT('2D SPACE',''
  ) );
#2950 = ORIENTED_EDGE('',*,*,#2951,.T.);
#2951 = EDGE_CURVE('',#2923,#2952,#2954,.T.);
#2952 = VERTEX_POINT('',#2953);
#2953 = CARTESIAN_POINT('',(-3.75,-1.625,-3.061616997868E-17));
#2954 = SURFACE_CURVE('',#2955,(#2960,#2967),.PCURVE_S1.);
#2955 = CIRCLE('',#2956,0.25);
#2956 = AXIS2_PLACEMENT_3D('',#2957,#2958,#2959);
#2957 = CARTESIAN_POINT('',(-4.,-1.625,0.));
#2958 = DIRECTION('',(0.,1.,0.));
#2959 = DIRECTION('',(0.,-0.,1.));
#2960 = PCURVE('',#2798,#2961);
#2961 = DEFINITIONAL_REPRESENTATION('',(#2962),#2966);
#2962 = LINE('',#2963,#2964);
#2963 = CARTESIAN_POINT('',(3.14159265359,1.570796326795));
#2964 = VECTOR('',#2965,1.);
#2965 = DIRECTION('',(2.827159716856E-16,1.));
#2966 = ( GEOMETRIC_REPRESENTATION_CONTEXT(2) 
PARAMETRIC_REPRESENTATION_CONTEXT() REPRESENTATION_CONTEXT('2D SPACE',''
  ) );
#2967 = PCURVE('',#2968,#2973);
#2968 = CYLINDRICAL_SURFACE('',#2969,0.25);
#2969 = AXIS2_PLACEMENT_3D('',#2970,#2971,#2972);
#2970 = CARTESIAN_POINT('',(-4.,-1.625,0.));
#2971 = DIRECTION('',(0.,-1.,0.));
#2972 = DIRECTION('',(0.,0.,-1.));
#2973 = DEFINITIONAL_REPRESENTATION('',(#2974),#2978);
#2974 = LINE('',#2975,#2976);
#2975 = CARTESIAN_POINT('',(3.14159265359,6.661338147751E-16));
#2976 = VECTOR('',#2977,1.);
#2977 = DIRECTION('',(-1.,0.));
#2978 = ( GEOMETRIC_REPRESENTATION_CONTEXT(2) 
PARAMETRIC_REPRESENTATION_CONTEXT() REPRESENTATION_CONTEXT('2D SPACE',''
  ) );
#2979 = ORIENTED_EDGE('',*,*,#2980,.F.);
#2980 = EDGE_CURVE('',#2767,#2952,#2981,.T.);
#2981 = SURFACE_CURVE('',#2982,(#2987,#2994),.PCURVE_S1.);
#2982 = CIRCLE('',#2983,0.75);
#2983 = AXIS2_PLACEMENT_3D('',#2984,#2985,#2986);
#2984 = CARTESIAN_POINT('',(-3.,-1.625,-3.061616997868E-17));
#2985 = DIRECTION('',(0.,0.,1.));
#2986 = DIRECTION('',(1.,0.,-0.));
#2987 = PCURVE('',#2798,#2988);
#2988 = DEFINITIONAL_REPRESENTATION('',(#2989),#2993);
#2989 = LINE('',#2990,#2991);
#2990 = CARTESIAN_POINT('',(0.,3.14159265359));
#2991 = VECTOR('',#2992,1.);
#2992 = DIRECTION('',(1.,3.607667349501E-16));
#2993 = ( GEOMETRIC_REPRESENTATION_CONTEXT(2) 
PARAMETRIC_REPRESENTATION_CONTEXT() REPRESENTATION_CONTEXT('2D SPACE',''
  ) );
#2994 = PCURVE('',#2860,#2995);
#2995 = DEFINITIONAL_REPRESENTATION('',(#2996),#3000);
#2996 = LINE('',#2997,#2998);
#2997 = CARTESIAN_POINT('',(0.,3.14159265359));
#2998 = VECTOR('',#2999,1.);
#2999 = DIRECTION('',(1.,3.607667349501E-16));
#3000 = ( GEOMETRIC_REPRESENTATION_CONTEXT(2) 
PARAMETRIC_REPRESENTATION_CONTEXT() REPRESENTATION_CONTEXT('2D SPACE',''
  ) );
#3001 = ADVANCED_FACE('',(#3002),#2968,.T.);
#3002 = FACE_BOUND('',#3003,.T.);
#3003 = EDGE_LOOP('',(#3004,#3005,#3028,#3057,#3103,#3126));
#3004 = ORIENTED_EDGE('',*,*,#2951,.F.);
#3005 = ORIENTED_EDGE('',*,*,#3006,.T.);
#3006 = EDGE_CURVE('',#2923,#3007,#3009,.T.);
#3007 = VERTEX_POINT('',#3008);
#3008 = CARTESIAN_POINT('',(-4.,-4.375,0.25));
#3009 = SURFACE_CURVE('',#3010,(#3014,#3021),.PCURVE_S1.);
#3010 = LINE('',#3011,#3012);
#3011 = CARTESIAN_POINT('',(-4.,-1.625,0.25));
#3012 = VECTOR('',#3013,1.);
#3013 = DIRECTION('',(0.,-1.,0.));
#3014 = PCURVE('',#2968,#3015);
#3015 = DEFINITIONAL_REPRESENTATION('',(#3016),#3020);
#3016 = LINE('',#3017,#3018);
#3017 = CARTESIAN_POINT('',(3.14159265359,0.));
#3018 = VECTOR('',#3019,1.);
#3019 = DIRECTION('',(0.,1.));
#3020 = ( GEOMETRIC_REPRESENTATION_CONTEXT(2) 
PARAMETRIC_REPRESENTATION_CONTEXT() REPRESENTATION_CONTEXT('2D SPACE',''
  ) );
#3021 = PCURVE('',#2939,#3022);
#3022 = DEFINITIONAL_REPRESENTATION('',(#3023),#3027);
#3023 = LINE('',#3024,#3025);
#3024 = CARTESIAN_POINT('',(3.14159265359,0.));
#3025 = VECTOR('',#3026,1.);
#3026 = DIRECTION('',(0.,1.));
#3027 = ( GEOMETRIC_REPRESENTATION_CONTEXT(2) 
PARAMETRIC_REPRESENTATION_CONTEXT() REPRESENTATION_CONTEXT('2D SPACE',''
  ) );
#3028 = ORIENTED_EDGE('',*,*,#3029,.T.);
#3029 = EDGE_CURVE('',#3007,#3030,#3032,.T.);
#3030 = VERTEX_POINT('',#3031);
#3031 = CARTESIAN_POINT('',(-3.75,-4.375,4.592425496803E-17));
#3032 = SURFACE_CURVE('',#3033,(#3038,#3045),.PCURVE_S1.);
#3033 = CIRCLE('',#3034,0.25);
#3034 = AXIS2_PLACEMENT_3D('',#3035,#3036,#3037);
#3035 = CARTESIAN_POINT('',(-4.,-4.375,0.));
#3036 = DIRECTION('',(0.,1.,0.));
#3037 = DIRECTION('',(0.,0.,-1.));
#3038 = PCURVE('',#2968,#3039);
#3039 = DEFINITIONAL_REPRESENTATION('',(#3040),#3044);
#3040 = LINE('',#3041,#3042);
#3041 = CARTESIAN_POINT('',(6.28318530718,2.75));
#3042 = VECTOR('',#3043,1.);
#3043 = DIRECTION('',(-1.,0.));
#3044 = ( GEOMETRIC_REPRESENTATION_CONTEXT(2) 
PARAMETRIC_REPRESENTATION_CONTEXT() REPRESENTATION_CONTEXT('2D SPACE',''
  ) );
#3045 = PCURVE('',#3046,#3051);
#3046 = SPHERICAL_SURFACE('',#3047,0.25);
#3047 = AXIS2_PLACEMENT_3D('',#3048,#3049,#3050);
#3048 = CARTESIAN_POINT('',(-4.,-4.375,0.));
#3049 = DIRECTION('',(1.,0.,0.));
#3050 = DIRECTION('',(0.,0.,1.));
#3051 = DEFINITIONAL_REPRESENTATION('',(#3052),#3056);
#3052 = LINE('',#3053,#3054);
#3053 = CARTESIAN_POINT('',(0.,-3.14159265359));
#3054 = VECTOR('',#3055,1.);
#3055 = DIRECTION('',(0.,1.));
#3056 = ( GEOMETRIC_REPRESENTATION_CONTEXT(2) 
PARAMETRIC_REPRESENTATION_CONTEXT() REPRESENTATION_CONTEXT('2D SPACE',''
  ) );
#3057 = ORIENTED_EDGE('',*,*,#3058,.T.);
#3058 = EDGE_CURVE('',#3030,#3059,#3061,.T.);
#3059 = VERTEX_POINT('',#3060);
#3060 = CARTESIAN_POINT('',(-4.,-4.375,-0.25));
#3061 = SURFACE_CURVE('',#3062,(#3067,#3074),.PCURVE_S1.);
#3062 = CIRCLE('',#3063,0.25);
#3063 = AXIS2_PLACEMENT_3D('',#3064,#3065,#3066);
#3064 = CARTESIAN_POINT('',(-4.,-4.375,0.));
#3065 = DIRECTION('',(0.,1.,0.));
#3066 = DIRECTION('',(0.,0.,-1.));
#3067 = PCURVE('',#2968,#3068);
#3068 = DEFINITIONAL_REPRESENTATION('',(#3069),#3073);
#3069 = LINE('',#3070,#3071);
#3070 = CARTESIAN_POINT('',(6.28318530718,2.75));
#3071 = VECTOR('',#3072,1.);
#3072 = DIRECTION('',(-1.,0.));
#3073 = ( GEOMETRIC_REPRESENTATION_CONTEXT(2) 
PARAMETRIC_REPRESENTATION_CONTEXT() REPRESENTATION_CONTEXT('2D SPACE',''
  ) );
#3074 = PCURVE('',#3046,#3075);
#3075 = DEFINITIONAL_REPRESENTATION('',(#3076),#3102);
#3076 = B_SPLINE_CURVE_WITH_KNOTS('',3,(#3077,#3078,#3079,#3080,#3081,
    #3082,#3083,#3084,#3085,#3086,#3087,#3088,#3089,#3090,#3091,#3092,
    #3093,#3094,#3095,#3096,#3097,#3098,#3099,#3100,#3101),
  .UNSPECIFIED.,.F.,.F.,(4,1,1,1,1,1,1,1,1,1,1,1,1,1,1,1,1,1,1,1,1,1,4),
  (4.712388980385,4.783788813421,4.855188646457,4.926588479493,
    4.997988312529,5.069388145565,5.140787978601,5.212187811638,
    5.283587644674,5.35498747771,5.426387310746,5.497787143782,
    5.569186976818,5.640586809854,5.711986642891,5.783386475927,
    5.854786308963,5.926186141999,5.997585975035,6.068985808071,
    6.140385641107,6.211785474143,6.28318530718),.UNSPECIFIED.);
#3077 = CARTESIAN_POINT('',(3.14159265359,1.570796326795));
#3078 = CARTESIAN_POINT('',(3.14159265359,1.54699638245));
#3079 = CARTESIAN_POINT('',(3.14159265359,1.499396493759));
#3080 = CARTESIAN_POINT('',(3.14159265359,1.427996660723));
#3081 = CARTESIAN_POINT('',(3.14159265359,1.356596827687));
#3082 = CARTESIAN_POINT('',(3.14159265359,1.28519699465));
#3083 = CARTESIAN_POINT('',(3.14159265359,1.213797161614));
#3084 = CARTESIAN_POINT('',(3.14159265359,1.142397328578));
#3085 = CARTESIAN_POINT('',(3.14159265359,1.070997495542));
#3086 = CARTESIAN_POINT('',(3.14159265359,0.999597662506));
#3087 = CARTESIAN_POINT('',(3.14159265359,0.92819782947));
#3088 = CARTESIAN_POINT('',(3.14159265359,0.856797996434));
#3089 = CARTESIAN_POINT('',(3.14159265359,0.785398163397));
#3090 = CARTESIAN_POINT('',(3.14159265359,0.713998330361));
#3091 = CARTESIAN_POINT('',(3.14159265359,0.642598497325));
#3092 = CARTESIAN_POINT('',(3.14159265359,0.571198664289));
#3093 = CARTESIAN_POINT('',(3.14159265359,0.499798831253));
#3094 = CARTESIAN_POINT('',(3.14159265359,0.428398998217));
#3095 = CARTESIAN_POINT('',(3.14159265359,0.356999165181));
#3096 = CARTESIAN_POINT('',(3.14159265359,0.285599332145));
#3097 = CARTESIAN_POINT('',(3.14159265359,0.214199499108));
#3098 = CARTESIAN_POINT('',(3.14159265359,0.142799666072));
#3099 = CARTESIAN_POINT('',(3.14159265359,7.139983303613E-02));
#3100 = CARTESIAN_POINT('',(3.14159265359,2.379994434538E-02));
#3101 = CARTESIAN_POINT('',(3.14159265359,0.));
#3102 = ( GEOMETRIC_REPRESENTATION_CONTEXT(2) 
PARAMETRIC_REPRESENTATION_CONTEXT() REPRESENTATION_CONTEXT('2D SPACE',''
  ) );
#3103 = ORIENTED_EDGE('',*,*,#3104,.F.);
#3104 = EDGE_CURVE('',#3105,#3059,#3107,.T.);
#3105 = VERTEX_POINT('',#3106);
#3106 = CARTESIAN_POINT('',(-4.,-1.625,-0.25));
#3107 = SURFACE_CURVE('',#3108,(#3112,#3119),.PCURVE_S1.);
#3108 = LINE('',#3109,#3110);
#3109 = CARTESIAN_POINT('',(-4.,-1.625,-0.25));
#3110 = VECTOR('',#3111,1.);
#3111 = DIRECTION('',(0.,-1.,0.));
#3112 = PCURVE('',#2968,#3113);
#3113 = DEFINITIONAL_REPRESENTATION('',(#3114),#3118);
#3114 = LINE('',#3115,#3116);
#3115 = CARTESIAN_POINT('',(0.,0.));
#3116 = VECTOR('',#3117,1.);
#3117 = DIRECTION('',(0.,1.));
#3118 = ( GEOMETRIC_REPRESENTATION_CONTEXT(2) 
PARAMETRIC_REPRESENTATION_CONTEXT() REPRESENTATION_CONTEXT('2D SPACE',''
  ) );
#3119 = PCURVE('',#2939,#3120);
#3120 = DEFINITIONAL_REPRESENTATION('',(#3121),#3125);
#3121 = LINE('',#3122,#3123);
#3122 = CARTESIAN_POINT('',(6.28318530718,0.));
#3123 = VECTOR('',#3124,1.);
#3124 = DIRECTION('',(0.,1.));
#3125 = ( GEOMETRIC_REPRESENTATION_CONTEXT(2) 
PARAMETRIC_REPRESENTATION_CONTEXT() REPRESENTATION_CONTEXT('2D SPACE',''
  ) );
#3126 = ORIENTED_EDGE('',*,*,#3127,.F.);
#3127 = EDGE_CURVE('',#2952,#3105,#3128,.T.);
#3128 = SURFACE_CURVE('',#3129,(#3134,#3141),.PCURVE_S1.);
#3129 = CIRCLE('',#3130,0.25);
#3130 = AXIS2_PLACEMENT_3D('',#3131,#3132,#3133);
#3131 = CARTESIAN_POINT('',(-4.,-1.625,0.));
#3132 = DIRECTION('',(0.,1.,0.));
#3133 = DIRECTION('',(0.,-0.,1.));
#3134 = PCURVE('',#2968,#3135);
#3135 = DEFINITIONAL_REPRESENTATION('',(#3136),#3140);
#3136 = LINE('',#3137,#3138);
#3137 = CARTESIAN_POINT('',(3.14159265359,6.661338147751E-16));
#3138 = VECTOR('',#3139,1.);
#3139 = DIRECTION('',(-1.,0.));
#3140 = ( GEOMETRIC_REPRESENTATION_CONTEXT(2) 
PARAMETRIC_REPRESENTATION_CONTEXT() REPRESENTATION_CONTEXT('2D SPACE',''
  ) );
#3141 = PCURVE('',#2860,#3142);
#3142 = DEFINITIONAL_REPRESENTATION('',(#3143),#3147);
#3143 = LINE('',#3144,#3145);
#3144 = CARTESIAN_POINT('',(3.14159265359,1.570796326795));
#3145 = VECTOR('',#3146,1.);
#3146 = DIRECTION('',(-2.827159716856E-16,1.));
#3147 = ( GEOMETRIC_REPRESENTATION_CONTEXT(2) 
PARAMETRIC_REPRESENTATION_CONTEXT() REPRESENTATION_CONTEXT('2D SPACE',''
  ) );
#3148 = ADVANCED_FACE('',(#3149),#3046,.T.);
#3149 = FACE_BOUND('',#3150,.T.);
#3150 = EDGE_LOOP('',(#3151,#3180,#3202,#3203));
#3151 = ORIENTED_EDGE('',*,*,#3152,.F.);
#3152 = EDGE_CURVE('',#3153,#3007,#3155,.T.);
#3153 = VERTEX_POINT('',#3154);
#3154 = CARTESIAN_POINT('',(-4.,-4.625,1.530808498934E-17));
#3155 = SURFACE_CURVE('',#3156,(#3161,#3168),.PCURVE_S1.);
#3156 = CIRCLE('',#3157,0.25);
#3157 = AXIS2_PLACEMENT_3D('',#3158,#3159,#3160);
#3158 = CARTESIAN_POINT('',(-4.,-4.375,0.));
#3159 = DIRECTION('',(-1.,0.,0.));
#3160 = DIRECTION('',(0.,0.,1.));
#3161 = PCURVE('',#3046,#3162);
#3162 = DEFINITIONAL_REPRESENTATION('',(#3163),#3167);
#3163 = LINE('',#3164,#3165);
#3164 = CARTESIAN_POINT('',(6.28318530718,0.));
#3165 = VECTOR('',#3166,1.);
#3166 = DIRECTION('',(-1.,0.));
#3167 = ( GEOMETRIC_REPRESENTATION_CONTEXT(2) 
PARAMETRIC_REPRESENTATION_CONTEXT() REPRESENTATION_CONTEXT('2D SPACE',''
  ) );
#3168 = PCURVE('',#3169,#3174);
#3169 = SPHERICAL_SURFACE('',#3170,0.25);
#3170 = AXIS2_PLACEMENT_3D('',#3171,#3172,#3173);
#3171 = CARTESIAN_POINT('',(-4.,-4.375,0.));
#3172 = DIRECTION('',(1.,0.,0.));
#3173 = DIRECTION('',(0.,0.,1.));
#3174 = DEFINITIONAL_REPRESENTATION('',(#3175),#3179);
#3175 = LINE('',#3176,#3177);
#3176 = CARTESIAN_POINT('',(6.28318530718,0.));
#3177 = VECTOR('',#3178,1.);
#3178 = DIRECTION('',(-1.,0.));
#3179 = ( GEOMETRIC_REPRESENTATION_CONTEXT(2) 
PARAMETRIC_REPRESENTATION_CONTEXT() REPRESENTATION_CONTEXT('2D SPACE',''
  ) );
#3180 = ORIENTED_EDGE('',*,*,#3181,.T.);
#3181 = EDGE_CURVE('',#3153,#3059,#3182,.T.);
#3182 = SURFACE_CURVE('',#3183,(#3188,#3195),.PCURVE_S1.);
#3183 = CIRCLE('',#3184,0.25);
#3184 = AXIS2_PLACEMENT_3D('',#3185,#3186,#3187);
#3185 = CARTESIAN_POINT('',(-4.,-4.375,0.));
#3186 = DIRECTION('',(1.,-0.,1.224646799147E-16));
#3187 = DIRECTION('',(1.224646799147E-16,0.,-1.));
#3188 = PCURVE('',#3046,#3189);
#3189 = DEFINITIONAL_REPRESENTATION('',(#3190),#3194);
#3190 = LINE('',#3191,#3192);
#3191 = CARTESIAN_POINT('',(-3.14159265359,0.));
#3192 = VECTOR('',#3193,1.);
#3193 = DIRECTION('',(1.,0.));
#3194 = ( GEOMETRIC_REPRESENTATION_CONTEXT(2) 
PARAMETRIC_REPRESENTATION_CONTEXT() REPRESENTATION_CONTEXT('2D SPACE',''
  ) );
#3195 = PCURVE('',#3169,#3196);
#3196 = DEFINITIONAL_REPRESENTATION('',(#3197),#3201);
#3197 = LINE('',#3198,#3199);
#3198 = CARTESIAN_POINT('',(-3.14159265359,0.));
#3199 = VECTOR('',#3200,1.);
#3200 = DIRECTION('',(1.,0.));
#3201 = ( GEOMETRIC_REPRESENTATION_CONTEXT(2) 
PARAMETRIC_REPRESENTATION_CONTEXT() REPRESENTATION_CONTEXT('2D SPACE',''
  ) );
#3202 = ORIENTED_EDGE('',*,*,#3058,.F.);
#3203 = ORIENTED_EDGE('',*,*,#3029,.F.);
#3204 = ADVANCED_FACE('',(#3205),#3169,.T.);
#3205 = FACE_BOUND('',#3206,.T.);
#3206 = EDGE_LOOP('',(#3207,#3208,#3209,#3233));
#3207 = ORIENTED_EDGE('',*,*,#3181,.F.);
#3208 = ORIENTED_EDGE('',*,*,#3152,.T.);
#3209 = ORIENTED_EDGE('',*,*,#3210,.F.);
#3210 = EDGE_CURVE('',#3211,#3007,#3213,.T.);
#3211 = VERTEX_POINT('',#3212);
#3212 = CARTESIAN_POINT('',(-4.25,-4.375,4.020306624192E-17));
#3213 = SURFACE_CURVE('',#3214,(#3219,#3226),.PCURVE_S1.);
#3214 = CIRCLE('',#3215,0.25);
#3215 = AXIS2_PLACEMENT_3D('',#3216,#3217,#3218);
#3216 = CARTESIAN_POINT('',(-4.,-4.375,0.));
#3217 = DIRECTION('',(0.,1.,0.));
#3218 = DIRECTION('',(0.,0.,-1.));
#3219 = PCURVE('',#3169,#3220);
#3220 = DEFINITIONAL_REPRESENTATION('',(#3221),#3225);
#3221 = LINE('',#3222,#3223);
#3222 = CARTESIAN_POINT('',(0.,-3.14159265359));
#3223 = VECTOR('',#3224,1.);
#3224 = DIRECTION('',(0.,1.));
#3225 = ( GEOMETRIC_REPRESENTATION_CONTEXT(2) 
PARAMETRIC_REPRESENTATION_CONTEXT() REPRESENTATION_CONTEXT('2D SPACE',''
  ) );
#3226 = PCURVE('',#2939,#3227);
#3227 = DEFINITIONAL_REPRESENTATION('',(#3228),#3232);
#3228 = LINE('',#3229,#3230);
#3229 = CARTESIAN_POINT('',(6.28318530718,2.75));
#3230 = VECTOR('',#3231,1.);
#3231 = DIRECTION('',(-1.,0.));
#3232 = ( GEOMETRIC_REPRESENTATION_CONTEXT(2) 
PARAMETRIC_REPRESENTATION_CONTEXT() REPRESENTATION_CONTEXT('2D SPACE',''
  ) );
#3233 = ORIENTED_EDGE('',*,*,#3234,.F.);
#3234 = EDGE_CURVE('',#3059,#3211,#3235,.T.);
#3235 = SURFACE_CURVE('',#3236,(#3241,#3270),.PCURVE_S1.);
#3236 = CIRCLE('',#3237,0.25);
#3237 = AXIS2_PLACEMENT_3D('',#3238,#3239,#3240);
#3238 = CARTESIAN_POINT('',(-4.,-4.375,0.));
#3239 = DIRECTION('',(0.,1.,0.));
#3240 = DIRECTION('',(0.,0.,-1.));
#3241 = PCURVE('',#3169,#3242);
#3242 = DEFINITIONAL_REPRESENTATION('',(#3243),#3269);
#3243 = B_SPLINE_CURVE_WITH_KNOTS('',3,(#3244,#3245,#3246,#3247,#3248,
    #3249,#3250,#3251,#3252,#3253,#3254,#3255,#3256,#3257,#3258,#3259,
    #3260,#3261,#3262,#3263,#3264,#3265,#3266,#3267,#3268),
  .UNSPECIFIED.,.F.,.F.,(4,1,1,1,1,1,1,1,1,1,1,1,1,1,1,1,1,1,1,1,1,1,4),
  (0.,7.139983303613E-02,0.142799666072,0.214199499108,0.285599332145,
    0.356999165181,0.428398998217,0.499798831253,0.571198664289,
    0.642598497325,0.713998330361,0.785398163397,0.856797996434,
    0.92819782947,0.999597662506,1.070997495542,1.142397328578,
    1.213797161614,1.28519699465,1.356596827687,1.427996660723,
    1.499396493759,1.570796326795),.UNSPECIFIED.);
#3244 = CARTESIAN_POINT('',(3.14159265359,0.));
#3245 = CARTESIAN_POINT('',(3.14159265359,-2.379994434538E-02));
#3246 = CARTESIAN_POINT('',(3.14159265359,-7.139983303613E-02));
#3247 = CARTESIAN_POINT('',(3.14159265359,-0.142799666072));
#3248 = CARTESIAN_POINT('',(3.14159265359,-0.214199499108));
#3249 = CARTESIAN_POINT('',(3.14159265359,-0.285599332145));
#3250 = CARTESIAN_POINT('',(3.14159265359,-0.356999165181));
#3251 = CARTESIAN_POINT('',(3.14159265359,-0.428398998217));
#3252 = CARTESIAN_POINT('',(3.14159265359,-0.499798831253));
#3253 = CARTESIAN_POINT('',(3.14159265359,-0.571198664289));
#3254 = CARTESIAN_POINT('',(3.14159265359,-0.642598497325));
#3255 = CARTESIAN_POINT('',(3.14159265359,-0.713998330361));
#3256 = CARTESIAN_POINT('',(3.14159265359,-0.785398163397));
#3257 = CARTESIAN_POINT('',(3.14159265359,-0.856797996434));
#3258 = CARTESIAN_POINT('',(3.14159265359,-0.92819782947));
#3259 = CARTESIAN_POINT('',(3.14159265359,-0.999597662506));
#3260 = CARTESIAN_POINT('',(3.14159265359,-1.070997495542));
#3261 = CARTESIAN_POINT('',(3.14159265359,-1.142397328578));
#3262 = CARTESIAN_POINT('',(3.14159265359,-1.213797161614));
#3263 = CARTESIAN_POINT('',(3.14159265359,-1.28519699465));
#3264 = CARTESIAN_POINT('',(3.14159265359,-1.356596827687));
#3265 = CARTESIAN_POINT('',(3.14159265359,-1.427996660723));
#3266 = CARTESIAN_POINT('',(3.14159265359,-1.499396493759));
#3267 = CARTESIAN_POINT('',(3.14159265359,-1.54699638245));
#3268 = CARTESIAN_POINT('',(3.14159265359,-1.570796326795));
#3269 = ( GEOMETRIC_REPRESENTATION_CONTEXT(2) 
PARAMETRIC_REPRESENTATION_CONTEXT() REPRESENTATION_CONTEXT('2D SPACE',''
  ) );
#3270 = PCURVE('',#2939,#3271);
#3271 = DEFINITIONAL_REPRESENTATION('',(#3272),#3276);
#3272 = LINE('',#3273,#3274);
#3273 = CARTESIAN_POINT('',(6.28318530718,2.75));
#3274 = VECTOR('',#3275,1.);
#3275 = DIRECTION('',(-1.,0.));
#3276 = ( GEOMETRIC_REPRESENTATION_CONTEXT(2) 
PARAMETRIC_REPRESENTATION_CONTEXT() REPRESENTATION_CONTEXT('2D SPACE',''
  ) );
#3277 = ADVANCED_FACE('',(#3278),#2939,.T.);
#3278 = FACE_BOUND('',#3279,.T.);
#3279 = EDGE_LOOP('',(#3280,#3281,#3282,#3304,#3305,#3306));
#3280 = ORIENTED_EDGE('',*,*,#3006,.F.);
#3281 = ORIENTED_EDGE('',*,*,#2922,.F.);
#3282 = ORIENTED_EDGE('',*,*,#3283,.F.);
#3283 = EDGE_CURVE('',#3105,#2899,#3284,.T.);
#3284 = SURFACE_CURVE('',#3285,(#3290,#3297),.PCURVE_S1.);
#3285 = CIRCLE('',#3286,0.25);
#3286 = AXIS2_PLACEMENT_3D('',#3287,#3288,#3289);
#3287 = CARTESIAN_POINT('',(-4.,-1.625,0.));
#3288 = DIRECTION('',(0.,1.,0.));
#3289 = DIRECTION('',(0.,-0.,1.));
#3290 = PCURVE('',#2939,#3291);
#3291 = DEFINITIONAL_REPRESENTATION('',(#3292),#3296);
#3292 = LINE('',#3293,#3294);
#3293 = CARTESIAN_POINT('',(9.424777960769,6.661338147751E-16));
#3294 = VECTOR('',#3295,1.);
#3295 = DIRECTION('',(-1.,0.));
#3296 = ( GEOMETRIC_REPRESENTATION_CONTEXT(2) 
PARAMETRIC_REPRESENTATION_CONTEXT() REPRESENTATION_CONTEXT('2D SPACE',''
  ) );
#3297 = PCURVE('',#2860,#3298);
#3298 = DEFINITIONAL_REPRESENTATION('',(#3299),#3303);
#3299 = LINE('',#3300,#3301);
#3300 = CARTESIAN_POINT('',(3.14159265359,1.570796326795));
#3301 = VECTOR('',#3302,1.);
#3302 = DIRECTION('',(0.,1.));
#3303 = ( GEOMETRIC_REPRESENTATION_CONTEXT(2) 
PARAMETRIC_REPRESENTATION_CONTEXT() REPRESENTATION_CONTEXT('2D SPACE',''
  ) );
#3304 = ORIENTED_EDGE('',*,*,#3104,.T.);
#3305 = ORIENTED_EDGE('',*,*,#3234,.T.);
#3306 = ORIENTED_EDGE('',*,*,#3210,.T.);
#3307 = ADVANCED_FACE('',(#3308),#2860,.T.);
#3308 = FACE_BOUND('',#3309,.T.);
#3309 = EDGE_LOOP('',(#3310,#3311,#3312,#3313,#3314));
#3310 = ORIENTED_EDGE('',*,*,#2898,.F.);
#3311 = ORIENTED_EDGE('',*,*,#2832,.T.);
#3312 = ORIENTED_EDGE('',*,*,#2980,.T.);
#3313 = ORIENTED_EDGE('',*,*,#3127,.T.);
#3314 = ORIENTED_EDGE('',*,*,#3283,.T.);
#3315 = ADVANCED_FACE('',(#3316),#2692,.T.);
#3316 = FACE_BOUND('',#3317,.T.);
#3317 = EDGE_LOOP('',(#3318,#3319,#3320,#3321));
#3318 = ORIENTED_EDGE('',*,*,#2677,.F.);
#3319 = ORIENTED_EDGE('',*,*,#2737,.F.);
#3320 = ORIENTED_EDGE('',*,*,#2705,.T.);
#3321 = ORIENTED_EDGE('',*,*,#3322,.F.);
#3322 = EDGE_CURVE('',#2590,#2567,#3323,.T.);
#3323 = SURFACE_CURVE('',#3324,(#3329,#3336),.PCURVE_S1.);
#3324 = CIRCLE('',#3325,1.25);
#3325 = AXIS2_PLACEMENT_3D('',#3326,#3327,#3328);
#3326 = CARTESIAN_POINT('',(-2.75,-0.625,0.));
#3327 = DIRECTION('',(1.,0.,0.));
#3328 = DIRECTION('',(0.,0.,-1.));
#3329 = PCURVE('',#2692,#3330);
#3330 = DEFINITIONAL_REPRESENTATION('',(#3331),#3335);
#3331 = LINE('',#3332,#3333);
#3332 = CARTESIAN_POINT('',(0.,6.28318530718));
#3333 = VECTOR('',#3334,1.);
#3334 = DIRECTION('',(1.,0.));
#3335 = ( GEOMETRIC_REPRESENTATION_CONTEXT(2) 
PARAMETRIC_REPRESENTATION_CONTEXT() REPRESENTATION_CONTEXT('2D SPACE',''
  ) );
#3336 = PCURVE('',#2521,#3337);
#3337 = DEFINITIONAL_REPRESENTATION('',(#3338),#3342);
#3338 = LINE('',#3339,#3340);
#3339 = CARTESIAN_POINT('',(9.424777960769,-0.5));
#3340 = VECTOR('',#3341,1.);
#3341 = DIRECTION('',(-1.,0.));
#3342 = ( GEOMETRIC_REPRESENTATION_CONTEXT(2) 
PARAMETRIC_REPRESENTATION_CONTEXT() REPRESENTATION_CONTEXT('2D SPACE',''
  ) );
#3343 = ADVANCED_FACE('',(#3344),#2521,.T.);
#3344 = FACE_BOUND('',#3345,.T.);
#3345 = EDGE_LOOP('',(#3346,#3347,#3348,#3349));
#3346 = ORIENTED_EDGE('',*,*,#2566,.F.);
#3347 = ORIENTED_EDGE('',*,*,#2506,.T.);
#3348 = ORIENTED_EDGE('',*,*,#2618,.T.);
#3349 = ORIENTED_EDGE('',*,*,#3322,.T.);
#3350 = ADVANCED_FACE('',(#3351),#1796,.T.);
#3351 = FACE_BOUND('',#3352,.T.);
#3352 = EDGE_LOOP('',(#3353,#3354,#3355,#3356));
#3353 = ORIENTED_EDGE('',*,*,#1846,.F.);
#3354 = ORIENTED_EDGE('',*,*,#1953,.T.);
#3355 = ORIENTED_EDGE('',*,*,#1868,.T.);
#3356 = ORIENTED_EDGE('',*,*,#1781,.F.);
#3357 = ADVANCED_FACE('',(#3358),#1455,.T.);
#3358 = FACE_BOUND('',#3359,.T.);
#3359 = EDGE_LOOP('',(#3360,#3361,#3362,#3363));
#3360 = ORIENTED_EDGE('',*,*,#1505,.F.);
#3361 = ORIENTED_EDGE('',*,*,#1612,.T.);
#3362 = ORIENTED_EDGE('',*,*,#1527,.T.);
#3363 = ORIENTED_EDGE('',*,*,#1440,.F.);
#3364 = ADVANCED_FACE('',(#3365),#1236,.T.);
#3365 = FACE_BOUND('',#3366,.T.);
#3366 = EDGE_LOOP('',(#3367,#3368,#3369,#3370));
#3367 = ORIENTED_EDGE('',*,*,#1338,.F.);
#3368 = ORIENTED_EDGE('',*,*,#1385,.T.);
#3369 = ORIENTED_EDGE('',*,*,#1360,.T.);
#3370 = ORIENTED_EDGE('',*,*,#1219,.T.);
#3371 = ADVANCED_FACE('',(#3372),#879,.T.);
#3372 = FACE_BOUND('',#3373,.T.);
#3373 = EDGE_LOOP('',(#3374,#3375,#3376,#3377));
#3374 = ORIENTED_EDGE('',*,*,#929,.F.);
#3375 = ORIENTED_EDGE('',*,*,#1054,.T.);
#3376 = ORIENTED_EDGE('',*,*,#951,.T.);
#3377 = ORIENTED_EDGE('',*,*,#864,.F.);
#3378 = ADVANCED_FACE('',(#3379),#597,.T.);
#3379 = FACE_BOUND('',#3380,.T.);
#3380 = EDGE_LOOP('',(#3381,#3382,#3383,#3384));
#3381 = ORIENTED_EDGE('',*,*,#648,.F.);
#3382 = ORIENTED_EDGE('',*,*,#574,.F.);
#3383 = ORIENTED_EDGE('',*,*,#701,.T.);
#3384 = ORIENTED_EDGE('',*,*,#3385,.F.);
#3385 = EDGE_CURVE('',#649,#673,#3386,.T.);
#3386 = SURFACE_CURVE('',#3387,(#3392,#3399),.PCURVE_S1.);
#3387 = CIRCLE('',#3388,1.25);
#3388 = AXIS2_PLACEMENT_3D('',#3389,#3390,#3391);
#3389 = CARTESIAN_POINT('',(2.75,-0.625,0.));
#3390 = DIRECTION('',(-1.,0.,0.));
#3391 = DIRECTION('',(0.,0.,1.));
#3392 = PCURVE('',#597,#3393);
#3393 = DEFINITIONAL_REPRESENTATION('',(#3394),#3398);
#3394 = LINE('',#3395,#3396);
#3395 = CARTESIAN_POINT('',(0.,6.28318530718));
#3396 = VECTOR('',#3397,1.);
#3397 = DIRECTION('',(1.,0.));
#3398 = ( GEOMETRIC_REPRESENTATION_CONTEXT(2) 
PARAMETRIC_REPRESENTATION_CONTEXT() REPRESENTATION_CONTEXT('2D SPACE',''
  ) );
#3399 = PCURVE('',#743,#3400);
#3400 = DEFINITIONAL_REPRESENTATION('',(#3401),#3405);
#3401 = LINE('',#3402,#3403);
#3402 = CARTESIAN_POINT('',(0.,-6.));
#3403 = VECTOR('',#3404,1.);
#3404 = DIRECTION('',(1.,0.));
#3405 = ( GEOMETRIC_REPRESENTATION_CONTEXT(2) 
PARAMETRIC_REPRESENTATION_CONTEXT() REPRESENTATION_CONTEXT('2D SPACE',''
  ) );
#3406 = ADVANCED_FACE('',(#3407),#743,.T.);
#3407 = FACE_BOUND('',#3408,.T.);
#3408 = EDGE_LOOP('',(#3409,#3410,#3411,#3412));
#3409 = ORIENTED_EDGE('',*,*,#727,.F.);
#3410 = ORIENTED_EDGE('',*,*,#3385,.T.);
#3411 = ORIENTED_EDGE('',*,*,#784,.T.);
#3412 = ORIENTED_EDGE('',*,*,#808,.T.);
#3413 = ( GEOMETRIC_REPRESENTATION_CONTEXT(3) 
GLOBAL_UNCERTAINTY_ASSIGNED_CONTEXT((#3417)) 
GLOBAL_UNIT_ASSIGNED_CONTEXT((#3414,#3415,#3416)) REPRESENTATION_CONTEXT
('Context #1','3D Context with UNIT and UNCERTAINTY') );
#3414 = ( LENGTH_UNIT() NAMED_UNIT(*) SI_UNIT(.MILLI.,.METRE.) );
#3415 = ( NAMED_UNIT(*) PLANE_ANGLE_UNIT() SI_UNIT($,.RADIAN.) );
#3416 = ( NAMED_UNIT(*) SI_UNIT($,.STERADIAN.) SOLID_ANGLE_UNIT() );
#3417 = UNCERTAINTY_MEASURE_WITH_UNIT(LENGTH_MEASURE(2.E-05),#3414,
  'distance_accuracy_value','confusion accuracy');
#3418 = PRODUCT_RELATED_PRODUCT_CATEGORY('part',$,(#7));
#3419 = MECHANICAL_DESIGN_GEOMETRIC_PRESENTATION_REPRESENTATION('',(
    #3420,#3431,#3439,#3446,#3453,#3460,#3468,#3475,#3482,#3490,#3497,
    #3504,#3511,#3518,#3526,#3534,#3541,#3548,#3556,#3563,#3570,#3577,
    #3584,#3591,#3598,#3606,#3613,#3620,#3627,#3634,#3641,#3648,#3655,
    #3662,#3669,#3676,#3683,#3690,#3697,#3704,#3711),#3413);
#3420 = STYLED_ITEM('color',(#3421),#15);
#3421 = PRESENTATION_STYLE_ASSIGNMENT((#3422,#3428));
#3422 = SURFACE_STYLE_USAGE(.BOTH.,#3423);
#3423 = SURFACE_SIDE_STYLE('',(#3424));
#3424 = SURFACE_STYLE_FILL_AREA(#3425);
#3425 = FILL_AREA_STYLE('',(#3426));
#3426 = FILL_AREA_STYLE_COLOUR('',#3427);
#3427 = COLOUR_RGB('',0.792156867455,0.819607860991,0.933333342953);
#3428 = CURVE_STYLE('',#3429,POSITIVE_LENGTH_MEASURE(0.1),#3430);
#3429 = DRAUGHTING_PRE_DEFINED_CURVE_FONT('continuous');
#3430 = COLOUR_RGB('',9.803921802644E-02,9.803921802644E-02,
  9.803921802644E-02);
#3431 = OVER_RIDING_STYLED_ITEM('overriding color',(#3432),#17,#3420);
#3432 = PRESENTATION_STYLE_ASSIGNMENT((#3433));
#3433 = SURFACE_STYLE_USAGE(.BOTH.,#3434);
#3434 = SURFACE_SIDE_STYLE('',(#3435));
#3435 = SURFACE_STYLE_FILL_AREA(#3436);
#3436 = FILL_AREA_STYLE('',(#3437));
#3437 = FILL_AREA_STYLE_COLOUR('',#3438);
#3438 = DRAUGHTING_PRE_DEFINED_COLOUR('white');
#3439 = OVER_RIDING_STYLED_ITEM('overriding color',(#3440),#200,#3420);
#3440 = PRESENTATION_STYLE_ASSIGNMENT((#3441));
#3441 = SURFACE_STYLE_USAGE(.BOTH.,#3442);
#3442 = SURFACE_SIDE_STYLE('',(#3443));
#3443 = SURFACE_STYLE_FILL_AREA(#3444);
#3444 = FILL_AREA_STYLE('',(#3445));
#3445 = FILL_AREA_STYLE_COLOUR('',#3438);
#3446 = OVER_RIDING_STYLED_ITEM('overriding color',(#3447),#476,#3420);
#3447 = PRESENTATION_STYLE_ASSIGNMENT((#3448));
#3448 = SURFACE_STYLE_USAGE(.BOTH.,#3449);
#3449 = SURFACE_SIDE_STYLE('',(#3450));
#3450 = SURFACE_STYLE_FILL_AREA(#3451);
#3451 = FILL_AREA_STYLE('',(#3452));
#3452 = FILL_AREA_STYLE_COLOUR('',#3438);
#3453 = OVER_RIDING_STYLED_ITEM('overriding color',(#3454),#506,#3420);
#3454 = PRESENTATION_STYLE_ASSIGNMENT((#3455));
#3455 = SURFACE_STYLE_USAGE(.BOTH.,#3456);
#3456 = SURFACE_SIDE_STYLE('',(#3457));
#3457 = SURFACE_STYLE_FILL_AREA(#3458);
#3458 = FILL_AREA_STYLE('',(#3459));
#3459 = FILL_AREA_STYLE_COLOUR('',#3438);
#3460 = OVER_RIDING_STYLED_ITEM('overriding color',(#3461),#570,#3420);
#3461 = PRESENTATION_STYLE_ASSIGNMENT((#3462));
#3462 = SURFACE_STYLE_USAGE(.BOTH.,#3463);
#3463 = SURFACE_SIDE_STYLE('',(#3464));
#3464 = SURFACE_STYLE_FILL_AREA(#3465);
#3465 = FILL_AREA_STYLE('',(#3466));
#3466 = FILL_AREA_STYLE_COLOUR('',#3467);
#3467 = COLOUR_RGB('',1.,0.949019609525,0.83529413669);
#3468 = OVER_RIDING_STYLED_ITEM('overriding color',(#3469),#643,#3420);
#3469 = PRESENTATION_STYLE_ASSIGNMENT((#3470));
#3470 = SURFACE_STYLE_USAGE(.BOTH.,#3471);
#3471 = SURFACE_SIDE_STYLE('',(#3472));
#3472 = SURFACE_STYLE_FILL_AREA(#3473);
#3473 = FILL_AREA_STYLE('',(#3474));
#3474 = FILL_AREA_STYLE_COLOUR('',#3467);
#3475 = OVER_RIDING_STYLED_ITEM('overriding color',(#3476),#722,#3420);
#3476 = PRESENTATION_STYLE_ASSIGNMENT((#3477));
#3477 = SURFACE_STYLE_USAGE(.BOTH.,#3478);
#3478 = SURFACE_SIDE_STYLE('',(#3479));
#3479 = SURFACE_STYLE_FILL_AREA(#3480);
#3480 = FILL_AREA_STYLE('',(#3481));
#3481 = FILL_AREA_STYLE_COLOUR('',#3467);
#3482 = OVER_RIDING_STYLED_ITEM('overriding color',(#3483),#890,#3420);
#3483 = PRESENTATION_STYLE_ASSIGNMENT((#3484));
#3484 = SURFACE_STYLE_USAGE(.BOTH.,#3485);
#3485 = SURFACE_SIDE_STYLE('',(#3486));
#3486 = SURFACE_STYLE_FILL_AREA(#3487);
#3487 = FILL_AREA_STYLE('',(#3488));
#3488 = FILL_AREA_STYLE_COLOUR('',#3489);
#3489 = COLOUR_RGB('',0.917647049334,0.745098043297,0.247058826301);
#3490 = OVER_RIDING_STYLED_ITEM('overriding color',(#3491),#1079,#3420);
#3491 = PRESENTATION_STYLE_ASSIGNMENT((#3492));
#3492 = SURFACE_STYLE_USAGE(.BOTH.,#3493);
#3493 = SURFACE_SIDE_STYLE('',(#3494));
#3494 = SURFACE_STYLE_FILL_AREA(#3495);
#3495 = FILL_AREA_STYLE('',(#3496));
#3496 = FILL_AREA_STYLE_COLOUR('',#3467);
#3497 = OVER_RIDING_STYLED_ITEM('overriding color',(#3498),#1158,#3420);
#3498 = PRESENTATION_STYLE_ASSIGNMENT((#3499));
#3499 = SURFACE_STYLE_USAGE(.BOTH.,#3500);
#3500 = SURFACE_SIDE_STYLE('',(#3501));
#3501 = SURFACE_STYLE_FILL_AREA(#3502);
#3502 = FILL_AREA_STYLE('',(#3503));
#3503 = FILL_AREA_STYLE_COLOUR('',#3467);
#3504 = OVER_RIDING_STYLED_ITEM('overriding color',(#3505),#1191,#3420);
#3505 = PRESENTATION_STYLE_ASSIGNMENT((#3506));
#3506 = SURFACE_STYLE_USAGE(.BOTH.,#3507);
#3507 = SURFACE_SIDE_STYLE('',(#3508));
#3508 = SURFACE_STYLE_FILL_AREA(#3509);
#3509 = FILL_AREA_STYLE('',(#3510));
#3510 = FILL_AREA_STYLE_COLOUR('',#3467);
#3511 = OVER_RIDING_STYLED_ITEM('overriding color',(#3512),#1270,#3420);
#3512 = PRESENTATION_STYLE_ASSIGNMENT((#3513));
#3513 = SURFACE_STYLE_USAGE(.BOTH.,#3514);
#3514 = SURFACE_SIDE_STYLE('',(#3515));
#3515 = SURFACE_STYLE_FILL_AREA(#3516);
#3516 = FILL_AREA_STYLE('',(#3517));
#3517 = FILL_AREA_STYLE_COLOUR('',#3467);
#3518 = OVER_RIDING_STYLED_ITEM('overriding color',(#3519),#1303,#3420);
#3519 = PRESENTATION_STYLE_ASSIGNMENT((#3520));
#3520 = SURFACE_STYLE_USAGE(.BOTH.,#3521);
#3521 = SURFACE_SIDE_STYLE('',(#3522));
#3522 = SURFACE_STYLE_FILL_AREA(#3523);
#3523 = FILL_AREA_STYLE('',(#3524));
#3524 = FILL_AREA_STYLE_COLOUR('',#3525);
#3525 = COLOUR_RGB('',0.941176459967,0.878431390252,0.666666687201);
#3526 = OVER_RIDING_STYLED_ITEM('overriding color',(#3527),#1466,#3420);
#3527 = PRESENTATION_STYLE_ASSIGNMENT((#3528));
#3528 = SURFACE_STYLE_USAGE(.BOTH.,#3529);
#3529 = SURFACE_SIDE_STYLE('',(#3530));
#3530 = SURFACE_STYLE_FILL_AREA(#3531);
#3531 = FILL_AREA_STYLE('',(#3532));
#3532 = FILL_AREA_STYLE_COLOUR('',#3533);
#3533 = DRAUGHTING_PRE_DEFINED_COLOUR('red');
#3534 = OVER_RIDING_STYLED_ITEM('overriding color',(#3535),#1637,#3420);
#3535 = PRESENTATION_STYLE_ASSIGNMENT((#3536));
#3536 = SURFACE_STYLE_USAGE(.BOTH.,#3537);
#3537 = SURFACE_SIDE_STYLE('',(#3538));
#3538 = SURFACE_STYLE_FILL_AREA(#3539);
#3539 = FILL_AREA_STYLE('',(#3540));
#3540 = FILL_AREA_STYLE_COLOUR('',#3467);
#3541 = OVER_RIDING_STYLED_ITEM('overriding color',(#3542),#1714,#3420);
#3542 = PRESENTATION_STYLE_ASSIGNMENT((#3543));
#3543 = SURFACE_STYLE_USAGE(.BOTH.,#3544);
#3544 = SURFACE_SIDE_STYLE('',(#3545));
#3545 = SURFACE_STYLE_FILL_AREA(#3546);
#3546 = FILL_AREA_STYLE('',(#3547));
#3547 = FILL_AREA_STYLE_COLOUR('',#3467);
#3548 = OVER_RIDING_STYLED_ITEM('overriding color',(#3549),#1807,#3420);
#3549 = PRESENTATION_STYLE_ASSIGNMENT((#3550));
#3550 = SURFACE_STYLE_USAGE(.BOTH.,#3551);
#3551 = SURFACE_SIDE_STYLE('',(#3552));
#3552 = SURFACE_STYLE_FILL_AREA(#3553);
#3553 = FILL_AREA_STYLE('',(#3554));
#3554 = FILL_AREA_STYLE_COLOUR('',#3555);
#3555 = DRAUGHTING_PRE_DEFINED_COLOUR('black');
#3556 = OVER_RIDING_STYLED_ITEM('overriding color',(#3557),#1978,#3420);
#3557 = PRESENTATION_STYLE_ASSIGNMENT((#3558));
#3558 = SURFACE_STYLE_USAGE(.BOTH.,#3559);
#3559 = SURFACE_SIDE_STYLE('',(#3560));
#3560 = SURFACE_STYLE_FILL_AREA(#3561);
#3561 = FILL_AREA_STYLE('',(#3562));
#3562 = FILL_AREA_STYLE_COLOUR('',#3467);
#3563 = OVER_RIDING_STYLED_ITEM('overriding color',(#3564),#2055,#3420);
#3564 = PRESENTATION_STYLE_ASSIGNMENT((#3565));
#3565 = SURFACE_STYLE_USAGE(.BOTH.,#3566);
#3566 = SURFACE_SIDE_STYLE('',(#3567));
#3567 = SURFACE_STYLE_FILL_AREA(#3568);
#3568 = FILL_AREA_STYLE('',(#3569));
#3569 = FILL_AREA_STYLE_COLOUR('',#3467);
#3570 = OVER_RIDING_STYLED_ITEM('overriding color',(#3571),#2088,#3420);
#3571 = PRESENTATION_STYLE_ASSIGNMENT((#3572));
#3572 = SURFACE_STYLE_USAGE(.BOTH.,#3573);
#3573 = SURFACE_SIDE_STYLE('',(#3574));
#3574 = SURFACE_STYLE_FILL_AREA(#3575);
#3575 = FILL_AREA_STYLE('',(#3576));
#3576 = FILL_AREA_STYLE_COLOUR('',#3467);
#3577 = OVER_RIDING_STYLED_ITEM('overriding color',(#3578),#2172,#3420);
#3578 = PRESENTATION_STYLE_ASSIGNMENT((#3579));
#3579 = SURFACE_STYLE_USAGE(.BOTH.,#3580);
#3580 = SURFACE_SIDE_STYLE('',(#3581));
#3581 = SURFACE_STYLE_FILL_AREA(#3582);
#3582 = FILL_AREA_STYLE('',(#3583));
#3583 = FILL_AREA_STYLE_COLOUR('',#3467);
#3584 = OVER_RIDING_STYLED_ITEM('overriding color',(#3585),#2210,#3420);
#3585 = PRESENTATION_STYLE_ASSIGNMENT((#3586));
#3586 = SURFACE_STYLE_USAGE(.BOTH.,#3587);
#3587 = SURFACE_SIDE_STYLE('',(#3588));
#3588 = SURFACE_STYLE_FILL_AREA(#3589);
#3589 = FILL_AREA_STYLE('',(#3590));
#3590 = FILL_AREA_STYLE_COLOUR('',#3467);
#3591 = OVER_RIDING_STYLED_ITEM('overriding color',(#3592),#2293,#3420);
#3592 = PRESENTATION_STYLE_ASSIGNMENT((#3593));
#3593 = SURFACE_STYLE_USAGE(.BOTH.,#3594);
#3594 = SURFACE_SIDE_STYLE('',(#3595));
#3595 = SURFACE_STYLE_FILL_AREA(#3596);
#3596 = FILL_AREA_STYLE('',(#3597));
#3597 = FILL_AREA_STYLE_COLOUR('',#3467);
#3598 = OVER_RIDING_STYLED_ITEM('overriding color',(#3599),#2390,#3420);
#3599 = PRESENTATION_STYLE_ASSIGNMENT((#3600));
#3600 = SURFACE_STYLE_USAGE(.BOTH.,#3601);
#3601 = SURFACE_SIDE_STYLE('',(#3602));
#3602 = SURFACE_STYLE_FILL_AREA(#3603);
#3603 = FILL_AREA_STYLE('',(#3604));
#3604 = FILL_AREA_STYLE_COLOUR('',#3605);
#3605 = COLOUR_RGB('',0.666666687201,0.333333345507,0.);
#3606 = OVER_RIDING_STYLED_ITEM('overriding color',(#3607),#2561,#3420);
#3607 = PRESENTATION_STYLE_ASSIGNMENT((#3608));
#3608 = SURFACE_STYLE_USAGE(.BOTH.,#3609);
#3609 = SURFACE_SIDE_STYLE('',(#3610));
#3610 = SURFACE_STYLE_FILL_AREA(#3611);
#3611 = FILL_AREA_STYLE('',(#3612));
#3612 = FILL_AREA_STYLE_COLOUR('',#3467);
#3613 = OVER_RIDING_STYLED_ITEM('overriding color',(#3614),#2638,#3420);
#3614 = PRESENTATION_STYLE_ASSIGNMENT((#3615));
#3615 = SURFACE_STYLE_USAGE(.BOTH.,#3616);
#3616 = SURFACE_SIDE_STYLE('',(#3617));
#3617 = SURFACE_STYLE_FILL_AREA(#3618);
#3618 = FILL_AREA_STYLE('',(#3619));
#3619 = FILL_AREA_STYLE_COLOUR('',#3467);
#3620 = OVER_RIDING_STYLED_ITEM('overriding color',(#3621),#2726,#3420);
#3621 = PRESENTATION_STYLE_ASSIGNMENT((#3622));
#3622 = SURFACE_STYLE_USAGE(.BOTH.,#3623);
#3623 = SURFACE_SIDE_STYLE('',(#3624));
#3624 = SURFACE_STYLE_FILL_AREA(#3625);
#3625 = FILL_AREA_STYLE('',(#3626));
#3626 = FILL_AREA_STYLE_COLOUR('',#3605);
#3627 = OVER_RIDING_STYLED_ITEM('overriding color',(#3628),#2733,#3420);
#3628 = PRESENTATION_STYLE_ASSIGNMENT((#3629));
#3629 = SURFACE_STYLE_USAGE(.BOTH.,#3630);
#3630 = SURFACE_SIDE_STYLE('',(#3631));
#3631 = SURFACE_STYLE_FILL_AREA(#3632);
#3632 = FILL_AREA_STYLE('',(#3633));
#3633 = FILL_AREA_STYLE_COLOUR('',#3467);
#3634 = OVER_RIDING_STYLED_ITEM('overriding color',(#3635),#2893,#3420);
#3635 = PRESENTATION_STYLE_ASSIGNMENT((#3636));
#3636 = SURFACE_STYLE_USAGE(.BOTH.,#3637);
#3637 = SURFACE_SIDE_STYLE('',(#3638));
#3638 = SURFACE_STYLE_FILL_AREA(#3639);
#3639 = FILL_AREA_STYLE('',(#3640));
#3640 = FILL_AREA_STYLE_COLOUR('',#3438);
#3641 = OVER_RIDING_STYLED_ITEM('overriding color',(#3642),#3001,#3420);
#3642 = PRESENTATION_STYLE_ASSIGNMENT((#3643));
#3643 = SURFACE_STYLE_USAGE(.BOTH.,#3644);
#3644 = SURFACE_SIDE_STYLE('',(#3645));
#3645 = SURFACE_STYLE_FILL_AREA(#3646);
#3646 = FILL_AREA_STYLE('',(#3647));
#3647 = FILL_AREA_STYLE_COLOUR('',#3438);
#3648 = OVER_RIDING_STYLED_ITEM('overriding color',(#3649),#3277,#3420);
#3649 = PRESENTATION_STYLE_ASSIGNMENT((#3650));
#3650 = SURFACE_STYLE_USAGE(.BOTH.,#3651);
#3651 = SURFACE_SIDE_STYLE('',(#3652));
#3652 = SURFACE_STYLE_FILL_AREA(#3653);
#3653 = FILL_AREA_STYLE('',(#3654));
#3654 = FILL_AREA_STYLE_COLOUR('',#3438);
#3655 = OVER_RIDING_STYLED_ITEM('overriding color',(#3656),#3307,#3420);
#3656 = PRESENTATION_STYLE_ASSIGNMENT((#3657));
#3657 = SURFACE_STYLE_USAGE(.BOTH.,#3658);
#3658 = SURFACE_SIDE_STYLE('',(#3659));
#3659 = SURFACE_STYLE_FILL_AREA(#3660);
#3660 = FILL_AREA_STYLE('',(#3661));
#3661 = FILL_AREA_STYLE_COLOUR('',#3438);
#3662 = OVER_RIDING_STYLED_ITEM('overriding color',(#3663),#3315,#3420);
#3663 = PRESENTATION_STYLE_ASSIGNMENT((#3664));
#3664 = SURFACE_STYLE_USAGE(.BOTH.,#3665);
#3665 = SURFACE_SIDE_STYLE('',(#3666));
#3666 = SURFACE_STYLE_FILL_AREA(#3667);
#3667 = FILL_AREA_STYLE('',(#3668));
#3668 = FILL_AREA_STYLE_COLOUR('',#3467);
#3669 = OVER_RIDING_STYLED_ITEM('overriding color',(#3670),#3343,#3420);
#3670 = PRESENTATION_STYLE_ASSIGNMENT((#3671));
#3671 = SURFACE_STYLE_USAGE(.BOTH.,#3672);
#3672 = SURFACE_SIDE_STYLE('',(#3673));
#3673 = SURFACE_STYLE_FILL_AREA(#3674);
#3674 = FILL_AREA_STYLE('',(#3675));
#3675 = FILL_AREA_STYLE_COLOUR('',#3467);
#3676 = OVER_RIDING_STYLED_ITEM('overriding color',(#3677),#3350,#3420);
#3677 = PRESENTATION_STYLE_ASSIGNMENT((#3678));
#3678 = SURFACE_STYLE_USAGE(.BOTH.,#3679);
#3679 = SURFACE_SIDE_STYLE('',(#3680));
#3680 = SURFACE_STYLE_FILL_AREA(#3681);
#3681 = FILL_AREA_STYLE('',(#3682));
#3682 = FILL_AREA_STYLE_COLOUR('',#3555);
#3683 = OVER_RIDING_STYLED_ITEM('overriding color',(#3684),#3357,#3420);
#3684 = PRESENTATION_STYLE_ASSIGNMENT((#3685));
#3685 = SURFACE_STYLE_USAGE(.BOTH.,#3686);
#3686 = SURFACE_SIDE_STYLE('',(#3687));
#3687 = SURFACE_STYLE_FILL_AREA(#3688);
#3688 = FILL_AREA_STYLE('',(#3689));
#3689 = FILL_AREA_STYLE_COLOUR('',#3533);
#3690 = OVER_RIDING_STYLED_ITEM('overriding color',(#3691),#3364,#3420);
#3691 = PRESENTATION_STYLE_ASSIGNMENT((#3692));
#3692 = SURFACE_STYLE_USAGE(.BOTH.,#3693);
#3693 = SURFACE_SIDE_STYLE('',(#3694));
#3694 = SURFACE_STYLE_FILL_AREA(#3695);
#3695 = FILL_AREA_STYLE('',(#3696));
#3696 = FILL_AREA_STYLE_COLOUR('',#3525);
#3697 = OVER_RIDING_STYLED_ITEM('overriding color',(#3698),#3371,#3420);
#3698 = PRESENTATION_STYLE_ASSIGNMENT((#3699));
#3699 = SURFACE_STYLE_USAGE(.BOTH.,#3700);
#3700 = SURFACE_SIDE_STYLE('',(#3701));
#3701 = SURFACE_STYLE_FILL_AREA(#3702);
#3702 = FILL_AREA_STYLE('',(#3703));
#3703 = FILL_AREA_STYLE_COLOUR('',#3489);
#3704 = OVER_RIDING_STYLED_ITEM('overriding color',(#3705),#3378,#3420);
#3705 = PRESENTATION_STYLE_ASSIGNMENT((#3706));
#3706 = SURFACE_STYLE_USAGE(.BOTH.,#3707);
#3707 = SURFACE_SIDE_STYLE('',(#3708));
#3708 = SURFACE_STYLE_FILL_AREA(#3709);
#3709 = FILL_AREA_STYLE('',(#3710));
#3710 = FILL_AREA_STYLE_COLOUR('',#3467);
#3711 = OVER_RIDING_STYLED_ITEM('overriding color',(#3712),#3406,#3420);
#3712 = PRESENTATION_STYLE_ASSIGNMENT((#3713));
#3713 = SURFACE_STYLE_USAGE(.BOTH.,#3714);
#3714 = SURFACE_SIDE_STYLE('',(#3715));
#3715 = SURFACE_STYLE_FILL_AREA(#3716);
#3716 = FILL_AREA_STYLE('',(#3717));
#3717 = FILL_AREA_STYLE_COLOUR('',#3467);
ENDSEC;
END-ISO-10303-21;
